Exercise,Difficulty Level,Target Muscle Group,Prime Mover Muscle,Secondary Muscle,Tertiary Muscle,Primary Equipment
Stability Ball Dead Bug,Beginner,Abdominals,Rectus Abdominis,,,Stability Ball
Bodyweight Glute Bridge,Beginner,Glutes,Gluteus Maximus,,,Bodyweight
Bodyweight Bird Dog,Beginner,Abdominals,Rectus Abdominis,,,Bodyweight
Stability Ball Russian Twist,Beginner,Abdominals,Obliques,Rectus Abdominis,,Stability Ball
Stability Ball Feet Elevated Crunch,Beginner,Abdominals,Rectus Abdominis,,,Stability Ball
Ring Hanging Knee Raise,Intermediate,Abdominals,Rectus Abdominis,Iliopsoas,Rectus Femoris,Gymnastic Rings
Parallette Mountain Climber,Novice,Abdominals,Rectus Abdominis,,,Parallette Bars
Parallette Push Up,Novice,Chest,Pectoralis Major,Triceps Brachii,,Parallette Bars
Bodyweight Knee Hover Bird Dog,Intermediate,Abdominals,Rectus Abdominis,,,Bodyweight
Stability Ball V Up Pass,Novice,Abdominals,Rectus Abdominis,,,Stability Ball
Bodyweight Dead Bug,Beginner,Abdominals,Rectus Abdominis,,,Bodyweight
Bodyweight Alternating Heel Taps,Beginner,Abdominals,Obliques,Rectus Abdominis,,Bodyweight
Bodyweight Flutter Kicks,Beginner,Abdominals,Rectus Abdominis,,,Bodyweight
Bodyweight Kneeling Forearm Plank,Beginner,Abdominals,Rectus Abdominis,,,Bodyweight
Bodyweight Seated Ab Circles,Novice,Abdominals,Rectus Abdominis,,,Bodyweight
Ring Hanging Oblique Knee Raise,Intermediate,Abdominals,Obliques,Rectus Abdominis,,Gymnastic Rings
Stability Ball Stir The Pot,Novice,Abdominals,Rectus Abdominis,,,Stability Ball
Bodyweight Alternating Side Kick Through,Intermediate,Abdominals,Rectus Abdominis,,,Bodyweight
Ring L Sit Hang Flutter Kicks,Intermediate,Abdominals,Rectus Abdominis,,,Gymnastic Rings
Slam Ball Russian Twist,Intermediate,Abdominals,Obliques,Rectus Abdominis,,Slam Ball
Dumbbell Otis Up,Novice,Abdominals,Rectus Abdominis,,,Dumbbell
Single Arm Dumbbell Side Plank Reach Through,Advanced,Abdominals,Obliques,Rectus Abdominis,,Dumbbell
Ab Wheel Kneeling Rollout,Novice,Abdominals,Rectus Abdominis,,,Ab Wheel
Cable Seated Crunch,Novice,Abdominals,Rectus Abdominis,,,Cable
Cable Kneeling Crunch,Novice,Abdominals,Rectus Abdominis,,,Cable
Medicine Ball V Up,Novice,Abdominals,Rectus Abdominis,,,Medicine Ball
Suspension Knee Tuck,Novice,Abdominals,Rectus Abdominis,,,Suspension Trainer
Suspension Lateral Knee Tuck,Intermediate,Abdominals,Rectus Abdominis,,,Suspension Trainer
Bodyweight Push Up to Alternating Kick Through,Intermediate,Chest,Pectoralis Major,Rectus Abdominis,,Bodyweight
Single Arm Dumbbell Turkish Get Up,Intermediate,Abdominals,Obliques,Rectus Abdominis,,Dumbbell
Bodyweight Bear Crawl,Novice,Abdominals,Rectus Abdominis,,,Bodyweight
Stability Ball Knee Tuck,Novice,Abdominals,Rectus Abdominis,,,Stability Ball
Ring Hanging Leg Raise,Advanced,Abdominals,Rectus Abdominis,,,Gymnastic Rings
Parallette L Sit,Advanced,Abdominals,Rectus Abdominis,,,Parallette Bars
Bodyweight Standing Walkout Plank,Intermediate,Abdominals,Rectus Abdominis,,,Bodyweight
Bodyweight Standing Walkout Push Up,Intermediate,Chest,Pectoralis Major,Rectus Abdominis,,Bodyweight
Barbell Climb,Expert,Abdominals,Rectus Abdominis,,,Barbell
Bodyweight Ipsilateral Bird Dog,Expert,Abdominals,Rectus Abdominis,,,Bodyweight
Bodyweight Copenhagen Plank Knee to Elbow,Advanced,Adductors,Adductor Magnus,,,Bodyweight
Ring Dead Hang,Beginner,Back,Latissimus Dorsi,,,Gymnastic Rings
Suspension Archer Row,Novice,Shoulders,Posterior Deltoids,,,Suspension Trainer
Ring Eccentric Pull Up,Novice,Back,Latissimus Dorsi,,,Gymnastic Rings
Ring Pull Up,Intermediate,Back,Latissimus Dorsi,,,Gymnastic Rings
Ring Eccentric Chin Up,Novice,Biceps,Biceps Brachii,Latissimus Dorsi,,Gymnastic Rings
Miniband Fire Hydrant,Beginner,Glutes,Gluteus Maximus,Gluteus Medius,Gluteus Minimus,Miniband
Medicine Ball Russian Twist,Novice,Abdominals,Obliques,Rectus Abdominis,,Medicine Ball
Bodyweight Side Plank,Novice,Abdominals,Obliques,Rectus Abdominis,,Bodyweight
Cable Reverse Crunch,Intermediate,Abdominals,Rectus Abdominis,,,Cable
Cable Rope Half Kneeling High to Low Chop,Intermediate,Abdominals,Obliques,Rectus Abdominis,,Cable
Cable Rope Half Kneeling Low to High Chop,Intermediate,Abdominals,Obliques,Rectus Abdominis,,Cable
Slider Double Kettlebell Bottoms Up Overhead Lateral Lunge,Advanced,Adductors,Adductor Magnus,,,Sliders
Cable Rope Staggered Stance High to Low Chop,Intermediate,Abdominals,Obliques,Rectus Abdominis,,Cable
Cable Rope Staggered Stance Low to High Chop,Intermediate,Abdominals,Obliques,Rectus Abdominis,,Cable
Single Arm Dumbbell Windmill,Intermediate,Abdominals,Obliques,,,Dumbbell
Slider Double Kettlebell Bottoms Up Front Rack Lateral Lunge,Intermediate,Adductors,Adductor Magnus,,,Sliders
Slider Double Kettlebell Front Rack Lateral Lunge,Novice,Adductors,Adductor Magnus,,,Sliders
Bodyweight Feet On Wall Mountain Climber,Advanced,Abdominals,Rectus Abdominis,,,Bodyweight
Slider Double Kettlebell Suitcase Reverse Lunge,Novice,Quadriceps,Quadriceps Femoris,Gluteus Maximus,Biceps Femoris,Sliders
Bodyweight Hollow Body Hold,Novice,Abdominals,Rectus Abdominis,,,Bodyweight
Dumbbell Crush Grip Hollow Body Hold,Intermediate,Abdominals,Rectus Abdominis,,,Dumbbell
Bar Inverted Hanging Crunch,Expert,Abdominals,Rectus Abdominis,,,Pull Up Bar
Bodyweight Inverted Hanging Oblique Crunch,Expert,Abdominals,Obliques,,,Bodyweight
Slider Double Kettlebell Front Rack Reverse Lunge,Novice,Quadriceps,Quadriceps Femoris,Gluteus Maximus,Biceps Femoris,Sliders
Bodyweight Supine Alternating Single Leg Raise,Beginner,Abdominals,Rectus Abdominis,,,Bodyweight
Bodyweight Supine Leg Raise,Novice,Abdominals,Rectus Abdominis,,,Bodyweight
Miniband Bicycle Crunch,Novice,Abdominals,Obliques,Rectus Abdominis,,Miniband
Bodyweight Side Plank Reach Through,Novice,Abdominals,Obliques,Rectus Abdominis,,Bodyweight
Bodyweight Sit Up,Novice,Abdominals,Rectus Abdominis,,,Bodyweight
Bodyweight Butterfly Sit Up,Intermediate,Abdominals,Rectus Abdominis,,,Bodyweight
Slider Mountain Climber,Novice,Abdominals,Rectus Abdominis,,,Sliders
Slider Pike,Advanced,Abdominals,Rectus Abdominis,,,Sliders
Stability Ball Pike,Advanced,Abdominals,Rectus Abdominis,,,Stability Ball
Slider Wide Mountain Climber,Intermediate,Abdominals,Rectus Abdominis,,,Sliders
Stability Ball Crunch,Beginner,Abdominals,Rectus Abdominis,,,Stability Ball
Stability Ball Feet Elevated Oblique Crunch,Beginner,Abdominals,Obliques,,,Stability Ball
Stability Ball Kneeling Rollout,Beginner,Abdominals,Rectus Abdominis,,,Stability Ball
Stability Ball Single Leg Knee Tuck,Advanced,Abdominals,Rectus Abdominis,,,Stability Ball
Stability Ball Single Leg Pike,Expert,Abdominals,Rectus Abdominis,,,Stability Ball
Parallette Kneeling Push Up,Beginner,Chest,Pectoralis Major,,,Parallette Bars
Slider Double Kettlebell Overhead Reverse Lunge,Intermediate,Quadriceps,Quadriceps Femoris,Gluteus Maximus,Biceps Femoris,Sliders
Double Dumbbell Romanian Deadlift,Beginner,Hamstrings,Biceps Femoris,Gluteus Maximus,,Dumbbell
Single Arm Dumbbell Side Plank,Intermediate,Abdominals,Obliques,Rectus Abdominis,,Dumbbell
Bodyweight Single Leg Glute Bridge,Novice,Glutes,Gluteus Maximus,,,Bodyweight
Dumbbell Glute Bridge,Beginner,Glutes,Gluteus Maximus,,,Dumbbell
Bodyweight Glute Bridge Isometric with Alternating Single Leg Extension,Beginner,Glutes,Gluteus Maximus,,,Bodyweight
Miniband Side Lying Clamshell,Beginner,Glutes,Gluteus Maximus,Gluteus Medius,Gluteus Minimus,Miniband
Miniband Ankle Side Lying Hip Abduction,Beginner,Abductors,Gluteus Medius,Gluteus Minimus,Tensor Fasciae Latae,Miniband
Miniband Bench Seated Hip Abduction,Beginner,Abductors,Gluteus Medius,Gluteus Minimus,Tensor Fasciae Latae,Miniband
Miniband Glute Bridge with Hip Abduction,Beginner,Glutes,Gluteus Maximus,Gluteus Medius,,Miniband
Stability Ball Hip Thrust,Beginner,Glutes,Gluteus Maximus,,,Stability Ball
Stability Ball Dumbbell Hip Thrust,Beginner,Glutes,Gluteus Maximus,,,Stability Ball
Bodyweight Frog Pump,Beginner,Glutes,Gluteus Maximus,,,Bodyweight
Dumbbell Frog Pump,Beginner,Glutes,Gluteus Maximus,,,Dumbbell
Cable Glute Kickback,Novice,Glutes,Gluteus Maximus,,,Cable
Bodyweight Single Leg Foot Elevated Glute Bridge,Novice,Glutes,Gluteus Maximus,,,Bodyweight
Suspension Feet Elevated Glute Bridge,Novice,Glutes,Gluteus Maximus,,,Suspension Trainer
Miniband Thigh Lateral Walk,Beginner,Abductors,Gluteus Medius,Gluteus Minimus,Tensor Fasciae Latae,Miniband
Miniband Ankle Lateral Walk,Novice,Abductors,Gluteus Medius,Gluteus Minimus,Tensor Fasciae Latae,Miniband
Miniband Feet Lateral Walk,Intermediate,Abductors,Gluteus Medius,Gluteus Minimus,Tensor Fasciae Latae,Miniband
Miniband Standing Glute Kickback,Novice,Glutes,Gluteus Maximus,,,Miniband
Barbell Hip Thrust,Novice,Glutes,Gluteus Maximus,,,Barbell
Barbell Single Leg Hip Thrust,Intermediate,Glutes,Gluteus Maximus,,,Barbell
Stability Ball Single Leg Foot Elevated Glute Bridge,Intermediate,Glutes,Gluteus Maximus,,,Stability Ball
Miniband Standing Hip Abduction,Novice,Abductors,Gluteus Medius,Gluteus Minimus,Tensor Fasciae Latae,Miniband
Miniband 3-Way Cha Cha,Beginner,Abductors,Gluteus Medius,Gluteus Minimus,Tensor Fasciae Latae,Miniband
Slider Single Arm Kettlebell Suitcase Contralateral Reverse Lunge,Novice,Quadriceps,Quadriceps Femoris,Gluteus Maximus,Biceps Femoris,Sliders
Cable Hip Abduction,Novice,Abductors,Gluteus Medius,Gluteus Minimus,Tensor Fasciae Latae,Cable
Miniband Wall Sit Hip Abduction,Novice,Quadriceps,Quadriceps Femoris,Gluteus Medius,,Miniband
Slider Barbell Overhead Lateral Lunge,Advanced,Adductors,Adductor Magnus,,,Sliders
Stability Ball T's Y's I's,Beginner,Shoulders,Posterior Deltoids,,,Stability Ball
Resistance Band Reverse Fly,Beginner,Shoulders,Posterior Deltoids,,,Resistance Band
Resistance Band Lateral Raise,Beginner,Shoulders,Medial Deltoids,,,Resistance Band
Double Dumbbell Lateral Raise,Beginner,Shoulders,Medial Deltoids,,,Dumbbell
Single Arm Resistance Band Standing Shoulder External Rotation,Beginner,Shoulders,Posterior Deltoids,Infraspinatus,Teres Minor,Resistance Band
Double Dumbbell Seated Lateral Raise,Beginner,Shoulders,Medial Deltoids,,,Dumbbell
Bodyweight Pike Push Up,Intermediate,Shoulders,Anterior Deltoids,Triceps Brachii,,Bodyweight
Single Arm Dumbbell Side Lying Shoulder External Rotation,Beginner,Shoulders,Posterior Deltoids,Infraspinatus,Teres Minor,Dumbbell
Single Arm Dumbbell Seated Shoulder External Rotation,Novice,Shoulders,Posterior Deltoids,Infraspinatus,Teres Minor,Dumbbell
Miniband Standing Shoulder External Rotation,Beginner,Shoulders,Posterior Deltoids,Infraspinatus,Teres Minor,Miniband
Double Dumbbell Seated Cuban Rotation,Novice,Shoulders,Posterior Deltoids,Infraspinatus,Teres Minor,Dumbbell
Double Dumbbell Standing Cuban Rotation,Novice,Shoulders,Posterior Deltoids,Infraspinatus,Teres Minor,Dumbbell
Single Arm Cable Half Kneeling Contralateral Shoulder External Rotation 90 Degrees,Novice,Shoulders,Posterior Deltoids,Infraspinatus,Teres Minor,Cable
Single Arm Dumbbell Side Lying Shoulder Internal Rotation,Beginner,Shoulders,Subscapularis,Teres Major,,Dumbbell
Parallette Feet Elevated Pike Push Up,Intermediate,Shoulders,Anterior Deltoids,Triceps Brachii,,Parallette Bars
Barbell Thruster,Intermediate,Shoulders,Anterior Deltoids,Quadriceps Femoris,,Barbell
Parallette Wall Supported Handstand Push Up,Expert,Shoulders,Anterior Deltoids,Triceps Brachii,,Parallette Bars
Barbell Sots Press,Intermediate,Shoulders,Anterior Deltoids,Triceps Brachii,,Barbell
Single Arm Dumbbell V Sit Overhead Press,Intermediate,Shoulders,Anterior Deltoids,Triceps Brachii,Rectus Abdominis,Dumbbell
Double Dumbbell Z Press,Novice,Shoulders,Anterior Deltoids,Triceps Brachii,,Dumbbell
Single Arm Dumbbell Z Press,Intermediate,Shoulders,Anterior Deltoids,Triceps Brachii,,Dumbbell
Stability Ball Double Dumbbell Seated Arnold Press,Beginner,Shoulders,Anterior Deltoids,Triceps Brachii,,Stability Ball
Single Arm Dumbbell Half Kneeling Contralateral Overhead Press,Novice,Shoulders,Anterior Deltoids,Triceps Brachii,Rectus Abdominis,Dumbbell
Single Arm Cable Lateral Raise,Beginner,Shoulders,Medial Deltoids,,,Cable
Double Dumbbell Thruster,Novice,Shoulders,Anterior Deltoids,Quadriceps Femoris,,Dumbbell
Single Arm Dumbbell Thruster,Novice,Shoulders,Anterior Deltoids,Quadriceps Femoris,,Dumbbell
Parallette Freestanding Handstand Push Up,Master,Shoulders,Anterior Deltoids,Triceps Brachii,,Parallette Bars
Double Dumbbell Seated Overhead Press,Beginner,Shoulders,Anterior Deltoids,Triceps Brachii,,Dumbbell
Double Dumbbell Overhead Press,Beginner,Shoulders,Anterior Deltoids,Triceps Brachii,,Dumbbell
Single Arm Dumbbell Overhead Carry,Intermediate,Shoulders,Anterior Deltoids,Obliques,,Dumbbell
Bodyweight Freestanding Handstand Push Up,Master,Shoulders,Anterior Deltoids,Triceps Brachii,,Bodyweight
Barbell Shrug,Novice,Trapezius,Upper Trapezius,,,Barbell
Double Dumbbell Shrug,Beginner,Trapezius,Upper Trapezius,,,Dumbbell
Cable Face Pull,Novice,Shoulders,Posterior Deltoids,Infraspinatus,Teres Minor,Cable
Cable Seated Face Pull,Novice,Shoulders,Posterior Deltoids,Infraspinatus,Teres Minor,Cable
Double Dumbbell Standing Scaption,Beginner,Shoulders,Serratus Anterior,,,Dumbbell
Double Dumbbell Seated Scaption,Beginner,Shoulders,Serratus Anterior,,,Dumbbell
Stability Ball Double Dumbbell Seated Scaption,Beginner,Shoulders,Serratus Anterior,,,Stability Ball
Cable Single Leg Standing Bent Knee Hip External Rotation,Novice,Glutes,Gluteus Maximus,Gluteus Medius,Gluteus Minimus,Cable
Cable Hip External Rotation,Novice,Glutes,Gluteus Maximus,Gluteus Medius,Gluteus Minimus,Cable
Alternating Double Dumbbell Bicep Curl,Beginner,Biceps,Biceps Brachii,Brachialis,Brachioradialis,Dumbbell
Alternating Double Dumbbell Incline Bench Bicep Curl,Beginner,Biceps,Biceps Brachii,Brachialis,Brachioradialis,Dumbbell
Alternating Double Dumbbell Hammer Curl,Beginner,Biceps,Biceps Brachii,Brachialis,Brachioradialis,Dumbbell
Alternating Double Dumbbell Cross Body Hammer Curl,Beginner,Biceps,Biceps Brachii,Brachialis,Brachioradialis,Dumbbell
Cable Guillotine Curl,Novice,Biceps,Biceps Brachii,Brachialis,Brachioradialis,Cable
Cable Supine Bicep Curl,Novice,Biceps,Biceps Brachii,Brachialis,Brachioradialis,Cable
Single Arm Dumbbell Incline Bench Preacher Curl,Beginner,Biceps,Biceps Brachii,Brachialis,Brachioradialis,Dumbbell
Dumbbell Crush Grip Bicep Curl,Beginner,Biceps,Biceps Brachii,Brachialis,Brachioradialis,Dumbbell
Double Dumbbell Zottman Curl,Beginner,Biceps,Biceps Brachii,Brachialis,Brachioradialis,Dumbbell
Dumbbell Waiter Curl,Beginner,Biceps,Biceps Brachii,Brachialis,Brachioradialis,Dumbbell
High Cable Straight Bar Bicep Curl,Novice,Biceps,Biceps Brachii,Brachialis,Brachioradialis,Cable
Cable Straight Bar Drag Curl,Beginner,Biceps,Biceps Brachii,Brachialis,Brachioradialis,Cable
Double Dumbbell Spider Curl,Novice,Biceps,Biceps Brachii,Brachialis,Brachioradialis,Dumbbell
EZ Bar Spider Curl,Novice,Biceps,Biceps Brachii,Brachialis,Brachioradialis,EZ Bar
Parallette Side Plank,Intermediate,Abdominals,Obliques,Rectus Abdominis,,Parallette Bars
Parallette Feet Elevated Push Up,Intermediate,Chest,Pectoralis Major,Triceps Brachii,,Parallette Bars
Stability Ball Cable Preacher Curl,Novice,Biceps,Biceps Brachii,Brachialis,Brachioradialis,Stability Ball
Single Arm Dumbbell Standing Concentration Curl,Novice,Biceps,Biceps Brachii,Brachialis,Brachioradialis,Dumbbell
Reverse Barbell Curl,Novice,Forearms,Brachioradialis,Biceps Brachii,Brachialis,Barbell
EZ Bar Wide Grip Bicep Curl,Novice,Biceps,Biceps Brachii,Brachialis,Brachioradialis,EZ Bar
Cable Rope Hammer Curl,Beginner,Biceps,Biceps Brachii,Brachialis,Brachioradialis,Cable
Single Arm Cable Standing High Bicep Curl,Novice,Biceps,Biceps Brachii,Brachialis,Brachioradialis,Cable
Suspension Bicep Curl,Beginner,Biceps,Biceps Brachii,Brachialis,Brachioradialis,Suspension Trainer
Double Dumbbell Tricep Kickback,Beginner,Triceps,Triceps Brachii,,,Dumbbell
EZ Bar Seated Overhead Tricep Extension,Novice,Triceps,Triceps Brachii,,,EZ Bar
EZ Bar Standing Overhead Tricep Extension,Novice,Triceps,Triceps Brachii,,,EZ Bar
Dumbbell Seated Overhead Tricep Extension,Beginner,Triceps,Triceps Brachii,,,Dumbbell
Dumbbell Overhead Tricep Extension,Beginner,Triceps,Triceps Brachii,,,Dumbbell
Bodyweight Diamond Push Up,Novice,Triceps,Triceps Brachii,Pectoralis Major,Anterior Deltoids,Bodyweight
Double Dumbbell Close Grip Floor Press,Beginner,Triceps,Triceps Brachii,Pectoralis Major,Anterior Deltoids,Dumbbell
Double Dumbbell Close Grip Bench Press,Beginner,Triceps,Triceps Brachii,Pectoralis Major,Anterior Deltoids,Dumbbell
Double Dumbbell Close Grip Incline Bench Press,Beginner,Triceps,Triceps Brachii,Pectoralis Major,Anterior Deltoids,Dumbbell
EZ Bar Lying Tricep Extension,Novice,Triceps,Triceps Brachii,,,EZ Bar
Stability Ball Feet Elevated Diamond Push Up,Intermediate,Triceps,Triceps Brachii,Pectoralis Major,Anterior Deltoids,Stability Ball
Bodyweight Tricep Extension,Intermediate,Triceps,Triceps Brachii,,,Bodyweight
Cable Rope Overhead Tricep Extension,Novice,Triceps,Triceps Brachii,,,Cable
Cable Rope Tricep Pushdown,Beginner,Triceps,Triceps Brachii,,,Cable
Ring Dips,Advanced,Triceps,Triceps Brachii,Rectus Abdominis,,Gymnastic Rings
Single Arm Cable Reverse Grip Tricep Pushdown,Novice,Triceps,Triceps Brachii,,,Cable
Double Dumbbell Suitcase Carry,Beginner,Forearms,Brachioradialis,,,Dumbbell
Barbell Seated Wrist Curl,Intermediate,Forearms,Brachioradialis,,,Barbell
EZ Bar Reverse Grip Bicep Curl,Novice,Forearms,Brachioradialis,Biceps Brachii,Brachialis,EZ Bar
Barbell Incline Push Up,Beginner,Chest,Pectoralis Major,Triceps Brachii,Anterior Deltoids,Barbell
Bodyweight Kneeling Push Up,Beginner,Chest,Pectoralis Major,Triceps Brachii,Anterior Deltoids,Bodyweight
Suspension Push Up,Beginner,Chest,Pectoralis Major,Triceps Brachii,Anterior Deltoids,Suspension Trainer
Suspension Chest Fly,Beginner,Chest,Pectoralis Major,,,Suspension Trainer
Double Dumbbell Glute Bridge Isometric Floor Press,Novice,Chest,Pectoralis Major,Triceps Brachii,Anterior Deltoids,Dumbbell
Stability Ball Single Arm Dumbbell Chest Press,Novice,Chest,Pectoralis Major,Triceps Brachii,Anterior Deltoids,Dumbbell
Stability Ball Double Dumbbell Chest Fly,Beginner,Chest,Pectoralis Major,,,Stability Ball
Bodyweight Burpee,Intermediate,Chest,Pectoralis Major,Triceps Brachii,Anterior Deltoids,Bodyweight
Double Dumbbell Devil Press,Advanced,Shoulders,Anterior Deltoids,Pectoralis Major,,Dumbbell
Alternating Single Arm Dumbbell Devil Press,Advanced,Shoulders,Anterior Deltoids,Pectoralis Major,,Dumbbell
Single Arm Dumbbell Hollow Body Chest Press,Intermediate,Chest,Pectoralis Major,Triceps Brachii,Anterior Deltoids,Dumbbell
Bodyweight Plate Plyometric Push Up,Intermediate,Chest,Pectoralis Major,Triceps Brachii,Anterior Deltoids,Bodyweight
Stability Ball Dumbbell Pullover,Beginner,Back,Latissimus Dorsi,Pectoralis Major,Triceps Brachii,Stability Ball
Double Dumbbell Incline Bench Chest Fly,Beginner,Chest,Pectoralis Major,,,Dumbbell
Bodyweight Single Arm Push Up,Advanced,Chest,Pectoralis Major,Triceps Brachii,Anterior Deltoids,Bodyweight
Bodyweight Aztec Push Up,Advanced,Chest,Pectoralis Major,Triceps Brachii,Anterior Deltoids,Bodyweight
Single Arm Ring Grip Push Up,Master,Chest,Pectoralis Major,Triceps Brachii,Anterior Deltoids,Gymnastic Rings
Bodyweight Rolling Squat Burpee,Advanced,Chest,Pectoralis Major,Triceps Brachii,Anterior Deltoids,Bodyweight
Ring Grip Push Up,Expert,Chest,Pectoralis Major,Triceps Brachii,Anterior Deltoids,Gymnastic Rings
Suspension Low Row,Beginner,Back,Latissimus Dorsi,,,Suspension Trainer
Suspension Mid Row,Beginner,Back,Latissimus Dorsi,,,Suspension Trainer
Suspension Face Pull,Novice,Shoulders,Posterior Deltoids,Infraspinatus,Teres Minor,Suspension Trainer
Cable V Grip Seated Low Row,Beginner,Back,Latissimus Dorsi,,,Cable
Landmine V Grip Row,Novice,Back,Latissimus Dorsi,,,Landmine
Single Arm Landmine Row,Novice,Back,Latissimus Dorsi,,,Landmine
Slider Single Arm Kettlebell Suitcase Ipsilateral Reverse Lunge,Novice,Quadriceps,Quadriceps Femoris,Gluteus Maximus,Biceps Femoris,Sliders
Slider Single Arm Kettlebell Front Rack Contralateral Reverse Lunge,Novice,Quadriceps,Quadriceps Femoris,Gluteus Maximus,Biceps Femoris,Sliders
Superband Assisted Bar Wide Grip Pull Up,Novice,Back,Latissimus Dorsi,,,Superband
Resistance Band Half Kneeling Face Pull,Beginner,Shoulders,Posterior Deltoids,Infraspinatus,Teres Minor,Resistance Band
Single Arm Dumbbell Single Leg Contralateral Bent Over Row,Intermediate,Back,Latissimus Dorsi,Rhomboids,Posterior Deltoids,Dumbbell
Stability Ball Prone Cobra,Novice,Back,Erector Spinae,,,Stability Ball
Bodyweight Prone Cobra,Beginner,Back,Erector Spinae,,,Bodyweight
Double Dumbbell Pendlay Row,Novice,Back,Latissimus Dorsi,,,Dumbbell
Double Dumbbell Single Leg Bent Over Row,Intermediate,Back,Latissimus Dorsi,Rhomboids,Posterior Deltoids,Dumbbell
Cable Straight Bar Pullover,Novice,Back,Latissimus Dorsi,,,Cable
Single Arm Dumbbell Bird Dog Row,Intermediate,Back,Latissimus Dorsi,Rectus Abdominis,,Dumbbell
Single Arm Cable Half Kneeling Lat Pulldown,Novice,Back,Latissimus Dorsi,,,Cable
Single Arm Cable Half Kneeling Low Row,Novice,Back,Latissimus Dorsi,,,Cable
Single Arm Suspension Low Row,Novice,Back,Latissimus Dorsi,Biceps Brachii,,Suspension Trainer
Single Arm Dumbbell Suitcase Deadlift,Novice,Back,Latissimus Dorsi,Obliques,,Dumbbell
Slider Single Arm Kettlebell Front Rack Ipsilateral Reverse Lunge,Novice,Quadriceps,Quadriceps Femoris,Gluteus Maximus,Biceps Femoris,Sliders
Double Dumbbell Incline Bench Prone Row,Novice,Back,Latissimus Dorsi,,,Dumbbell
Ring Archer Pull Up,Advanced,Back,Latissimus Dorsi,,,Gymnastic Rings
Double Dumbbell Renegade Row,Intermediate,Back,Latissimus Dorsi,,,Dumbbell
Barbell Conventional Deadlift,Novice,Back,Latissimus Dorsi,,,Barbell
Barbell Sumo Deadlift,Novice,Back,Latissimus Dorsi,Gluteus Maximus,Biceps Femoris,Barbell
Barbell Rack Pull,Novice,Back,Latissimus Dorsi,,,Barbell
Barbell Snatch Grip Deadlift,Intermediate,Back,Latissimus Dorsi,,,Barbell
Barbell Pendlay Row,Novice,Back,Latissimus Dorsi,,,Barbell
Stability Ball Hyperextension,Novice,Back,Erector Spinae,,,Stability Ball
Barbell Seated Good Morning,Intermediate,Back,Erector Spinae,,,Barbell
Barbell Good Morning,Intermediate,Back,Erector Spinae,,,Barbell
Bodyweight Wall Sit,Beginner,Quadriceps,Quadriceps Femoris,Gluteus Maximus,,Bodyweight
Bodyweight Wall Slide Squat,Beginner,Quadriceps,Quadriceps Femoris,Gluteus Maximus,,Bodyweight
Stability Ball Wall Slide Squat,Beginner,Quadriceps,Quadriceps Femoris,Gluteus Maximus,,Stability Ball
Suspension Squat,Beginner,Quadriceps,Quadriceps Femoris,Gluteus Maximus,,Suspension Trainer
Suspension Alternating Reverse Lunge,Beginner,Quadriceps,Quadriceps Femoris,Gluteus Maximus,Biceps Femoris,Suspension Trainer
Bodyweight Squat to Bench,Beginner,Quadriceps,Quadriceps Femoris,Gluteus Maximus,,Bodyweight
Bodyweight Squat,Beginner,Quadriceps,Quadriceps Femoris,Gluteus Maximus,,Bodyweight
Bodyweight Hand Assisted Split Squat,Beginner,Quadriceps,Quadriceps Femoris,Gluteus Maximus,,Bodyweight
Bodyweight Walking Lunge,Beginner,Quadriceps,Quadriceps Femoris,Gluteus Maximus,,Bodyweight
Dumbbell Goblet Squat,Beginner,Quadriceps,Quadriceps Femoris,Gluteus Maximus,,Dumbbell
Miniband Romanian Deadlift,Beginner,Hamstrings,Biceps Femoris,Gluteus Maximus,,Miniband
Superband Resisted Skater Jump,Intermediate,Abductors,Gluteus Medius,Gluteus Maximus,,Superband
Cable Prone Single Leg Hamstring Curl,Beginner,Hamstrings,Biceps Femoris,Gluteus Maximus,,Cable
Bodyweight Candlestick Roll Up Tuck Jump,Intermediate,Glutes,Gluteus Maximus,,,Bodyweight
Barbell Bench Press,Novice,Chest,Pectoralis Major,Triceps Brachii,Anterior Deltoids,Barbell
Barbell Bicep Curl,Novice,Biceps,Biceps Brachii,Brachialis,Brachioradialis,Barbell
Barbell Block Pull Deadlift,Novice,Back,Latissimus Dorsi,,,Barbell
Barbell Box Back Squat,Novice,Quadriceps,Quadriceps Femoris,Gluteus Maximus,,Barbell
Barbell Deficit Deadlift,Intermediate,Back,Latissimus Dorsi,,,Barbell
Barbell Front Rack Squat,Intermediate,Quadriceps,Quadriceps Femoris,Gluteus Maximus,,Barbell
Barbell Glute Bridge,Novice,Glutes,Gluteus Maximus,,,Barbell
Barbell Halting Deadlift,Novice,Back,Latissimus Dorsi,,,Barbell
Barbell High Bar Back Squat,Novice,Quadriceps,Quadriceps Femoris,Gluteus Maximus,,Barbell
Barbell Low Bar Back Squat,Intermediate,Quadriceps,Quadriceps Femoris,Gluteus Maximus,Biceps Femoris,Barbell
Barbell Overhead Press,Novice,Shoulders,Anterior Deltoids,Triceps Brachii,,Barbell
Barbell Power Clean,Expert,Glutes,Gluteus Maximus,Biceps Femoris,,Barbell
Barbell Power Snatch,Expert,Glutes,Gluteus Maximus,Anterior Deltoids,,Barbell
Barbell Push Press,Novice,Shoulders,Anterior Deltoids,Triceps Brachii,,Barbell
Barbell Romanian Deadlift,Novice,Hamstrings,Biceps Femoris,Gluteus Maximus,,Barbell
Barbell Bent Over Row,Novice,Back,Latissimus Dorsi,Rhomboids,Posterior Deltoids,Barbell
Barbell Back Rack Split Squat,Novice,Quadriceps,Quadriceps Femoris,Gluteus Maximus,,Barbell
Barbell Stiff Legged Deadlift,Novice,Hamstrings,Biceps Femoris,Gluteus Maximus,,Barbell
Barbell Sumo Back Squat,Novice,Glutes,Gluteus Maximus,Quadriceps Femoris,,Barbell
Bodyweight Pistol Squat,Advanced,Quadriceps,Quadriceps Femoris,Gluteus Maximus,,Bodyweight
Bodyweight Skater Squat,Intermediate,Quadriceps,Quadriceps Femoris,Gluteus Maximus,,Bodyweight
Cable Pull Through,Beginner,Glutes,Gluteus Maximus,,,Cable
Double Dumbbell Suitcase Bulgarian Split Squat,Intermediate,Quadriceps,Quadriceps Femoris,Gluteus Maximus,,Dumbbell
Double Dumbbell Suitcase Box Step Up,Novice,Quadriceps,Quadriceps Femoris,Gluteus Maximus,,Dumbbell
Double Dumbbell Suitcase Deficit Split Squat,Novice,Quadriceps,Quadriceps Femoris,Gluteus Maximus,,Dumbbell
Double Dumbbell Suitcase Alternating Forward Lunge,Novice,Quadriceps,Quadriceps Femoris,Gluteus Maximus,,Dumbbell
Double Dumbbell Suitcase Alternating Reverse Lunge,Novice,Quadriceps,Quadriceps Femoris,Gluteus Maximus,Biceps Femoris,Dumbbell
Double Dumbbell Seated Reverse Fly,Beginner,Shoulders,Posterior Deltoids,,,Dumbbell
Double Dumbbell Suitcase Split Squat,Novice,Quadriceps,Quadriceps Femoris,Gluteus Maximus,,Dumbbell
Double Dumbbell Front Rack Alternating Box Step Up,Novice,Quadriceps,Quadriceps Femoris,Gluteus Maximus,,Dumbbell
Bodyweight Face the Wall Squat,Beginner,Quadriceps,Quadriceps Femoris,Gluteus Maximus,,Bodyweight
Bodyweight Feet Elevated Glute Bridge,Novice,Glutes,Gluteus Maximus,,,Bodyweight
Slider Single Arm Kettlebell Bottoms Up Front Rack Contralateral Reverse Lunge,Intermediate,Quadriceps,Quadriceps Femoris,Gluteus Maximus,Biceps Femoris,Sliders
Slider Single Arm Kettlebell Bottoms Up Front Rack Ipsilateral Reverse Lunge,Intermediate,Quadriceps,Quadriceps Femoris,Gluteus Maximus,Biceps Femoris,Sliders
Slider Single Arm Kettlebell Overhead Contralateral Reverse Lunge,Intermediate,Quadriceps,Quadriceps Femoris,Gluteus Maximus,Biceps Femoris,Sliders
Slider Single Arm Kettlebell Overhead Ipsilateral Reverse Lunge,Intermediate,Quadriceps,Quadriceps Femoris,Gluteus Maximus,Biceps Femoris,Sliders
Slider Single Arm Kettlebell Bottoms Up Overhead Contralateral Reverse Lunge,Advanced,Quadriceps,Quadriceps Femoris,Gluteus Maximus,Biceps Femoris,Sliders
Slider Single Arm Kettlebell Bottoms Up Overhead Ipsilateral Reverse Lunge,Advanced,Quadriceps,Quadriceps Femoris,Gluteus Maximus,Biceps Femoris,Sliders
Slider Kettlebell Goblet Reverse Lunge,Novice,Quadriceps,Quadriceps Femoris,Gluteus Maximus,Biceps Femoris,Sliders
Miniband Thigh Monster Walk,Beginner,Abductors,Gluteus Medius,Gluteus Minimus,Tensor Fasciae Latae,Miniband
Bodyweight Quadruped Hip Extension,Beginner,Glutes,Gluteus Maximus,,,Bodyweight
Suspension Pistol Squat,Intermediate,Quadriceps,Quadriceps Femoris,Gluteus Maximus,,Suspension Trainer
Suspension Skater Squat,Novice,Quadriceps,Quadriceps Femoris,Gluteus Maximus,,Suspension Trainer
Bodyweight Tuck Jump,Novice,Quadriceps,Quadriceps Femoris,Gluteus Maximus,,Bodyweight
Bodyweight Alternating Single Leg Wall Sit,Novice,Quadriceps,Quadriceps Femoris,Gluteus Maximus,,Bodyweight
Bodyweight Single Leg Romanian Deadlift Jump,Intermediate,Hamstrings,Biceps Femoris,Gluteus Maximus,,Bodyweight
Double Dumbbell Overhead Walking Lunge,Intermediate,Quadriceps,Quadriceps Femoris,Gluteus Maximus,,Dumbbell
Stability Ball Double Dumbbell Suitcase Bulgarian Split Squat,Intermediate,Quadriceps,Quadriceps Femoris,Gluteus Maximus,,Stability Ball
Bodyweight Leg Extension,Novice,Quadriceps,Quadriceps Femoris,,,Bodyweight
Bodyweight Alternating Lateral Bench Jump,Novice,Glutes,Gluteus Maximus,,,Bodyweight
Single Arm Dumbbell Front Rack Squat,Novice,Quadriceps,Quadriceps Femoris,Gluteus Maximus,,Dumbbell
Bodyweight Skater Jump,Intermediate,Abductors,Gluteus Medius,Adductor Magnus,,Bodyweight
Slider Single Arm Dumbbell Front Rack Contralateral Reverse Lunge,Novice,Quadriceps,Quadriceps Femoris,Gluteus Maximus,Biceps Femoris,Sliders
Cable Prone Bench Hamstring Curl,Novice,Hamstrings,Biceps Femoris,Gluteus Maximus,,Cable
Bodyweight Bulgarian Split Squat Jump,Intermediate,Quadriceps,Quadriceps Femoris,,,Bodyweight
Cable Standing Single Leg Hamstring Curl,Novice,Hamstrings,Biceps Femoris,Gluteus Maximus,,Cable
Bodyweight Nordic Hamstring Curl,Advanced,Hamstrings,Biceps Femoris,Gluteus Maximus,,Bodyweight
Superband Assisted Pistol Squat,Intermediate,Quadriceps,Quadriceps Femoris,Gluteus Maximus,,Superband
Slider Double Kettlebell Bottoms Up Front Rack Reverse Lunge,Intermediate,Quadriceps,Quadriceps Femoris,Gluteus Maximus,Biceps Femoris,Sliders
Double Dumbbell Front Rack Squat,Novice,Quadriceps,Quadriceps Femoris,Gluteus Maximus,,Dumbbell
Double Dumbbell Suitcase Walking Lunge,Novice,Quadriceps,Quadriceps Femoris,Gluteus Maximus,,Dumbbell
Barbell Back Rack Walking Lunge,Intermediate,Quadriceps,Quadriceps Femoris,Gluteus Maximus,,Barbell
Bodyweight Box Pistol Squat,Novice,Quadriceps,Quadriceps Femoris,Gluteus Maximus,,Bodyweight
Barbell Overhead Squat,Intermediate,Quadriceps,Quadriceps Femoris,Gluteus Maximus,,Barbell
Slider Double Kettlebell Bottoms Up Overhead Reverse Lunge,Advanced,Quadriceps,Quadriceps Femoris,Gluteus Maximus,Biceps Femoris,Sliders
Landmine Goblet Squat,Novice,Quadriceps,Quadriceps Femoris,Gluteus Maximus,,Landmine
Stability Ball Hamstring Curl,Novice,Hamstrings,Biceps Femoris,Gluteus Maximus,,Stability Ball
Slider Hamstring Curl,Novice,Hamstrings,Biceps Femoris,Gluteus Maximus,,Sliders
Bodyweight Hamstring Walkout,Novice,Hamstrings,Biceps Femoris,Gluteus Maximus,,Bodyweight
Slider Dumbbell Goblet Reverse Lunge,Novice,Quadriceps,Quadriceps Femoris,Gluteus Maximus,Biceps Femoris,Sliders
Bodyweight Dragon Squat,Expert,Quadriceps,Quadriceps Femoris,Gluteus Maximus,,Bodyweight
Single Arm Dumbbell Front Rack Ipsilateral Cossack Squat to Overhead Press,Intermediate,Shoulders,Anterior Deltoids,Quadriceps Femoris,Adductor Magnus,Dumbbell
Stability Ball Single Leg Hamstring Curl,Intermediate,Hamstrings,Biceps Femoris,Gluteus Maximus,,Stability Ball
Barbell Single Leg Romanian Deadlift,Intermediate,Hamstrings,Biceps Femoris,Gluteus Maximus,,Barbell
Double Dumbbell Suitcase Lateral Lunge,Novice,Quadriceps,Quadriceps Femoris,Gluteus Maximus,,Dumbbell
Barbell Zombie Walking Lunge,Advanced,Quadriceps,Quadriceps Femoris,Gluteus Maximus,,Barbell
Barbell Overhead Walking Lunge,Expert,Quadriceps,Quadriceps Femoris,Gluteus Maximus,,Barbell
Barbell Squat Clean,Expert,Quadriceps,Quadriceps Femoris,Gluteus Maximus,,Barbell
Single Arm Landmine Split Clean to Split Jerk,Expert,Shoulders,Anterior Deltoids,Triceps Brachii,,Landmine
Single Arm Landmine Hack Squat,Intermediate,Quadriceps,Quadriceps Femoris,Gluteus Maximus,,Landmine
Single Arm Landmine Shoulder Press,Intermediate,Shoulders,Anterior Deltoids,,,Landmine
Alternating Single Arm Landmine Shoulder Press,Intermediate,Shoulders,Anterior Deltoids,,,Landmine
Single Arm Landmine Half Kneeling Shoulder Press,Intermediate,Shoulders,Anterior Deltoids,,,Landmine
Single Arm Landmine Tall Kneeling Shoulder Press,Intermediate,Shoulders,Anterior Deltoids,,,Landmine
Single Arm Landmine Meadows Row,Novice,Back,Latissimus Dorsi,,,Landmine
Single Arm Landmine Z Press,Intermediate,Shoulders,Anterior Deltoids,,,Landmine
Barbell Z Press,Intermediate,Shoulders,Anterior Deltoids,Triceps Brachii,,Barbell
Landmine Half Kneeling Oblique Twist,Intermediate,Abdominals,Obliques,,,Landmine
Cable Straight Bar Seated Bicep Curl,Novice,Biceps,Biceps Brachii,Brachialis,Brachioradialis,Cable
Single Arm Dumbbell Seated Concentration Curl,Beginner,Biceps,Biceps Brachii,Brachialis,Brachioradialis,Dumbbell
Alternating Double Dumbbell Seated Bicep Curl,Beginner,Biceps,Biceps Brachii,Brachialis,Brachioradialis,Dumbbell
Single Arm Suspension Bicep Curl,Intermediate,Biceps,Biceps Brachii,Brachialis,Brachioradialis,Suspension Trainer
Stability Ball Single Arm Plank,Expert,Abdominals,Rectus Abdominis,,,Stability Ball
Stability Ball Feet Elevated Single Arm Plank,Expert,Abdominals,Rectus Abdominis,,,Stability Ball
Landmine Zercher Skater Squat,Intermediate,Quadriceps,Quadriceps Femoris,Gluteus Maximus,,Landmine
Single Arm Landmine Front Rack Contralateral Reverse Lunge to Shoulder Press,Intermediate,Shoulders,Anterior Deltoids,Triceps Brachii,,Landmine
Landmine Thruster,Novice,Shoulders,Anterior Deltoids,Quadriceps Femoris,,Landmine
Landmine Romanian Deadlift,Novice,Hamstrings,Biceps Femoris,Gluteus Maximus,,Landmine
Landmine Single Leg Romanian Deadlift,Intermediate,Hamstrings,Biceps Femoris,Gluteus Maximus,,Landmine
Landmine Tall Kneeling Oblique Twist,Intermediate,Abdominals,Obliques,Rectus Abdominis,,Landmine
Landmine Feet Elevated Russian Twist,Intermediate,Abdominals,Obliques,Rectus Abdominis,,Landmine
Single Arm Landmine Thruster,Intermediate,Shoulders,Anterior Deltoids,Quadriceps Femoris,,Landmine
Cable Tall Kneeling Overhead Tricep Extension,Novice,Triceps,Triceps Brachii,,,Cable
Cable Rope Bench Skull Crusher,Novice,Triceps,Triceps Brachii,,,Cable
Barbell Power Clean to Overhead Press,Expert,Shoulders,Anterior Deltoids,Triceps Brachii,,Barbell
Single Arm Dumbbell Seated Cuban Press,Novice,Shoulders,Posterior Deltoids,Infraspinatus,Teres Minor,Dumbbell
Landmine Zercher Curtsy Lunge,Intermediate,Quadriceps,Quadriceps Femoris,Gluteus Maximus,,Landmine
Barbell Back Rack Alternating Cossack Squat,Intermediate,Quadriceps,Quadriceps Femoris,Adductor Magnus,Gluteus Maximus,Barbell
Barbell Front Rack Alternating Cossack Squat,Intermediate,Quadriceps,Quadriceps Femoris,Adductor Magnus,Gluteus Maximus,Barbell
Slider Double Kettlebell Overhead Lateral Lunge,Intermediate,Adductors,Adductor Magnus,,,Sliders
Dumbbell Goblet Alternating Cossack Squat,Novice,Quadriceps,Quadriceps Femoris,Adductor Magnus,Gluteus Maximus,Dumbbell
Bodyweight Alternating Cossack Squat,Beginner,Quadriceps,Quadriceps Femoris,Adductor Magnus,Gluteus Maximus,Bodyweight
Bodyweight Knee Over Toe Split Squat,Beginner,Quadriceps,Quadriceps Femoris,Gluteus Maximus,,Bodyweight
Barbell Back Rack Knee Over Toe Split Squat,Intermediate,Quadriceps,Quadriceps Femoris,Gluteus Maximus,,Barbell
Barbell Front Rack Knee Over Toe Split Squat,Intermediate,Quadriceps,Quadriceps Femoris,Gluteus Maximus,,Barbell
Barbell Overhead Knee Over Toe Split Squat,Advanced,Quadriceps,Quadriceps Femoris,Gluteus Maximus,,Barbell
Single Arm Barbell Overhead Press,Expert,Shoulders,Anterior Deltoids,Triceps Brachii,,Barbell
Barbell Single Leg Bent Knee Bicep Curl,Advanced,Biceps,Biceps Brachii,Brachialis,Brachioradialis,Barbell
Slider Knee Tuck,Novice,Abdominals,Rectus Abdominis,,,Sliders
Bodyweight Wall Facing Handstand,Novice,Shoulders,Anterior Deltoids,Triceps Brachii,,Bodyweight
Bodyweight Freestanding Handstand,Advanced,Shoulders,Anterior Deltoids,Triceps Brachii,,Bodyweight
Suspension Atomic Push Up,Intermediate,Chest,Pectoralis Major,Rectus Abdominis,,Suspension Trainer
Suspension Pike,Intermediate,Abdominals,Rectus Abdominis,,,Suspension Trainer
Suspension Side Plank Reach Through,Advanced,Abdominals,Obliques,Rectus Abdominis,,Suspension Trainer
Bodyweight Cocoon Crunch,Intermediate,Abdominals,Rectus Abdominis,,,Bodyweight
Ab Wheel Standing Rollout,Expert,Abdominals,Rectus Abdominis,,,Ab Wheel
Cable Fire Hydrant,Novice,Glutes,Gluteus Maximus,Gluteus Medius,Gluteus Minimus,Cable
Cable Tall Kneeling Pull Through,Novice,Glutes,Gluteus Maximus,,,Cable
Stability Ball Bent Knee Reverse Hyperextension,Novice,Glutes,Gluteus Maximus,,,Stability Ball
Bodyweight Bench Bent Knee Reverse Hyperextension,Novice,Glutes,Gluteus Maximus,,,Bodyweight
Parallette Tuck L Sit,Intermediate,Abdominals,Rectus Abdominis,,,Parallette Bars
Parallette Close Grip Push Up,Novice,Triceps,Triceps Brachii,Pectoralis Major,,Parallette Bars
Parallette Feet Elevated Close Grip Push Up,Intermediate,Chest,Triceps Brachii,Pectoralis Major,,Parallette Bars
Parallette Single Leg L Sit,Intermediate,Abdominals,Rectus Abdominis,,,Parallette Bars
Stability Ball Bottoms Up,Intermediate,Abdominals,Rectus Abdominis,,,Stability Ball
Stability Ball Windshield Wiper,Novice,Abdominals,Obliques,Rectus Abdominis,,Stability Ball
Stability Ball Tall Kneeling Balance,Intermediate,Abdominals,Rectus Abdominis,,,Stability Ball
Stability Ball Oblique Crunch,Beginner,Abdominals,Obliques,,,Stability Ball
Stability Ball Elbow Plank,Novice,Abdominals,Rectus Abdominis,,,Stability Ball
Slider Double Kettlebell Suitcase Lateral Lunge,Novice,Adductors,Adductor Magnus,,,Sliders
Slider Kettlebell Horn Grip Lateral Lunge,Novice,Adductors,Adductor Magnus,,,Sliders
Single Arm Dumbbell Turkish Sit Up,Intermediate,Abdominals,Rectus Abdominis,,,Dumbbell
Single Arm Landmine Turkish Sit Up,Intermediate,Abdominals,Rectus Abdominis,,,Landmine
Double Kettlebell Front Rack Cyclist Squat,Novice,Quadriceps,Quadriceps Femoris,Gluteus Maximus,,Kettlebell
Double Dumbbell Turkish Sit Up,Intermediate,Abdominals,Rectus Abdominis,,,Dumbbell
Single Arm Kettlebell Front Rack Cyclist Squat,Novice,Quadriceps,Quadriceps Femoris,Gluteus Maximus,,Kettlebell
Single Arm Kettlebell Overhead Cyclist Squat,Intermediate,Quadriceps,Quadriceps Femoris,Gluteus Maximus,,Kettlebell
Double Dumbbell Front Rack Alternating Cossack Squat,Novice,Quadriceps,Quadriceps Femoris,Adductor Magnus,Gluteus Maximus,Dumbbell
Kettlebell Horn Grip Cyclist Squat,Novice,Quadriceps,Quadriceps Femoris,Gluteus Maximus,,Kettlebell
Kettlebell Bottoms Up Horn Grip Cyclist Squat,Novice,Quadriceps,Quadriceps Femoris,Gluteus Maximus,,Kettlebell
Single Arm Kettlebell Bottoms Up Front Rack Cyclist Squat,Intermediate,Quadriceps,Quadriceps Femoris,Gluteus Maximus,,Kettlebell
Double Kettlebell Overhead Cyclist Squat,Intermediate,Quadriceps,Quadriceps Femoris,Gluteus Maximus,,Kettlebell
Double Kettlebell Bottoms Up Overhead Cyclist Squat,Advanced,Quadriceps,Quadriceps Femoris,Gluteus Maximus,,Kettlebell
Double Kettlebell Bottoms Up Front Rack Cyclist Squat,Intermediate,Quadriceps,Quadriceps Femoris,Gluteus Maximus,,Kettlebell
Single Arm Kettlebell Bottoms Up Overhead Cyclist Squat,Advanced,Quadriceps,Quadriceps Femoris,Gluteus Maximus,,Kettlebell
Bodyweight Archer Push Up,Intermediate,Chest,Pectoralis Major,,,Bodyweight
Parallette Archer Push Up,Intermediate,Chest,Pectoralis Major,,,Parallette Bars
Parallette Wide Push Up,Novice,Chest,Pectoralis Major,,,Parallette Bars
Double Dumbbell Suitcase Knee Over Toe Split Squat,Novice,Quadriceps,Quadriceps Femoris,Gluteus Maximus,,Dumbbell
Alternating Double Dumbbell Front Raise,Beginner,Shoulders,Anterior Deltoids,Pectoralis Major,Biceps Brachii,Dumbbell
Barbell Front Raise,Novice,Shoulders,Anterior Deltoids,Pectoralis Major,Biceps Brachii,Barbell
Single Arm Cable Front Raise,Novice,Shoulders,Anterior Deltoids,Pectoralis Major,Biceps Brachii,Cable
Cable Straight Bar Front Raise,Novice,Shoulders,Anterior Deltoids,Pectoralis Major,Biceps Brachii,Cable
Cable Half Kneeling Pallof Press,Novice,Abdominals,Obliques,Rectus Abdominis,,Cable
Single Arm Kettlebell Cyclist Thruster,Novice,Shoulders,Anterior Deltoids,Quadriceps Femoris,,Kettlebell
Double Kettlebell Cyclist Thruster,Novice,Shoulders,Anterior Deltoids,Quadriceps Femoris,,Kettlebell
Alternating Double Kettlebell Cyclist Thruster,Novice,Shoulders,Anterior Deltoids,Quadriceps Femoris,,Kettlebell
Single Arm Kettlebell Bottoms Up Cyclist Thruster,Intermediate,Shoulders,Anterior Deltoids,Quadriceps Femoris,,Kettlebell
Double Kettlebell Bottoms Up Cyclist Thruster,Intermediate,Shoulders,Anterior Deltoids,Quadriceps Femoris,,Kettlebell
Alternating Double Kettlebell Bottoms Up Cyclist Thruster,Intermediate,Shoulders,Anterior Deltoids,Quadriceps Femoris,,Kettlebell
Barbell Kneeling Rollout,Intermediate,Abdominals,Rectus Abdominis,,,Barbell
Barbell Close Grip Bench Press,Novice,Triceps,Triceps Brachii,Pectoralis Major,,Barbell
Single Arm Suspension Push Up,Intermediate,Chest,Pectoralis Major,Triceps Brachii,Rectus Abdominis,Suspension Trainer
Cable Tall Kneeling Pallof Press,Novice,Abdominals,Obliques,Rectus Abdominis,,Cable
Single Arm Cable Bicep Curl,Novice,Biceps,Biceps Brachii,Brachialis,Brachioradialis,Cable
Single Arm Cable Shotgun Row,Novice,Back,Latissimus Dorsi,Biceps Brachii,,Cable
Barbell Hang Power Clean,Intermediate,Glutes,Gluteus Maximus,,,Barbell
Landmine Goblet Alternating Cossack Squat,Intermediate,Quadriceps,Quadriceps Femoris,Adductor Magnus,Gluteus Maximus,Landmine
Landmine Low Hold Alternating Cossack Squat,Intermediate,Quadriceps,Quadriceps Femoris,Adductor Magnus,Gluteus Maximus,Landmine
Ring Shoulder Stand,Expert,Shoulders,Anterior Deltoids,Triceps Brachii,Rectus Abdominis,Gymnastic Rings
Ring Strap Handstand,Expert,Shoulders,Anterior Deltoids,Triceps Brachii,Rectus Abdominis,Gymnastic Rings
Ring Handstand,Expert,Shoulders,Anterior Deltoids,Triceps Brachii,Rectus Abdominis,Gymnastic Rings
Ring Bulgarian Handstand Push Up,Master,Shoulders,Anterior Deltoids,Triceps Brachii,,Gymnastic Rings
Ring Strap Handstand Push Up,Expert,Shoulders,Anterior Deltoids,Triceps Brachii,,Gymnastic Rings
Ring Freestanding Handstand Push Up,Master,Shoulders,Anterior Deltoids,Triceps Brachii,,Gymnastic Rings
Bodyweight Bent Arm Press Handstand,Master,Shoulders,Anterior Deltoids,Triceps Brachii,,Bodyweight
Parallette L Sit to Bent Arm Press Handstand,Master,Shoulders,Anterior Deltoids,Triceps Brachii,,Parallette Bars
Bodyweight Chest Roll to Straight Body Press Handstand,Master,Shoulders,Anterior Deltoids,Triceps Brachii,,Bodyweight
Ring Bent Arm Bent Body Press Handstand,Master,Shoulders,Anterior Deltoids,Triceps Brachii,,Gymnastic Rings
Ring Dip to Handstand,Master,Triceps,Triceps Brachii,Anterior Deltoids,,Gymnastic Rings
Ring Handstand to Elbow Lever to Handstand,Master,Shoulders,Anterior Deltoids,Triceps Brachii,,Gymnastic Rings
Ring Dip Straight Body Press to Handstand,Master,Shoulders,Anterior Deltoids,Triceps Brachii,,Gymnastic Rings
Bodyweight Wall Eccentric Straddle Press Handstand,Advanced,Shoulders,Anterior Deltoids,Triceps Brachii,,Bodyweight
Bodyweight Straddle Press Handstand,Expert,Shoulders,Anterior Deltoids,Triceps Brachii,,Bodyweight
Bodyweight Pike Press Handstand,Expert,Shoulders,Anterior Deltoids,Triceps Brachii,,Bodyweight
Parallette L Sit to Straddle Press Handstand,Expert,Shoulders,Anterior Deltoids,Triceps Brachii,,Parallette Bars
Parallette L Sit to Pike Press Handstand,Expert,Shoulders,Anterior Deltoids,Triceps Brachii,Rectus Abdominis,Parallette Bars
Ring Straight Arm L Sit Straddle Press Handstand,Master,Shoulders,Anterior Deltoids,Triceps Brachii,,Gymnastic Rings
Ring Straight Arm Pike Press Handstand,Master,Shoulders,Anterior Deltoids,Triceps Brachii,,Gymnastic Rings
Bodyweight Tuck L Sit,Advanced,Abdominals,Rectus Abdominis,,,Bodyweight
Parallette Straddle L Sit,Advanced,Abdominals,Rectus Abdominis,,,Parallette Bars
Ring Turned Out L Sit,Expert,Abdominals,Rectus Abdominis,,,Gymnastic Rings
Ring Skin The Cat,Intermediate,Shoulders,Anterior Deltoids,,,Gymnastic Rings
Bodyweight Manna,Grand Master,Abdominals,Rectus Abdominis,,,Bodyweight
Ring Tuck Back Lever,Advanced,Abdominals,Rectus Abdominis,,,Gymnastic Rings
Ring Advanced Tuck Back Lever,Advanced,Abdominals,Rectus Abdominis,,,Gymnastic Rings
Ring Straddle Back Lever,Expert,Abdominals,Rectus Abdominis,,,Gymnastic Rings
Ring Half Lay Back Lever,Advanced,Abdominals,Rectus Abdominis,,,Gymnastic Rings
Ring Single Leg Out Back Lever,Advanced,Abdominals,Rectus Abdominis,,,Gymnastic Rings
Ring Full Back Lever,Expert,Abdominals,Rectus Abdominis,,,Gymnastic Rings
Ring Back Lever Pullout,Master,Abdominals,Rectus Abdominis,,,Gymnastic Rings
Ring German Hang Pullout,Master,Abdominals,Rectus Abdominis,,,Gymnastic Rings
Ring Handstand Lower to Back Lever,Master,Abdominals,Rectus Abdominis,,,Gymnastic Rings
Ring Tuck Front Lever,Advanced,Abdominals,Rectus Abdominis,,,Gymnastic Rings
Ring Advanced Tuck Front Lever,Advanced,Abdominals,Rectus Abdominis,,,Gymnastic Rings
Ring Straddle Front Lever,Advanced,Abdominals,Rectus Abdominis,,,Gymnastic Rings
Ring Half Lay Front Lever,Advanced,Abdominals,Rectus Abdominis,,,Gymnastic Rings
Ring Single Leg Out Front Lever,Advanced,Abdominals,Rectus Abdominis,,,Gymnastic Rings
Ring Full Front Lever,Expert,Abdominals,Rectus Abdominis,,,Gymnastic Rings
Ring Front Lever Pull to Inverted Hang,Expert,Abdominals,Rectus Abdominis,,,Gymnastic Rings
Ring Inverted Hang,Advanced,Abdominals,Rectus Abdominis,,,Gymnastic Rings
Single Arm Barbell Kneeling Rollout,Expert,Abdominals,Rectus Abdominis,,,Barbell
Single Arm Barbell Standing Rollout,Master,Abdominals,Rectus Abdominis,,,Barbell
Ring Circle Front Lever,Expert,Abdominals,Rectus Abdominis,,,Gymnastic Rings
Ring Tuck Front Lever Pull Up,Expert,Back,Latissimus Dorsi,,,Gymnastic Rings
Ring Advanced Tuck Front Lever Pull Up,Expert,Back,Latissimus Dorsi,,,Gymnastic Rings
Ring Straddle Front Lever Pull Up,Expert,Back,Latissimus Dorsi,,,Gymnastic Rings
Ring Dead Hang to Front Lever Pull Up,Master,Back,Latissimus Dorsi,,,Gymnastic Rings
Ring Full Front Lever Pull Up,Master,Back,Latissimus Dorsi,,,Gymnastic Rings
Ring Feet Elevated Row,Intermediate,Back,Latissimus Dorsi,Biceps Brachii,,Gymnastic Rings
Ring Feet Elevated Bulgarian Row,Intermediate,Back,Latissimus Dorsi,Biceps Brachii,,Gymnastic Rings
Ring Feet Elevated Archer Row,Intermediate,Back,Latissimus Dorsi,Biceps Brachii,,Gymnastic Rings
Single Arm Ring Feet Elevated Row,Advanced,Back,Latissimus Dorsi,Biceps Brachii,,Gymnastic Rings
Ring L Sit Pull Up,Advanced,Back,Latissimus Dorsi,Biceps Brachii,Rectus Abdominis,Gymnastic Rings
Ring Bulgarian Pull Up,Advanced,Back,Latissimus Dorsi,Biceps Brachii,,Gymnastic Rings
Ring Bulgarian L Sit Pull Up,Advanced,Back,Latissimus Dorsi,Biceps Brachii,,Gymnastic Rings
Ring Plank,Novice,Abdominals,Rectus Abdominis,,,Gymnastic Rings
Single Arm Ring Plank,Intermediate,Abdominals,Rectus Abdominis,,,Gymnastic Rings
Ring Push Up,Intermediate,Chest,Pectoralis Major,Triceps Brachii,,Gymnastic Rings
Single Arm Ring Push Up,Expert,Chest,Pectoralis Major,Triceps Brachii,,Gymnastic Rings
Ring Support Hold,Advanced,Abdominals,Rectus Abdominis,,,Gymnastic Rings
Ring Side Plank,Advanced,Abdominals,Obliques,Rectus Abdominis,,Gymnastic Rings
Ring L Sit Muscle Up,Expert,Back,Latissimus Dorsi,,,Gymnastic Rings
Ring Strict Muscle Up,Expert,Back,Latissimus Dorsi,,,Gymnastic Rings
Ring Chest Fly,Intermediate,Chest,Pectoralis Major,,,Gymnastic Rings
Single Arm Barbell Bicep Curl,Advanced,Biceps,Biceps Brachii,Brachialis,Brachioradialis,Barbell
Bodyweight Hollow Rock,Intermediate,Abdominals,Rectus Abdominis,,,Bodyweight
Single Arm Dumbbell Power Snatch,Intermediate,Glutes,Gluteus Maximus,Anterior Deltoids,,Dumbbell
Alternating Single Arm Dumbbell Power Snatch,Intermediate,Glutes,Gluteus Maximus,Anterior Deltoids,,Dumbbell
Single Arm Dumbbell Squat Snatch,Intermediate,Quadriceps,Quadriceps Femoris,Quadriceps Femoris,,Dumbbell
Alternating Single Arm Dumbbell Squat Snatch,Intermediate,Quadriceps,Quadriceps Femoris,Quadriceps Femoris,,Dumbbell
Single Arm Cable Single Leg Romanian Deadlift,Intermediate,Hamstrings,Biceps Femoris,Gluteus Maximus,,Cable
Double Kettlebell Suitcase Cyclist Squat,Novice,Quadriceps,Quadriceps Femoris,Gluteus Maximus,,Kettlebell
Single Arm Kettlebell Suitcase Cyclist Squat,Novice,Quadriceps,Quadriceps Femoris,Gluteus Maximus,,Kettlebell
Double Kettlebell Front Rack Box Step Up,Novice,Quadriceps,Quadriceps Femoris,Gluteus Maximus,,Kettlebell
Cable Wide Grip Lat Pulldown,Beginner,Back,Latissimus Dorsi,Biceps Brachii,,Cable
Cable Reverse Grip Lat Pulldown,Beginner,Back,Latissimus Dorsi,Biceps Brachii,,Cable
Cable V Grip Seated Lat Pulldown,Beginner,Back,Latissimus Dorsi,Biceps Brachii,,Cable
Cable Half Kneeling Face Pull,Novice,Shoulders,Posterior Deltoids,Infraspinatus,Teres Minor,Cable
Single Arm Landmine Split Squat Isometric Shoulder Press,Expert,Shoulders,Anterior Deltoids,,,Landmine
Double Dumbbell Seated Good Morning,Novice,Back,Erector Spinae,Biceps Femoris,Gluteus Maximus,Dumbbell
Bodyweight Hip Thrust,Beginner,Glutes,Gluteus Maximus,,,Bodyweight
Double Kettlebell Front Rack Box Pistol Squat,Intermediate,Quadriceps,Quadriceps Femoris,Gluteus Maximus,,Kettlebell
Single Arm Dumbbell Bench Press,Beginner,Chest,Pectoralis Major,Triceps Brachii,,Dumbbell
Double Dumbbell Bench Press,Beginner,Chest,Pectoralis Major,Triceps Brachii,,Dumbbell
Double Dumbbell Incline Bench Press,Beginner,Chest,Pectoralis Major,Triceps Brachii,,Dumbbell
Stability Ball Double Dumbbell W Raise,Novice,Shoulders,Posterior Deltoids,,,Stability Ball
Ring Side Plank Reach Through,Expert,Abdominals,Obliques,Rectus Abdominis,,Gymnastic Rings
Single Arm Dumbbell Overhead Contralateral Bulgarian Split Squat,Advanced,Quadriceps,Quadriceps Femoris,Gluteus Maximus,,Dumbbell
Single Arm Dumbbell Overhead Contralateral Knee Over Toe Split Squat,Intermediate,Quadriceps,Quadriceps Femoris,Gluteus Maximus,,Dumbbell
Double Kettlebell Suitcase Box Step Up,Novice,Quadriceps,Quadriceps Femoris,Gluteus Maximus,,Kettlebell
Single Arm Kettlebell Suitcase Contralateral Box Step Up,Novice,Quadriceps,Quadriceps Femoris,Gluteus Maximus,,Kettlebell
Single Arm Kettlebell Suitcase Ipsilateral Box Step Up,Novice,Quadriceps,Quadriceps Femoris,Gluteus Maximus,,Kettlebell
Single Arm Kettlebell Front Rack Contralateral Box Step Up,Novice,Quadriceps,Quadriceps Femoris,Gluteus Maximus,,Kettlebell
Single Arm Kettlebell Front Rack Ipsilateral Box Step Up,Novice,Quadriceps,Quadriceps Femoris,Gluteus Maximus,,Kettlebell
Double Kettlebell Overhead Box Step Up,Intermediate,Quadriceps,Quadriceps Femoris,Gluteus Maximus,,Kettlebell
Single Arm Kettlebell Overhead Contralateral Box Step Up,Intermediate,Quadriceps,Quadriceps Femoris,Gluteus Maximus,,Kettlebell
Single Arm Kettlebell Overhead Ipsilateral Box Step Up,Intermediate,Quadriceps,Quadriceps Femoris,Gluteus Maximus,,Kettlebell
Double Kettlebell Bottoms Up Front Rack Box Step Up,Intermediate,Quadriceps,Quadriceps Femoris,Gluteus Maximus,,Kettlebell
Single Arm Kettlebell Bottoms Up Front Rack Contralateral Box Step Up,Intermediate,Quadriceps,Quadriceps Femoris,Gluteus Maximus,,Kettlebell
Single Arm Kettlebell Bottoms Up Front Rack Ipsilateral Box Step Up,Intermediate,Quadriceps,Quadriceps Femoris,Gluteus Maximus,,Kettlebell
Double Kettlebell Bottoms Up Overhead Box Step Up,Advanced,Quadriceps,Quadriceps Femoris,Gluteus Maximus,,Kettlebell
Single Arm Kettlebell Bottoms Up Overhead Contralateral Box Step Up,Advanced,Quadriceps,Quadriceps Femoris,Gluteus Maximus,,Kettlebell
Single Arm Kettlebell Bottoms Up Overhead Ipsilateral Box Step Up,Advanced,Quadriceps,Quadriceps Femoris,Gluteus Maximus,,Kettlebell
Kettlebell Half Kneeling Low to High Chop,Intermediate,Abdominals,Obliques,Rectus Abdominis,,Kettlebell
Single Arm Kettlebell Windmill,Intermediate,Abdominals,Obliques,,,Kettlebell
Kettlebell Russian Twist,Novice,Abdominals,Obliques,Rectus Abdominis,,Kettlebell
Alternating Single Arm Kettlebell Plank Pull Through,Intermediate,Abdominals,Rectus Abdominis,Obliques,,Kettlebell
Single Arm Kettlebell Single Leg Standing Bent Knee Around The World,Intermediate,Abdominals,Rectus Abdominis,,,Kettlebell
Single Arm Kettlebell Swing,Novice,Glutes,Gluteus Maximus,Biceps Femoris,,Kettlebell
Double Kettlebell Suitcase Feet Elevated Calf Raise,Novice,Calves,Gastrocnemius,Soleus,,Kettlebell
Single Arm Kettlebell Bent Over Row,Novice,Back,Latissimus Dorsi,Rhomboids,Posterior Deltoids,Kettlebell
Double Kettlebell Gorilla Row,Novice,Back,Latissimus Dorsi,,,Kettlebell
Single Arm Kettlebell Suitcase Deadlift,Novice,Back,Latissimus Dorsi,Obliques,,Kettlebell
Single Arm Kettlebell Clean,Intermediate,Glutes,Gluteus Maximus,,,Kettlebell
Single Arm Kettlebell Clean to Overhead Press,Intermediate,Shoulders,Anterior Deltoids,Gluteus Maximus,,Kettlebell
Kettlebell Alternating Halo,Novice,Shoulders,Posterior Deltoids,Medial Deltoids,,Kettlebell
Single Arm Kettlebell Overhead Press,Novice,Shoulders,Anterior Deltoids,Triceps Brachii,,Kettlebell
Single Arm Kettlebell Snatch,Intermediate,Shoulders,Anterior Deltoids,Gluteus Maximus,,Kettlebell
Kettlebell Sumo Deadlift,Beginner,Back,Latissimus Dorsi,Gluteus Maximus,Biceps Femoris,Kettlebell
Single Arm Kettlebell Turkish Get Up,Intermediate,Abdominals,Obliques,Rectus Abdominis,,Kettlebell
Kettlebell Goblet Squat,Beginner,Quadriceps,Quadriceps Femoris,Gluteus Maximus,,Kettlebell
Single Arm Kettlebell Overhead Squat,Intermediate,Quadriceps,Quadriceps Femoris,Gluteus Maximus,,Kettlebell
Double Kettlebell Front Rack Alternating Cossack Squat,Novice,Quadriceps,Quadriceps Femoris,Adductor Magnus,Gluteus Maximus,Kettlebell
Double Kettlebell Feet Elevated Decline Push Up,Intermediate,Chest,Pectoralis Major,Triceps Brachii,,Kettlebell
Single Arm Kettlebell Turkish Sit Up,Intermediate,Abdominals,Rectus Abdominis,,,Kettlebell
Double Kettlebell Turkish Sit Up,Intermediate,Abdominals,Rectus Abdominis,,,Kettlebell
Double Kettlebell Turkish Sit Up to Z Press,Intermediate,Abdominals,Rectus Abdominis,Anterior Deltoids,,Kettlebell
Double Kettlebell Bottoms Up Front Rack Alternating Cossack Squat,Intermediate,Quadriceps,Quadriceps Femoris,Adductor Magnus,Gluteus Maximus,Kettlebell
Double Kettlebell Swing,Intermediate,Glutes,Gluteus Maximus,Biceps Femoris,,Kettlebell
Double Kettlebell Front Rack Squat,Novice,Quadriceps,Quadriceps Femoris,Gluteus Maximus,,Kettlebell
Single Arm Kettlebell Front Rack Squat,Novice,Quadriceps,Quadriceps Femoris,Gluteus Maximus,,Kettlebell
Single Arm Kettlebell Front Rack Contralateral Split Squat,Novice,Quadriceps,Quadriceps Femoris,Gluteus Maximus,,Kettlebell
Single Arm Kettlebell Front Rack Carry,Novice,Abdominals,Rectus Abdominis,,,Kettlebell
Double Kettlebell Bottoms Up Overhead Alternating Cossack Squat,Advanced,Quadriceps,Quadriceps Femoris,Adductor Magnus,Gluteus Maximus,Kettlebell
Single Arm Kettlebell Squat Clean,Intermediate,Quadriceps,Quadriceps Femoris,Gluteus Maximus,,Kettlebell
Kettlebell Horn Grip Bicep Curl,Novice,Biceps,Biceps Brachii,Brachialis,Brachioradialis,Kettlebell
Single Arm Kettlebell Bottoms Up Front Rack Carry,Intermediate,Abdominals,Rectus Abdominis,,,Kettlebell
Double Kettlebell Bottoms Up Front Rack Carry,Intermediate,Abdominals,Rectus Abdominis,,,Kettlebell
Double Kettlebell Bottoms Up Overhead Walking Lunge,Intermediate,Quadriceps,Quadriceps Femoris,Gluteus Maximus,,Kettlebell
Single Arm Kettlebell Bottoms Up Front Rack Walking Lunge,Intermediate,Quadriceps,Quadriceps Femoris,Gluteus Maximus,,Kettlebell
Single Arm Kettlebell Bottoms Up Half Kneeling Contralateral Overhead Press,Intermediate,Shoulders,Anterior Deltoids,Triceps Brachii,,Kettlebell
Double Kettlebell Single Leg Romanian Deadlift,Intermediate,Hamstrings,Biceps Femoris,Gluteus Maximus,,Kettlebell
Double Kettlebell Romanian Deadlift,Beginner,Hamstrings,Biceps Femoris,Gluteus Maximus,,Kettlebell
Single Arm Kettlebell Contralateral Single Leg Romanian Deadlift,Intermediate,Hamstrings,Biceps Femoris,Gluteus Maximus,,Kettlebell
Single Arm Kettlebell Bottoms Up Overhead Squat,Advanced,Quadriceps,Quadriceps Femoris,Gluteus Maximus,,Kettlebell
Parallette Alternating Shoulder Tap Push Up,Intermediate,Chest,Pectoralis Major,Triceps Brachii,,Parallette Bars
Parallette Tuck Planche,Advanced,Abdominals,Rectus Abdominis,Biceps Brachii,,Parallette Bars
Parallette Dive Bomber Push Up,Intermediate,Chest,Pectoralis Major,Triceps Brachii,,Parallette Bars
Bodyweight Dive Bomber Push Up,Intermediate,Chest,Pectoralis Major,Triceps Brachii,,Bodyweight
Parallette L Sit to Tuck Planche,Expert,Abdominals,Rectus Abdominis,,,Parallette Bars
Double Dumbbell Prone Row,Novice,Back,Latissimus Dorsi,,,Dumbbell
Landmine Standing Oblique Twist,Intermediate,Abdominals,Obliques,,,Landmine
Cable Rope Tall Kneeling High to Low Chop,Intermediate,Abdominals,Obliques,Rectus Abdominis,,Cable
Single Arm Parallette Plank,Intermediate,Abdominals,Rectus Abdominis,,,Parallette Bars
Single Arm Suspension Plank,Intermediate,Abdominals,Rectus Abdominis,,,Suspension Trainer
Battle Rope Russian Twist,Novice,Abdominals,Obliques,Rectus Abdominis,,Battle Ropes
Bodyweight Bird Dog Knee to Elbow,Beginner,Abdominals,Rectus Abdominis,Obliques,,Bodyweight
Slam Ball Feet Elevated Russian Twist,Intermediate,Abdominals,Obliques,Rectus Abdominis,,Slam Ball
Medicine Ball Feet Elevated Russian Twist,Novice,Abdominals,Obliques,Rectus Abdominis,,Medicine Ball
Double Kettlebell Z Press,Novice,Shoulders,Anterior Deltoids,Triceps Brachii,,Kettlebell
Bodyweight Forearm Plank Knee to Elbow,Intermediate,Abdominals,Rectus Abdominis,,,Bodyweight
Bodyweight Loaded Beast to Alternating Kick Through,Intermediate,Abdominals,Rectus Abdominis,,,Bodyweight
Ring False Grip Pull Up,Advanced,Back,Latissimus Dorsi,,,Gymnastic Rings
Double Kettlebell Clean,Intermediate,Glutes,Gluteus Maximus,,,Kettlebell
Double Kettlebell Snatch,Intermediate,Glutes,Gluteus Maximus,Anterior Deltoids,,Kettlebell
Battle Rope Feet Elevated Russian Twist,Intermediate,Abdominals,Obliques,Rectus Abdominis,,Battle Ropes
Superband Dead Bug,Novice,Abdominals,Rectus Abdominis,,,Superband
Parallette V Sit,Expert,Abdominals,Rectus Abdominis,,,Parallette Bars
Barbell Staggered Stance Push Press,Intermediate,Shoulders,Anterior Deltoids,Triceps Brachii,,Barbell
Double Kettlebell Push Press,Novice,Shoulders,Anterior Deltoids,Triceps Brachii,,Kettlebell
Double Kettlebell Split Jerk,Intermediate,Shoulders,Anterior Deltoids,Triceps Brachii,Gluteus Minimus,Kettlebell
Double Kettlebell High Pull,Intermediate,Shoulders,Posterior Deltoids,,,Kettlebell
Superband Standing Pallof Press,Beginner,Abdominals,Obliques,Rectus Abdominis,,Superband
Superband Half Kneeling Pallof Press,Novice,Abdominals,Obliques,Rectus Abdominis,,Superband
Superband Single Leg Standing Bent Knee Hip External Rotation,Novice,Glutes,Gluteus Maximus,Gluteus Medius,Gluteus Minimus,Superband
Barbell Prone Row,Novice,Back,Latissimus Dorsi,,,Barbell
Double Dumbbell Renegade Row Push Up,Intermediate,Back,Latissimus Dorsi,,,Dumbbell
Single Arm Landmine Row to Rotational Press,Intermediate,Shoulders,Anterior Deltoids,Triceps Brachii,,Landmine
Bodyweight Hand Assisted Skater Squat,Novice,Quadriceps,Quadriceps Femoris,Gluteus Maximus,,Bodyweight
Superband Pull Through,Beginner,Glutes,Gluteus Maximus,,,Superband
Miniband Quadruped Hip Extension,Beginner,Glutes,Gluteus Maximus,,,Miniband
Cable Hip Adduction,Novice,Adductors,Adductor Magnus,,,Cable
Superband Tall Kneeling Pallof Press,Novice,Abdominals,Obliques,Rectus Abdominis,,Superband
Slider Eccentric Hamstring Curl,Beginner,Hamstrings,Biceps Femoris,Gluteus Maximus,,Sliders
Landmine Low Hold Lateral Lunge,Novice,Quadriceps,Quadriceps Femoris,Gluteus Maximus,,Landmine
Double Kettlebell Sumo Deadlift,Beginner,Back,Latissimus Dorsi,Gluteus Maximus,Biceps Femoris,Kettlebell
Single Arm Dumbbell Cuban Press,Novice,Shoulders,Posterior Deltoids,Infraspinatus,Teres Minor,Dumbbell
Slider Parallette Knee Tuck,Novice,Abdominals,Rectus Abdominis,,,Sliders
Barbell Reverse Grip Front Raise,Intermediate,Shoulders,Anterior Deltoids,Pectoralis Major,,Barbell
Ring Feet Elevated Pike Push Up,Advanced,Shoulders,Anterior Deltoids,Triceps Brachii,,Gymnastic Rings
Parallette Straddle Press to Handstand,Expert,Shoulders,Anterior Deltoids,Triceps Brachii,,Parallette Bars
Ring L Sit,Advanced,Abdominals,Rectus Abdominis,,,Gymnastic Rings
Ring Tuck Back Lever with Alternating Single Leg Extensions,Advanced,Abdominals,Rectus Abdominis,,,Gymnastic Rings
Ring Tuck Front Lever with Alternating Single Leg Extensions,Advanced,Abdominals,Rectus Abdominis,,,Gymnastic Rings
Double Kettlebell Bent Over Row,Beginner,Back,Latissimus Dorsi,Rhomboids,Posterior Deltoids,Kettlebell
Double Kettlebell Bottoms Up Front Rack Squat,Intermediate,Quadriceps,Quadriceps Femoris,Gluteus Maximus,,Kettlebell
Barbell Back Rack Cyclist Squat,Intermediate,Quadriceps,Quadriceps Femoris,Gluteus Maximus,,Barbell
Gravity Boots Inverted Crunch,Advanced,Abdominals,Rectus Abdominis,,,Bodyweight
Double Kettlebell Front Rack Knee Over Toe Split Squat,Novice,Quadriceps,Quadriceps Femoris,Gluteus Maximus,,Kettlebell
Double Kettlebell Overhead Knee Over Toe Split Squat,Intermediate,Quadriceps,Quadriceps Femoris,Gluteus Maximus,,Kettlebell
Barbell Back Rack Box Step Up,Intermediate,Quadriceps,Quadriceps Femoris,Gluteus Maximus,,Barbell
Barbell Front Rack Box Step Up,Intermediate,Quadriceps,Quadriceps Femoris,Gluteus Maximus,,Barbell
Barbell Standing Rollout,Advanced,Abdominals,Rectus Abdominis,,,Barbell
Stability Ball Cable Russian Twist,Novice,Abdominals,Obliques,Rectus Abdominis,,Stability Ball
Miniband Frog Pump,Beginner,Glutes,Gluteus Maximus,,,Miniband
Miniband Knee Hover Quadruped Fire Hydrant,Advanced,Glutes,Gluteus Maximus,Gluteus Medius,Gluteus Minimus,Miniband
Bodyweight Fire Hydrant,Beginner,Glutes,Gluteus Maximus,Gluteus Medius,Gluteus Minimus,Bodyweight
Bodyweight Knee Hover Quadruped Fire Hydrant,Intermediate,Glutes,Gluteus Maximus,Gluteus Medius,Gluteus Minimus,Bodyweight
Barbell Seated Reverse Grip Wrist Curl,Intermediate,Forearms,Brachioradialis,,,Barbell
Bodyweight Seated Wall Angels,Beginner,Shoulders,Posterior Deltoids,Infraspinatus,Teres Minor,Bodyweight
Bodyweight Bent Knee Copenhagen Plank Side Raise,Intermediate,Adductors,Adductor Magnus,,,Bodyweight
Bodyweight Kneeling Side Plank,Beginner,Abdominals,Obliques,Rectus Abdominis,,Bodyweight
Bodyweight Hand Assisted Hip Airplane,Novice,Glutes,Gluteus Medius,Gluteus Minimus,,Bodyweight
Superband Single Leg Tibialis Raise,Beginner,Shins,Tibialis Anterior,,,Superband
Barbell Zercher Squat,Advanced,Quadriceps,Quadriceps Femoris,Gluteus Maximus,,Barbell
Barbell Squat Snatch,Expert,Quadriceps,Quadriceps Femoris,Quadriceps Femoris,,Barbell
Single Arm Kettlebell Push Jerk,Novice,Shoulders,Anterior Deltoids,Triceps Brachii,Gluteus Minimus,Kettlebell
Barbell Squat Clean to Split Jerk,Expert,Shoulders,Anterior Deltoids,Gluteus Maximus,,Barbell
Barbell Incline Bench Press,Novice,Chest,Pectoralis Major,Triceps Brachii,,Barbell
Barbell Hang Squat Clean to Thruster,Advanced,Shoulders,Anterior Deltoids,Quadriceps Femoris,,Barbell
Barbell Squat Clean Thruster,Advanced,Shoulders,Anterior Deltoids,Quadriceps Femoris,,Barbell
Bodyweight Copenhagen Plank,Novice,Adductors,Adductor Magnus,,,Bodyweight
Bodyweight Bent Knee Copenhagen Plank,Novice,Adductors,Adductor Magnus,,,Bodyweight
Parallette Kneeling Close Grip Push Up,Beginner,Triceps,Triceps Brachii,Pectoralis Major,,Parallette Bars
Miniband Single Leg Hip Thrust,Novice,Glutes,Gluteus Maximus,,,Miniband
Barbell Deficit Snatch Grip Deadlift,Intermediate,Back,Latissimus Dorsi,,,Barbell
Single Arm Ring Eccentric Chin Up,Expert,Biceps,Biceps Brachii,Latissimus Dorsi,,Gymnastic Rings
Bodyweight Hand Assisted Foot Elevated Knee Over Toe Split Squat,Beginner,Quadriceps,Quadriceps Femoris,Gluteus Maximus,,Bodyweight
Bodyweight Foot Elevated Knee Over Toe Split Squat,Beginner,Quadriceps,Quadriceps Femoris,Gluteus Maximus,,Bodyweight
Double Kettlebell Thruster,Novice,Shoulders,Anterior Deltoids,Quadriceps Femoris,,Kettlebell
Double Kettlebell Cossack Squat Thruster,Intermediate,Shoulders,Anterior Deltoids,Quadriceps Femoris,Adductor Magnus,Kettlebell
Double Kettlebell Alternating Cossack Squat Thruster,Intermediate,Shoulders,Anterior Deltoids,Quadriceps Femoris,Adductor Magnus,Kettlebell
Double Kettlebell Tall Kneeling Overhead Press,Novice,Shoulders,Anterior Deltoids,Triceps Brachii,,Kettlebell
Double Kettlebell Front Rack Walking Lunge,Novice,Quadriceps,Quadriceps Femoris,Gluteus Maximus,,Kettlebell
Double Kettlebell Overhead Walking Lunge,Advanced,Quadriceps,Quadriceps Femoris,Gluteus Maximus,,Kettlebell
Parallette Freestanding Handstand,Expert,Shoulders,Anterior Deltoids,,,Parallette Bars
Parallette L Sit to Handstand,Expert,Shoulders,Anterior Deltoids,,,Parallette Bars
Ring Straddle L Sit,Expert,Abdominals,Rectus Abdominis,,,Gymnastic Rings
Parallette Stalder Press to Handstand,Master,Shoulders,Anterior Deltoids,Rectus Abdominis,,Parallette Bars
Ring Gironda Sternum Chin Up,Expert,Biceps,Biceps Brachii,Latissimus Dorsi,,Gymnastic Rings
Ring Archer Push Up,Advanced,Chest,Pectoralis Major,,,Gymnastic Rings
Single Arm Ring Chin Up,Master,Biceps,Biceps Brachii,Latissimus Dorsi,,Gymnastic Rings
Ring L Sit Archer Pull Up,Expert,Back,Latissimus Dorsi,Biceps Brachii,,Gymnastic Rings
Alternating Single Arm Parallette Push Up,Intermediate,Chest,Pectoralis Major,Triceps Brachii,,Parallette Bars
Double Dumbbell Incline Bench Prone Y Raise,Novice,Shoulders,Posterior Deltoids,,,Dumbbell
Suspension Face Pull to Overhead Press,Novice,Shoulders,Posterior Deltoids,Infraspinatus,Teres Minor,Suspension Trainer
Superband Assisted Bar Muscle Up,Advanced,Back,Latissimus Dorsi,Triceps Brachii,,Superband
Stability Ball Sit Up,Beginner,Abdominals,Rectus Abdominis,,,Stability Ball
Double Kettlebell Shrug,Beginner,Trapezius,Upper Trapezius,,,Kettlebell
Double Kettlebell Squat Clean,Intermediate,Quadriceps,Quadriceps Femoris,Gluteus Maximus,,Kettlebell
Double Kettlebell Hollow Body Hold,Intermediate,Abdominals,Rectus Abdominis,,,Kettlebell
Ring Scapular Pull Up,Intermediate,Back,Latissimus Dorsi,Rhomboids,,Gymnastic Rings
Bodyweight Side Lying Hip Adduction,Beginner,Adductors,Adductor Magnus,,,Bodyweight
Superband Hollow Body Hold,Intermediate,Abdominals,Rectus Abdominis,,,Superband
Suspension Y Raise,Beginner,Shoulders,Posterior Deltoids,,,Suspension Trainer
Slider Single Leg Eccentric Hamstring Curl,Intermediate,Hamstrings,Biceps Femoris,Gluteus Maximus,,Sliders
Barbell Reverse Grip Bench Press,Intermediate,Chest,Pectoralis Major,,,Barbell
Double Dumbbell Reverse Grip Bench Press,Novice,Chest,Pectoralis Major,,,Dumbbell
Side Plank Superband Hanging Adduction,Intermediate,Adductors,Adductor Magnus,,,Superband
Single Arm Cable Seated Floor Lat Pulldown,Novice,Back,Latissimus Dorsi,Biceps Brachii,,Cable
Single Arm Resistance Band Half Kneeling Cuban Press,Novice,Shoulders,Posterior Deltoids,,,Resistance Band
Stability Ball Feet Elevated Frog Pump,Novice,Glutes,Gluteus Maximus,,,Stability Ball
Stability Ball Miniband Feet Elevated Frog Pump,Novice,Glutes,Gluteus Maximus,,,Stability Ball
Double Kettlebell Hollow Body Hold with Flutter Kicks,Intermediate,Abdominals,Rectus Abdominis,,,Kettlebell
Barbell Overhead Cyclist Squat,Advanced,Quadriceps,Quadriceps Femoris,Gluteus Maximus,,Barbell
Barbell Front Rack Cyclist Squat,Intermediate,Quadriceps,Quadriceps Femoris,Gluteus Maximus,,Barbell
Double Kettlebell Dead Clean to Push Press,Intermediate,Shoulders,Anterior Deltoids,Triceps Brachii,,Kettlebell
Double Dumbbell Cuban Press,Novice,Shoulders,Posterior Deltoids,,,Dumbbell
Barbell Cyclist Thruster,Intermediate,Shoulders,Anterior Deltoids,Quadriceps Femoris,,Barbell
Double Kettlebell Pendlay Row,Novice,Back,Latissimus Dorsi,Biceps Brachii,,Kettlebell
Alternating Single Arm Landmine Thruster,Intermediate,Shoulders,Anterior Deltoids,Quadriceps Femoris,,Landmine
Single Arm Dumbbell Cyclist Thruster,Novice,Shoulders,Anterior Deltoids,Quadriceps Femoris,,Dumbbell
Alternating Single Arm Landmine Cyclist Thruster,Advanced,Shoulders,Anterior Deltoids,Quadriceps Femoris,,Landmine
Barbell Low Bar Cyclist Squat,Intermediate,Quadriceps,Quadriceps Femoris,Gluteus Maximus,Biceps Femoris,Barbell
Double Kettlebell Front Rack Split Squat,Novice,Quadriceps,Quadriceps Femoris,Gluteus Maximus,,Kettlebell
Double Kettlebell Front Rack Bulgarian Split Squat,Intermediate,Quadriceps,Quadriceps Femoris,Gluteus Maximus,,Kettlebell
Double Kettlebell Overhead Squat,Intermediate,Quadriceps,Quadriceps Femoris,Gluteus Maximus,,Kettlebell
Double Kettlebell Half Kneeling Overhead Press,Novice,Shoulders,Anterior Deltoids,Triceps Brachii,,Kettlebell
Double Kettlebell Front Rack Reverse Lunge,Novice,Quadriceps,Quadriceps Femoris,Gluteus Maximus,Biceps Femoris,Kettlebell
Single Arm Kettlebell Overhead Contralateral Knee Over Toe Split Squat,Intermediate,Quadriceps,Quadriceps Femoris,Gluteus Maximus,,Kettlebell
Single Arm Kettlebell Dead Clean to Rotational Overhead Press,Intermediate,Shoulders,Anterior Deltoids,,,Kettlebell
Single Arm Kettlebell Rotational Overhead Press,Intermediate,Shoulders,Anterior Deltoids,,,Kettlebell
Single Arm Kettlebell Sumo Deadlift,Novice,Back,Latissimus Dorsi,Gluteus Maximus,Biceps Femoris,Kettlebell
Single Arm Kettlebell Front Rack Contralateral Knee Over Toe Split Squat,Novice,Quadriceps,Quadriceps Femoris,Gluteus Maximus,,Kettlebell
Single Arm Kettlebell Push Press,Novice,Shoulders,Anterior Deltoids,Triceps Brachii,,Kettlebell
Double Kettlebell Push Jerk,Novice,Shoulders,Anterior Deltoids,Triceps Brachii,Gluteus Minimus,Kettlebell
Single Arm Kettlebell Z Press,Intermediate,Shoulders,Anterior Deltoids,Triceps Brachii,,Kettlebell
Single Arm Kettlebell Contralateral Split Squat Thruster,Intermediate,Shoulders,Anterior Deltoids,Quadriceps Femoris,,Kettlebell
Double Kettlebell Split Squat Thruster,Intermediate,Shoulders,Anterior Deltoids,Quadriceps Femoris,,Kettlebell
Kettlebell Swing,Novice,Glutes,Gluteus Maximus,,,Kettlebell
Alternating Single Arm Kettlebell Swing,Intermediate,Glutes,Gluteus Maximus,,,Kettlebell
Alternating Single Arm Kettlebell Clean,Intermediate,Glutes,Gluteus Maximus,,,Kettlebell
Alternating Single Arm Kettlebell Snatch,Intermediate,Glutes,Gluteus Maximus,Anterior Deltoids,,Kettlebell
Single Arm Kettlebell Sots Press,Intermediate,Shoulders,Anterior Deltoids,Triceps Brachii,,Kettlebell
Single Arm Kettlebell Bottoms Up Overhead Contralateral Knee Over Toe Split Squat,Advanced,Quadriceps,Quadriceps Femoris,Gluteus Maximus,,Kettlebell
Single Arm Kettlebell Staggered Stance Swing,Intermediate,Glutes,Gluteus Maximus,,,Kettlebell
Alternating Single Arm Kettlebell Staggered Stance Swing,Intermediate,Glutes,Gluteus Maximus,,,Kettlebell
Single Arm Kettlebell Half Kneeling Swing,Intermediate,Glutes,Gluteus Maximus,,,Kettlebell
Double Kettlebell Outside Swing,Novice,Glutes,Gluteus Maximus,,,Kettlebell
Double Kettlebell Outside Half Snatch,Intermediate,Glutes,Gluteus Maximus,Anterior Deltoids,,Kettlebell
Double Kettlebell Outside Clean,Intermediate,Glutes,Gluteus Maximus,,,Kettlebell
Double Kettlebell Outside Clean and Press,Intermediate,Shoulders,Anterior Deltoids,Triceps Brachii,,Kettlebell
Single Arm Kettlebell Side Swing,Intermediate,Abdominals,Obliques,,,Kettlebell
Kettlebell Feet Elevated Russian Twist,Novice,Abdominals,Obliques,Rectus Abdominis,,Kettlebell
Single Arm Kettlebell Clean to Press Windmill,Advanced,Abdominals,Obliques,Rectus Abdominis,,Kettlebell
Single Arm Kettlebell Half Kneeling Windmill,Intermediate,Abdominals,Obliques,Rectus Abdominis,,Kettlebell
Double Kettlebell Front Rack Skater Squat,Expert,Quadriceps,Quadriceps Femoris,Gluteus Maximus,,Kettlebell
Kettlebell Horn Grip Skater Squat,Advanced,Quadriceps,Quadriceps Femoris,Gluteus Maximus,,Kettlebell
Double Kettlebell Front Rack Pistol Squat,Advanced,Quadriceps,Quadriceps Femoris,Gluteus Maximus,,Kettlebell
Double Kettlebell Renegade Row,Intermediate,Back,Latissimus Dorsi,,,Kettlebell
Single Arm Kettlebell Hollow Body Hold with Flutter Kicks,Intermediate,Abdominals,Rectus Abdominis,,,Kettlebell
Double Kettlebell Renegade Row Push Up,Intermediate,Back,Latissimus Dorsi,,,Kettlebell
Double Kettlebell Clean to Overhead Press,Intermediate,Shoulders,Anterior Deltoids,Triceps Brachii,Gluteus Minimus,Kettlebell
Kettlebell Alternating Halo to Goblet Squat,Intermediate,Shoulders,Posterior Deltoids,Quadriceps Femoris,,Kettlebell
Single Arm Kettlebell Half Kneeling Contralateral Overhead Press,Intermediate,Shoulders,Anterior Deltoids,Triceps Brachii,,Kettlebell
Double Kettlebell Seesaw Press,Novice,Shoulders,Anterior Deltoids,Triceps Brachii,,Kettlebell
Single Arm Kettlebell Side to Side Swing,Intermediate,Abdominals,Rectus Abdominis,,,Kettlebell
Single Arm Kettlebell Half Kneeling Clean to Windmill Press,Advanced,Shoulders,Anterior Deltoids,Rectus Abdominis,,Kettlebell
Single Arm Kettlebell Bottoms Up Turkish Get Up,Advanced,Abdominals,Obliques,Rectus Abdominis,,Kettlebell
Single Arm Kettlebell Thruster,Intermediate,Shoulders,Anterior Deltoids,Quadriceps Femoris,,Kettlebell
Alternating Double Kettlebell Thruster,Intermediate,Shoulders,Anterior Deltoids,Quadriceps Femoris,,Kettlebell
Single Arm Kettlebell Bottoms Up Clean to Overhead Press,Intermediate,Shoulders,Anterior Deltoids,Gluteus Maximus,,Kettlebell
Single Arm Kettlebell Tactical Snatch,Advanced,Glutes,Gluteus Maximus,Anterior Deltoids,,Kettlebell
Single Arm Kettlebell Snatch to Overhead Contralateral Reverse Lunge,Advanced,Quadriceps,Quadriceps Femoris,Gluteus Maximus,Biceps Femoris,Kettlebell
Double Kettlebell Snatch to Overhead Alternating Reverse Lunge,Advanced,Quadriceps,Quadriceps Femoris,Gluteus Maximus,Biceps Femoris,Kettlebell
Single Arm Kettlebell Clean to Front Rack Contralateral Reverse Lunge,Intermediate,Quadriceps,Quadriceps Femoris,Gluteus Maximus,Biceps Femoris,Kettlebell
Double Kettlebell Clean to Front Rack Alternating Reverse Lunge,Intermediate,Quadriceps,Quadriceps Femoris,Gluteus Maximus,Biceps Femoris,Kettlebell
Parallette Push Up to L Sit,Advanced,Chest,Pectoralis Major,Rectus Abdominis,,Parallette Bars
Single Arm Kettlebell Split Jerk,Intermediate,Shoulders,Anterior Deltoids,Triceps Brachii,Gluteus Minimus,Kettlebell
Kettlebell Swing to Bottoms Up Horn Grip Goblet Squat,Intermediate,Glutes,Gluteus Maximus,Quadriceps Femoris,,Kettlebell
Barbell Single Leg Standing Bent Knee Overhead Press,Expert,Shoulders,Anterior Deltoids,Triceps Brachii,,Barbell
Double Kettlebell Bottoms Up Clean to Front Rack Squat,Advanced,Glutes,Gluteus Maximus,Quadriceps Femoris,,Kettlebell
Single Arm Barbell Bent Press,Advanced,Shoulders,Anterior Deltoids,Triceps Brachii,,Barbell
Double Kettlebell Bottoms Up Overhead Squat,Advanced,Quadriceps,Quadriceps Femoris,Gluteus Maximus,,Kettlebell
Double Kettlebell Bottoms Up Thruster,Intermediate,Shoulders,Anterior Deltoids,Quadriceps Femoris,,Kettlebell
Single Arm Kettlebell Bottoms Up Tactical Snatch,Advanced,Glutes,Gluteus Maximus,Anterior Deltoids,,Kettlebell
Single Arm Kettlebell Bottoms Up Z Press,Intermediate,Shoulders,Anterior Deltoids,Triceps Brachii,,Kettlebell
Double Kettlebell Bottoms Up Z Press,Intermediate,Shoulders,Anterior Deltoids,Triceps Brachii,,Kettlebell
Double Kettlebell Sots Press,Intermediate,Shoulders,Anterior Deltoids,Triceps Brachii,,Kettlebell
Alternating Double Kettlebell Sots Press,Intermediate,Shoulders,Anterior Deltoids,Triceps Brachii,,Kettlebell
Single Arm Kettlebell Bottoms Up Sots Press,Advanced,Shoulders,Anterior Deltoids,Triceps Brachii,,Kettlebell
Barbell Overhead Bulgarian Split Squat,Advanced,Quadriceps,Quadriceps Femoris,Gluteus Maximus,,Barbell
Barbell Bulgarian Split Squat Thruster,Advanced,Shoulders,Anterior Deltoids,Quadriceps Femoris,Gluteus Maximus,Barbell
Single Arm Barbell Overhead Bulgarian Split Squat,Expert,Quadriceps,Quadriceps Femoris,Gluteus Maximus,,Barbell
Double Kettlebell Bottoms Up Sots Press,Advanced,Shoulders,Anterior Deltoids,Triceps Brachii,,Kettlebell
Alternating Double Kettlebell Bottoms Up Sots Press,Advanced,Shoulders,Anterior Deltoids,Triceps Brachii,,Kettlebell
Double Kettlebell Seesaw Sots Press,Intermediate,Shoulders,Anterior Deltoids,Triceps Brachii,,Kettlebell
Double Kettlebell Bottoms Up Seesaw Sots Press,Advanced,Shoulders,Anterior Deltoids,Triceps Brachii,,Kettlebell
Bodyweight Standing Wall Angels,Beginner,Shoulders,Posterior Deltoids,Infraspinatus,Teres Minor,Bodyweight
Alternating Double Kettlebell Z Press,Novice,Shoulders,Anterior Deltoids,Triceps Brachii,,Kettlebell
Double Kettlebell Seesaw Z Press,Novice,Shoulders,Anterior Deltoids,Triceps Brachii,,Kettlebell
Double Plate Lu Raise,Novice,Shoulders,Infraspinatus,Posterior Deltoids,,Weight Plate
Single Arm Plate Windmill,Advanced,Abdominals,Obliques,Rectus Abdominis,,Weight Plate
Single Arm Plate Turkish Get Up,Advanced,Abdominals,Obliques,Rectus Abdominis,,Weight Plate
Plate Steering Wheel,Novice,Shoulders,Anterior Deltoids,,,Weight Plate
Double Kettlebell Bottoms Up Seesaw Press,Intermediate,Shoulders,Anterior Deltoids,Triceps Brachii,,Kettlebell
Double Kettlebell Bottoms Up Seesaw Z Press,Intermediate,Shoulders,Anterior Deltoids,Triceps Brachii,,Kettlebell
Double Kettlebell Bottoms Up Snatch,Advanced,Glutes,Gluteus Maximus,Anterior Deltoids,,Kettlebell
Alternating Single Arm Kettlebell Bottoms Up Snatch,Advanced,Glutes,Gluteus Maximus,Anterior Deltoids,,Kettlebell
Alternating Single Arm Kettlebell Around the World High Catch,Intermediate,Abdominals,Rectus Abdominis,,,Kettlebell
Alternating Single Arm Kettlebell Tall Kneeling Around the World High Catch,Intermediate,Abdominals,Rectus Abdominis,,,Kettlebell
Single Arm Kettlebell Around the World,Novice,Abdominals,Rectus Abdominis,,,Kettlebell
Suspension Single Leg Standing Bent Knee Reverse Fly,Intermediate,Shoulders,Posterior Deltoids,,,Suspension Trainer
Suspension Reverse Fly,Beginner,Shoulders,Posterior Deltoids,,,Suspension Trainer
Suspension Single Leg Standing Bent Knee Y Raise,Intermediate,Shoulders,Posterior Deltoids,,,Suspension Trainer
Suspension Single Leg Standing Bent Knee Face Pull,Intermediate,Shoulders,Posterior Deltoids,Infraspinatus,Teres Minor,Suspension Trainer
Suspension Single Leg Standing Bent Knee Face Pull to Overhead Press,Intermediate,Shoulders,Posterior Deltoids,Infraspinatus,Teres Minor,Suspension Trainer
Alternating Single Arm Kettlebell Around the World,Novice,Abdominals,Rectus Abdominis,,,Kettlebell
Single Arm Kettlebell Tall Kneeling Around the World,Novice,Abdominals,Rectus Abdominis,,,Kettlebell
Alternating Single Arm Tall Kneeling Around the World,Novice,Abdominals,Rectus Abdominis,,,Kettlebell
Single Arm Kettlebell Waiter Clean,Advanced,Glutes,Gluteus Maximus,,,Kettlebell
Single Arm Kettlebell Waiter Clean Hot Potato,Advanced,Glutes,Gluteus Maximus,,,Kettlebell
Alternating Single Arm Kettlebell Waiter Clean,Advanced,Glutes,Gluteus Maximus,,,Kettlebell
Double Kettlebell Waiter Clean,Advanced,Glutes,Gluteus Maximus,,,Kettlebell
Double Kettlebell Waiter Clean to Overhead Press,Advanced,Glutes,Gluteus Maximus,,,Kettlebell
Single Arm Kettlebell Tactical Waiter Clean,Advanced,Glutes,Gluteus Maximus,,,Kettlebell
Single Arm Kettlebell Tactical Waiter Clean to Overhead Press,Advanced,Glutes,Gluteus Maximus,Anterior Deltoids,,Kettlebell
Double Kettlebell Waiter Clean to Alternating Overhead Press,Advanced,Glutes,Gluteus Maximus,Anterior Deltoids,,Kettlebell
Single Arm Kettlebell Waiter Snatch,Advanced,Glutes,Gluteus Maximus,Anterior Deltoids,,Kettlebell
Alternating Single Arm Kettlebell Waiter Snatch,Advanced,Glutes,Gluteus Maximus,Anterior Deltoids,,Kettlebell
Barbell Overhead Pistol Squat,Expert,Quadriceps,Quadriceps Femoris,Gluteus Maximus,,Barbell
Suspension Cuban Press,Novice,Shoulders,Posterior Deltoids,Triceps Brachii,,Suspension Trainer
Suspension Single Leg Standing Bent Knee Cuban Press,Intermediate,Shoulders,Posterior Deltoids,Triceps Brachii,,Suspension Trainer
Single Arm Kettlebell Tactical Waiter Snatch,Advanced,Glutes,Gluteus Maximus,Anterior Deltoids,,Kettlebell
Single Arm Barbell Overhead Knee Over Toe Split Squat,Expert,Quadriceps,Quadriceps Femoris,Gluteus Maximus,,Barbell
Single Arm Barbell Knee Over Toe Split Squat Thruster,Expert,Shoulders,Anterior Deltoids,Quadriceps Femoris,Gluteus Maximus,Barbell
Barbell Knee Over Toe Split Squat Thruster,Advanced,Shoulders,Anterior Deltoids,Quadriceps Femoris,Gluteus Maximus,Barbell
Double Kettlebell Waiter Snatch,Advanced,Glutes,Gluteus Maximus,Anterior Deltoids,,Kettlebell
Double Kettlebell Waiter Clean to Thruster,Advanced,Shoulders,Anterior Deltoids,Quadriceps Femoris,,Kettlebell
Kettlebell Start Stop Swing,Novice,Glutes,Gluteus Maximus,,,Kettlebell
Double Kettlebell Dead Clean,Intermediate,Glutes,Gluteus Maximus,,,Kettlebell
Single Arm Barbell Bulgarian Split Squat Thruster,Expert,Shoulders,Anterior Deltoids,Quadriceps Femoris,Gluteus Maximus,Barbell
Single Arm Barbell Windmill,Expert,Abdominals,Obliques,Rectus Abdominis,,Barbell
Bodyweight Windmill,Novice,Abdominals,Obliques,,,Bodyweight
Superband Split Squat Isometric Pallof Press,Intermediate,Abdominals,Obliques,Rectus Abdominis,,Superband
Single Arm Barbell Turkish Get Up,Expert,Abdominals,Obliques,Rectus Abdominis,,Barbell
Single Arm Barbell Single Leg Standing Bent Knee Contralateral Overhead Press,Expert,Shoulders,Anterior Deltoids,Rectus Abdominis,,Barbell
Single Arm Barbell Single Leg Standing Bent Knee Ipsilateral Overhead Press,Expert,Shoulders,Anterior Deltoids,Rectus Abdominis,,Barbell
Single Arm Kettlebell Half Kneeling Side Press,Intermediate,Shoulders,Anterior Deltoids,Rectus Abdominis,,Kettlebell
Single Arm Kettlebell Bottoms Up Thruster,Intermediate,Shoulders,Anterior Deltoids,Quadriceps Femoris,,Kettlebell
Alternating Double Kettlebell Bottoms Up Thruster,Intermediate,Shoulders,Anterior Deltoids,Quadriceps Femoris,,Kettlebell
Single Arm Kettlebell Dead Clean,Intermediate,Glutes,Gluteus Maximus,,,Kettlebell
Alternating Single Arm Kettlebell Dead Clean,Intermediate,Glutes,Gluteus Maximus,,,Kettlebell
Double Kettlebell Push Up to L Sit,Expert,Chest,Pectoralis Major,Rectus Abdominis,,Kettlebell
Single Arm Kettlebell Bottoms Up Half Kneeling Windmill,Advanced,Abdominals,Obliques,Rectus Abdominis,,Kettlebell
Alternating Single Arm Kettlebell Half Kneeling Around the World High Catch,Intermediate,Abdominals,Rectus Abdominis,,,Kettlebell
Bodyweight Single Arm Contralateral Single Leg Push Up,Expert,Chest,Pectoralis Major,Rectus Abdominis,,Bodyweight
Single Arm Barbell Overhead Toe Balance Squat,Expert,Quadriceps,Quadriceps Femoris,Gluteus Maximus,,Barbell
Barbell Overhead Toe Balance Squat,Advanced,Quadriceps,Quadriceps Femoris,Gluteus Maximus,,Barbell
Ring Kneeling Rollout,Intermediate,Abdominals,Rectus Abdominis,,,Gymnastic Rings
Single Arm Ring Kneeling Rollout,Advanced,Abdominals,Rectus Abdominis,,,Gymnastic Rings
Ring Standing Rollout,Advanced,Abdominals,Rectus Abdominis,,,Gymnastic Rings
Ring Alternating Reach Push Up,Advanced,Chest,Pectoralis Major,Rectus Abdominis,,Gymnastic Rings
Ring L Sit Dips,Advanced,Triceps,Triceps Brachii,Rectus Abdominis,,Gymnastic Rings
Single Arm Kettlebell Bent Press,Intermediate,Shoulders,Anterior Deltoids,Triceps Brachii,,Kettlebell
Alternating Single Arm Kettlebell Around the World High Catch to Squat,Intermediate,Abdominals,Rectus Abdominis,Quadriceps Femoris,,Kettlebell
Double Kettlebell Overhead Alternating Cossack Squat,Intermediate,Quadriceps,Quadriceps Femoris,Adductor Magnus,Gluteus Maximus,Kettlebell
Double Kettlebell Front Rack Cossack Squat,Novice,Quadriceps,Quadriceps Femoris,Adductor Magnus,Gluteus Maximus,Kettlebell
Double Kettlebell Front Rack Low Switch Cossack Squat,Intermediate,Quadriceps,Quadriceps Femoris,Adductor Magnus,Gluteus Maximus,Kettlebell
Alternating Single Arm Kettlebell Bottoms Up Clean to Overhead Press,Intermediate,Shoulders,Anterior Deltoids,Gluteus Maximus,,Kettlebell
Double Kettlebell Bottoms Up Clean to Overhead Press,Intermediate,Shoulders,Anterior Deltoids,Gluteus Maximus,,Kettlebell
Double Kettlebell Bottoms Up Overhead Knee Over Toe Split Squat,Advanced,Quadriceps,Quadriceps Femoris,Gluteus Maximus,,Kettlebell
Barbell Decline Bench Press,Novice,Chest,Pectoralis Major,Triceps Brachii,Anterior Deltoids,Barbell
Bodyweight Bulgarian Split Squat,Novice,Quadriceps,Quadriceps Femoris,Gluteus Maximus,,Bodyweight
Plate Otis Up,Novice,Abdominals,Rectus Abdominis,,,Weight Plate
Single Arm Kettlebell Swing to Bottoms Up Horn Grip Goblet Squat,Intermediate,Glutes,Gluteus Maximus,Quadriceps Femoris,,Kettlebell
Double Kettlebell Overhead Pistol Squat,Expert,Quadriceps,Quadriceps Femoris,Gluteus Maximus,,Kettlebell
Double Kettlebell Bottoms Up Front Rack Pistol Squat,Expert,Quadriceps,Quadriceps Femoris,Gluteus Maximus,,Kettlebell
Double Kettlebell Bottoms Up Overhead Pistol Squat,Expert,Quadriceps,Quadriceps Femoris,Gluteus Maximus,,Kettlebell
Double Kettlebell Clean to Sots Press,Intermediate,Shoulders,Anterior Deltoids,Gluteus Maximus,,Kettlebell
Double Kettlebell Bottoms Up Clean to Sots Press,Advanced,Shoulders,Anterior Deltoids,Gluteus Maximus,,Kettlebell
Kettlebell Half Kneeling Alternating Halo,Novice,Shoulders,Posterior Deltoids,Medial Deltoids,,Kettlebell
Kettlebell Tall Kneeling Alternating Halo,Novice,Shoulders,Posterior Deltoids,Medial Deltoids,,Kettlebell
Kettlebell Tall Kneeling Alternating Hip to Halo,Novice,Shoulders,Posterior Deltoids,Medial Deltoids,,Kettlebell
Double Dumbbell Decline Bench Press,Beginner,Chest,Pectoralis Major,Triceps Brachii,,Dumbbell
Double Dumbbell Chest Fly,Beginner,Chest,Pectoralis Major,,,Dumbbell
Double Dumbbell Decline Bench Chest Fly,Beginner,Chest,Pectoralis Major,,,Dumbbell
Double Kettlebell Clean to Thruster,Intermediate,Shoulders,Anterior Deltoids,Gluteus Maximus,,Kettlebell
Double Kettlebell Single Leg Standing Bent Knee Overhead Press,Intermediate,Shoulders,Anterior Deltoids,Triceps Brachii,,Kettlebell
Double Kettlebell Bottoms Up Single Leg Standing Bent Knee Overhead Press,Advanced,Shoulders,Anterior Deltoids,Triceps Brachii,,Kettlebell
Single Arm Kettlebell Single Leg Standing Bent Knee Contralateral Overhead Press,Intermediate,Shoulders,Anterior Deltoids,Triceps Brachii,,Kettlebell
Single Arm Kettlebell Bottoms Up Single Leg Standing Bent Knee Contralateral Overhead Press,Advanced,Shoulders,Anterior Deltoids,Triceps Brachii,,Kettlebell
Double Kettlebell Bottoms Up Overhead Bulgarian Split Squat,Advanced,Quadriceps,Quadriceps Femoris,Gluteus Maximus,,Kettlebell
Single Arm Kettlebell Bottoms Up Overhead Contralateral Bulgarian Split Squat,Advanced,Quadriceps,Quadriceps Femoris,Gluteus Maximus,,Kettlebell
Single Arm Kettlebell Suitcase Contralateral Bulgarian Split Squat,Intermediate,Quadriceps,Quadriceps Femoris,Gluteus Maximus,,Kettlebell
Single Arm Kettlebell Suitcase Ipsilateral Bulgarian Split Squat,Intermediate,Quadriceps,Quadriceps Femoris,Gluteus Maximus,,Kettlebell
Double Kettlebell Bottoms Up Front Rack Bulgarian Split Squat,Intermediate,Quadriceps,Quadriceps Femoris,Gluteus Maximus,,Kettlebell
Double Kettlebell Suitcase Bulgarian Split Squat,Intermediate,Quadriceps,Quadriceps Femoris,Gluteus Maximus,,Kettlebell
Double Kettlebell Bulgarian Split Squat Thruster,Advanced,Shoulders,Anterior Deltoids,Quadriceps Femoris,Gluteus Maximus,Kettlebell
Double Kettlebell Bottoms Up Bulgarian Split Squat Thruster,Advanced,Shoulders,Anterior Deltoids,Quadriceps Femoris,Gluteus Maximus,Kettlebell
Single Arm Kettlebell Bottoms Up Front Rack Contralateral Bulgarian Split Squat,Intermediate,Quadriceps,Quadriceps Femoris,Gluteus Maximus,,Kettlebell
Single Arm Kettlebell Front Rack Contralateral Bulgarian Split Squat,Intermediate,Quadriceps,Quadriceps Femoris,Gluteus Maximus,,Kettlebell
Single Ring Chin Up,Advanced,Biceps,Biceps Brachii,Latissimus Dorsi,,Gymnastic Rings
Single Arm Kettlebell Bottoms Up Front Rack Ipsilateral Bulgarian Split Squat,Intermediate,Quadriceps,Quadriceps Femoris,Gluteus Maximus,,Kettlebell
Single Arm Suspension Single Leg Standing Bent Knee Contralateral Low Row,Advanced,Back,Latissimus Dorsi,Biceps Brachii,,Suspension Trainer
Single Arm Suspension Single Leg Standing Bent Knee Ipsilateral Low Row,Advanced,Back,Latissimus Dorsi,Biceps Brachii,,Suspension Trainer
Suspension Single Leg Standing Bent Knee Bicep Curl,Intermediate,Biceps,Biceps Brachii,Brachialis,Brachioradialis,Suspension Trainer
Single Arm Suspension Single Leg Standing Bent Knee Contralateral Bicep Curl,Advanced,Biceps,Biceps Brachii,Brachialis,Brachioradialis,Suspension Trainer
Single Arm Suspension Single Leg Standing Bent Knee Ipsilateral Bicep Curl,Advanced,Biceps,Biceps Brachii,Brachialis,Brachioradialis,Suspension Trainer
Single Arm Plate Teacup,Intermediate,Shoulders,Posterior Deltoids,Anterior Deltoids,,Weight Plate
Ring L Sit Chin Up,Advanced,Biceps,Biceps Brachii,Latissimus Dorsi,Rectus Abdominis,Gymnastic Rings
Single Ring L Sit Chin Up,Advanced,Biceps,Biceps Brachii,Latissimus Dorsi,Rectus Abdominis,Gymnastic Rings
Barbell Front Rack Bulgarian Split Squat,Intermediate,Quadriceps,Quadriceps Femoris,Gluteus Maximus,,Barbell
Barbell Back Rack Bulgarian Split Squat,Intermediate,Quadriceps,Quadriceps Femoris,Gluteus Maximus,,Barbell
Single Arm Suspension Contralateral Pistol Squat,Advanced,Quadriceps,Quadriceps Femoris,Gluteus Maximus,,Suspension Trainer
Barbell Front Rack Alternating Curtsy Lunge,Intermediate,Quadriceps,Quadriceps Femoris,Gluteus Maximus,,Barbell
Bodyweight Dragon Flag,Advanced,Abdominals,Rectus Abdominis,,,Bodyweight
Single Arm Kettlebell Front Rack Ipsilateral Bulgarian Split Squat,Intermediate,Quadriceps,Quadriceps Femoris,Gluteus Maximus,,Kettlebell
Ring Iron Cross,Master,Back,Latissimus Dorsi,Biceps Brachii,,Gymnastic Rings
Parallette Tuck Planche Push Up,Expert,Chest,Pectoralis Major,Triceps Brachii,Rectus Abdominis,Parallette Bars
Parallette Full Planche,Expert,Abdominals,Rectus Abdominis,,,Parallette Bars
Parallette Full Planche Push Up,Master,Chest,Pectoralis Major,Triceps Brachii,Rectus Abdominis,Parallette Bars
Ring Inverted Iron Cross,Grand Master,Back,Latissimus Dorsi,Biceps Brachii,,Gymnastic Rings
Ring Maltese Push Up,Expert,Chest,Pectoralis Major,Triceps Brachii,,Gymnastic Rings
Ring Tuck Planche,Advanced,Abdominals,Rectus Abdominis,Biceps Brachii,,Gymnastic Rings
Ring Tuck Planche Push Up,Expert,Chest,Pectoralis Major,Triceps Brachii,Rectus Abdominis,Gymnastic Rings
Ring Full Planche,Master,Abdominals,Rectus Abdominis,,,Gymnastic Rings
Ring Full Planche Push Up,Grand Master,Chest,Pectoralis Major,Triceps Brachii,Rectus Abdominis,Gymnastic Rings
Ring Grip Full Planche Push Up,Legendary,Chest,Pectoralis Major,Triceps Brachii,Rectus Abdominis,Gymnastic Rings
Ring Grip Full Planche,Grand Master,Abdominals,Rectus Abdominis,,,Gymnastic Rings
Bodyweight Full Planche,Expert,Abdominals,Rectus Abdominis,,,Bodyweight
Cable Quadruped Hip Abduction,Novice,Abductors,Gluteus Medius,Gluteus Minimus,,Cable
Single Arm Kettlebell Bottoms Up Single Leg Standing Bent Knee Ipsilateral Overhead Press,Advanced,Shoulders,Anterior Deltoids,Triceps Brachii,,Kettlebell
Double Kettlebell Turkish Get Up,Advanced,Abdominals,Obliques,Rectus Abdominis,,Kettlebell
Parallette L Sit to Tuck Planche Push Up,Expert,Chest,Pectoralis Major,Triceps Brachii,Rectus Abdominis,Parallette Bars
Ring L Sit to Tuck Planche Push Up,Expert,Chest,Pectoralis Major,Triceps Brachii,Rectus Abdominis,Gymnastic Rings
Parallette Straddle Planche,Expert,Abdominals,Rectus Abdominis,,,Parallette Bars
Parallette Straddle Planche Push Up,Master,Chest,Pectoralis Major,Triceps Brachii,Rectus Abdominis,Parallette Bars
Ring Straddle Planche,Master,Abdominals,Rectus Abdominis,,,Gymnastic Rings
Ring Straddle Planche Push Up,Grand Master,Chest,Pectoralis Major,Triceps Brachii,Rectus Abdominis,Gymnastic Rings
Barbell Turkish Sit Up,Intermediate,Abdominals,Rectus Abdominis,,,Barbell
Plate Turkish Sit Up,Intermediate,Abdominals,Rectus Abdominis,,,Weight Plate
Barbell Seated Overhead Press,Novice,Shoulders,Anterior Deltoids,Triceps Brachii,,Barbell
Single Arm Barbell Turkish Sit Up,Advanced,Abdominals,Rectus Abdominis,,,Barbell
Dumbbell Crush Grip Romanian Deadlift,Beginner,Hamstrings,Biceps Femoris,Gluteus Maximus,,Dumbbell
Ring Pelican Curl,Advanced,Biceps,Biceps Brachii,Pectoralis Major,,Gymnastic Rings
Double Kettlebell Knee Over Toe Split Squat Thruster,Advanced,Shoulders,Anterior Deltoids,Quadriceps Femoris,Gluteus Maximus,Kettlebell
Double Kettlebell Bottoms Up Knee Over Toe Split Squat Thruster,Advanced,Shoulders,Anterior Deltoids,Quadriceps Femoris,Gluteus Maximus,Kettlebell
Ring Chin Up,Intermediate,Biceps,Biceps Brachii,Latissimus Dorsi,,Gymnastic Rings
Ring Two Finger Chin Up,Advanced,Biceps,Biceps Brachii,Latissimus Dorsi,,Gymnastic Rings
Dumbbell Crush Grip Bent Over Row,Beginner,Back,Latissimus Dorsi,Rhomboids,Posterior Deltoids,Dumbbell
Dumbbell Crush Grip Bicep Curl to Overhead Press,Beginner,Shoulders,Anterior Deltoids,Biceps Brachii,,Dumbbell
Dumbbell Crush Grip Overhead Press,Beginner,Shoulders,Anterior Deltoids,Triceps Brachii,,Dumbbell
Dumbbell Crush Grip Hollow Body Hold with Flutter Kicks,Intermediate,Abdominals,Rectus Abdominis,,,Dumbbell
Dumbbell Crush Grip Floor Press,Beginner,Chest,Pectoralis Major,Triceps Brachii,,Dumbbell
Parallette Crow Pose,Intermediate,Abdominals,Rectus Abdominis,,,Parallette Bars
Dumbbell Crush Grip Z Press,Novice,Shoulders,Anterior Deltoids,Triceps Brachii,,Dumbbell
Single Arm Kettlebell Bottoms Up Knee Over Toe Split Squat Thruster,Advanced,Shoulders,Anterior Deltoids,Quadriceps Femoris,Gluteus Maximus,Kettlebell
Dumbbell Crush Grip Overhead Tricep Extension,Beginner,Triceps,Triceps Brachii,,,Dumbbell
Kettlebell Bottoms Up Horn Grip Goblet Bulgarian Split Squat,Intermediate,Quadriceps,Quadriceps Femoris,Gluteus Maximus,,Kettlebell
Double Kettlebell Snatch to Overhead Squat,Advanced,Quadriceps,Quadriceps Femoris,Gluteus Maximus,,Kettlebell
Barbell Half Kneeling Overhead Press,Novice,Shoulders,Anterior Deltoids,Triceps Brachii,,Barbell
Barbell Tall Kneeling Overhead Press,Novice,Shoulders,Anterior Deltoids,Triceps Brachii,,Barbell
Single Arm Kettlebell Half Kneeling Dead Clean,Intermediate,Glutes,Gluteus Maximus,,,Kettlebell
Barbell Overhead March,Intermediate,Abdominals,Rectus Abdominis,,,Barbell
Single Arm Barbell Overhead March,Advanced,Abdominals,Rectus Abdominis,,,Barbell
Single Arm Kettlebell Half Kneeling Clean,Intermediate,Glutes,Gluteus Maximus,,,Kettlebell
Single Arm Kettlebell Half Kneeling Snatch,Intermediate,Glutes,Gluteus Maximus,Anterior Deltoids,,Kettlebell
Double Kettlebell Front Rack Alternating Curtsy Lunge,Novice,Quadriceps,Quadriceps Femoris,Gluteus Maximus,,Kettlebell
Slider Lateral Lunge,Beginner,Adductors,Adductor Magnus,,,Sliders
Kettlebell Bottoms Up Horn Grip Toe Balance Squat,Intermediate,Quadriceps,Quadriceps Femoris,Gluteus Maximus,,Kettlebell
Double Kettlebell Dead Clean to Overhead Press,Intermediate,Shoulders,Anterior Deltoids,Gluteus Maximus,,Kettlebell
Double Kettlebell Dead Clean to Thruster,Intermediate,Shoulders,Anterior Deltoids,Quadriceps Femoris,Gluteus Maximus,Kettlebell
Barbell Bodyweight Feet Elevated Row,Intermediate,Back,Latissimus Dorsi,Biceps Brachii,,Barbell
Barbell Bodyweight Row,Novice,Back,Latissimus Dorsi,Biceps Brachii,,Barbell
Ring Row,Novice,Back,Latissimus Dorsi,Biceps Brachii,,Gymnastic Rings
Ring Bulgarian Row,Novice,Back,Latissimus Dorsi,Biceps Brachii,,Gymnastic Rings
Single Arm Kettlebell Dead Snatch,Intermediate,Glutes,Gluteus Maximus,Anterior Deltoids,,Kettlebell
Alternating Single Arm Kettlebell Dead Snatch,Intermediate,Glutes,Gluteus Maximus,Anterior Deltoids,,Kettlebell
Double Kettlebell Dead Half Snatch,Intermediate,Glutes,Gluteus Maximus,Anterior Deltoids,,Kettlebell
Slider Barbell Overhead Reverse Lunge,Advanced,Quadriceps,Quadriceps Femoris,Gluteus Maximus,Biceps Femoris,Sliders
Bodyweight Pseudo Planche Push Up,Advanced,Chest,Pectoralis Major,Anterior Deltoids,,Bodyweight
Parallette Pseudo Planche Push Up,Advanced,Chest,Pectoralis Major,Anterior Deltoids,,Parallette Bars
Double Kettlebell Otis Up,Novice,Abdominals,Rectus Abdominis,,,Kettlebell
Single Arm Kettlebell Otis Up,Novice,Abdominals,Rectus Abdominis,,,Kettlebell
Kettlebell Horn Grip Otis Up,Novice,Abdominals,Rectus Abdominis,,,Kettlebell
Double Kettlebell Bottoms Up Otis Up,Intermediate,Abdominals,Rectus Abdominis,,,Kettlebell
Single Arm Kettlebell Bottoms Up Otis Up,Intermediate,Abdominals,Rectus Abdominis,,,Kettlebell
Double Dumbbell Staggered Stance Romanian Deadlift,Novice,Hamstrings,Biceps Femoris,Gluteus Maximus,,Dumbbell
Barbell Staggered Stance Romanian Deadlift,Intermediate,Hamstrings,Biceps Femoris,Gluteus Maximus,,Barbell
Single Arm Kettlebell Bottoms Up Turkish Sit Up,Intermediate,Abdominals,Rectus Abdominis,,,Kettlebell
Ring Hanging Knees to Elbows,Advanced,Abdominals,Rectus Abdominis,Iliopsoas,Rectus Femoris,Gymnastic Rings
Barbell Staggered Stance Overhead Press,Intermediate,Shoulders,Anterior Deltoids,Triceps Brachii,,Barbell
Double Kettlebell Bottoms Up Turkish Sit Up,Intermediate,Abdominals,Rectus Abdominis,,,Kettlebell
Superband Assisted Nordic Hamstring Curl,Intermediate,Hamstrings,Biceps Femoris,Gluteus Maximus,,Superband
Double Kettlebell Bottoms Up Turkish Sit Up to Z Press,Intermediate,Abdominals,Rectus Abdominis,,,Kettlebell
Bodyweight Alternating Shin Box Hip Extension,Intermediate,Glutes,Gluteus Maximus,,,Bodyweight
Single Arm Kettlebell Turkish Sit Up to Z Press,Intermediate,Abdominals,Rectus Abdominis,,,Kettlebell
Single Arm Kettlebell Bottoms Up Turkish Sit Up to Z Press,Intermediate,Abdominals,Rectus Abdominis,,,Kettlebell
Alternating Double Kettlebell Rotational Overhead Press,Novice,Shoulders,Anterior Deltoids,,,Kettlebell
Double Kettlebell Clean to Alternating Rotational Overhead Press,Intermediate,Shoulders,Anterior Deltoids,Gluteus Maximus,,Kettlebell
Single Arm Kettlebell Rotational Thruster,Novice,Shoulders,Anterior Deltoids,,,Kettlebell
Alternating Single Arm Kettlebell Clean to Rotational Thruster,Intermediate,Shoulders,Anterior Deltoids,Gluteus Maximus,,Kettlebell
Double Kettlebell Bottoms Up Front Rack Low Switch Cossack Squat,Advanced,Quadriceps,Quadriceps Femoris,Adductor Magnus,Gluteus Maximus,Kettlebell
Alternating Single Arm Kettlebell Clean to Rotational Overhead Press,Intermediate,Shoulders,Anterior Deltoids,Gluteus Maximus,,Kettlebell
Alternating Single Arm Kettlebell Bottoms Up Clean to Rotational Overhead Press,Intermediate,Shoulders,Anterior Deltoids,Gluteus Maximus,,Kettlebell
Double Kettlebell Bottoms Up Clean to Alternating Rotational Overhead Press,Intermediate,Shoulders,Anterior Deltoids,Gluteus Maximus,,Kettlebell
Double Kettlebell Bottoms Up Dead Clean,Intermediate,Glutes,Gluteus Maximus,,,Kettlebell
Single Arm Dumbbell Suitcase Carry,Beginner,Forearms,Brachioradialis,,,Dumbbell
Double Dumbbell Glute Bridge Isometric Bench Press,Novice,Chest,Pectoralis Major,Triceps Brachii,Anterior Deltoids,Dumbbell
Double Kettlebell Bottoms Up Dead Clean to Overhead Press,Intermediate,Shoulders,Anterior Deltoids,Gluteus Maximus,,Kettlebell
Double Kettlebell Bottoms Up Dead Clean to Thruster,Intermediate,Shoulders,Anterior Deltoids,Quadriceps Femoris,Gluteus Maximus,Kettlebell
Bodyweight Foot Elevated Cossack Squat,Beginner,Quadriceps,Quadriceps Femoris,Adductor Magnus,Gluteus Maximus,Bodyweight
Double Kettlebell Bottoms Up Dead Clean to Alternating Rotational Overhead Press,Intermediate,Shoulders,Anterior Deltoids,Gluteus Maximus,,Kettlebell
Barbell Overhead Foot Elevated Cossack Squat,Advanced,Quadriceps,Quadriceps Femoris,Adductor Magnus,Gluteus Maximus,Barbell
Landmine Split Squat Isometric Oblique Twist,Advanced,Abdominals,Obliques,,,Landmine
Double Kettlebell Bottoms Up Dead Clean to Alternating Rotational Thruster,Intermediate,Shoulders,Anterior Deltoids,Quadriceps Femoris,Gluteus Maximus,Kettlebell
Barbell Back Rack Foot Elevated Cossack Squat,Advanced,Quadriceps,Quadriceps Femoris,Adductor Magnus,Gluteus Maximus,Barbell
Barbell Front Rack Foot Elevated Cossack Squat,Advanced,Quadriceps,Quadriceps Femoris,Adductor Magnus,Gluteus Maximus,Barbell
Cable V Grip Seated Floor Lat Pulldown,Beginner,Back,Latissimus Dorsi,Biceps Brachii,,Cable
Barbell Overhead Low Switch Cossack Squat,Advanced,Quadriceps,Quadriceps Femoris,Adductor Magnus,Gluteus Maximus,Barbell
Double Kettlebell Dead Clean to Alternating Rotational Overhead Press,Intermediate,Shoulders,Anterior Deltoids,Gluteus Maximus,,Kettlebell
Double Kettlebell Dead Clean to Alternating Rotational Thruster,Intermediate,Shoulders,Anterior Deltoids,Quadriceps Femoris,Gluteus Maximus,Kettlebell
Double Kettlebell Windmill,Advanced,Abdominals,Obliques,Rectus Abdominis,,Kettlebell
Double Kettlebell Dragon Flag,Expert,Abdominals,Rectus Abdominis,,,Kettlebell
Alternating Double Kettlebell Push Press,Novice,Shoulders,Anterior Deltoids,Triceps Brachii,,Kettlebell
Double Kettlebell Front Rack 90/90 Hip Shift to Alternating Overhead Press,Advanced,Shoulders,Anterior Deltoids,,,Kettlebell
Kettlebell Dead Bug,Novice,Abdominals,Rectus Abdominis,,,Kettlebell
Battle Rope Split Squat Isometric Alternating Side Slam,Advanced,Abdominals,Obliques,Rectus Abdominis,Quadriceps Femoris,Battle Ropes
Superband Standing Adduction,Novice,Adductors,Adductor Magnus,,,Superband
Superband Lateral Step Adduction,Novice,Adductors,Adductor Magnus,,,Superband
Double Kettlebell Bottoms Up Front Rack Walking Lunge,Intermediate,Quadriceps,Quadriceps Femoris,Gluteus Maximus,,Kettlebell
Kettlebell Dead Clean to Horn Grip Squat,Intermediate,Quadriceps,Quadriceps Femoris,Gluteus Maximus,,Kettlebell
Double Kettlebell Bottoms Up Front Rack March,Intermediate,Abdominals,Rectus Abdominis,,,Kettlebell
Double Kettlebell Bottoms Up Overhead March,Intermediate,Abdominals,Rectus Abdominis,,,Kettlebell
Suspension Alternating Cossack Squat,Beginner,Quadriceps,Quadriceps Femoris,Adductor Magnus,Gluteus Maximus,Suspension Trainer
Battle Rope Single Leg Standing Alternating Wave,Intermediate,Biceps,Biceps Brachii,,,Battle Ropes
Battle Rope Alternating Wave,Beginner,Biceps,Biceps Brachii,,,Battle Ropes
Battle Rope Split Squat Isometric Alternating Wave,Advanced,Biceps,Biceps Brachii,Quadriceps Femoris,,Battle Ropes
Superband Assisted Dips,Intermediate,Chest,Pectoralis Major,Triceps Brachii,,Superband
Cable Tall Kneeling Face Pull,Novice,Shoulders,Posterior Deltoids,Infraspinatus,Teres Minor,Cable
Suspension Split Squat,Beginner,Quadriceps,Quadriceps Femoris,Gluteus Maximus,,Suspension Trainer
Single Arm Kettlebell Tactical Clean,Advanced,Glutes,Gluteus Maximus,,,Kettlebell
Suspension Cyclist Squat,Beginner,Quadriceps,Quadriceps Femoris,Gluteus Maximus,,Suspension Trainer
Cable Rope Tall Kneeling Tricep Pushdown,Beginner,Triceps,Triceps Brachii,,,Cable
Single Arm Suspension Contralateral Skater Squat,Intermediate,Quadriceps,Quadriceps Femoris,Gluteus Maximus,,Suspension Trainer
Alternating Single Arm Kettlebell Ballistic Row,Intermediate,Back,Latissimus Dorsi,Biceps Brachii,,Kettlebell
Double Kettlebell Front Rack Pivot Split Squat,Intermediate,Quadriceps,Quadriceps Femoris,,,Kettlebell
Double Kettlebell Bottoms Up Front Rack Pivot Split Squat,Advanced,Quadriceps,Quadriceps Femoris,,,Kettlebell
Double Kettlebell Bottoms Up Overhead Pivot Split Squat,Advanced,Quadriceps,Quadriceps Femoris,,,Kettlebell
Bodyweight Cyclist Squat,Beginner,Quadriceps,Quadriceps Femoris,Gluteus Maximus,,Bodyweight
Kettlebell Half Kneeling Rotational Swing,Intermediate,Abdominals,Obliques,Rectus Abdominis,,Kettlebell
Double Kettlebell Clean to Push Jerk,Intermediate,Shoulders,Anterior Deltoids,Triceps Brachii,Gluteus Minimus,Kettlebell
Alternating Single Arm Kettlebell Clean to Push Jerk,Novice,Shoulders,Anterior Deltoids,Gluteus Maximus,,Kettlebell
Kettlebell Split Squat Isometric Low to High Chop,Advanced,Abdominals,Obliques,Rectus Abdominis,,Kettlebell
Kettlebell Split Squat Isometric Alternating Halo,Advanced,Shoulders,Posterior Deltoids,Medial Deltoids,,Kettlebell
Double Kettlebell Front Rack March,Novice,Abdominals,Rectus Abdominis,,,Kettlebell
Double Kettlebell Suitcase March,Novice,Abdominals,Rectus Abdominis,,,Kettlebell
Single Arm Kettlebell Rotational Half Snatch,Advanced,Shoulders,Anterior Deltoids,Obliques,Gluteus Maximus,Kettlebell
Single Arm Kettlebell Contralateral Staggered Stance Romanian Deadlift,Novice,Hamstrings,Biceps Femoris,Gluteus Maximus,,Kettlebell
Double Kettlebell Dead Clean to Front Rack Squat,Intermediate,Quadriceps,Quadriceps Femoris,Gluteus Maximus,,Kettlebell
Double Kettlebell Front Rack Alternating Shin Box Hip Extension to Overhead Press,Advanced,Shoulders,Anterior Deltoids,Triceps Brachii,,Kettlebell
Double Kettlebell Overhead Alternating Shin Box Hip Extension,Advanced,Glutes,Gluteus Maximus,,,Kettlebell
Double Kettlebell Bottoms Up Turkish Get Up,Expert,Abdominals,Obliques,Rectus Abdominis,,Kettlebell
Slider Single Leg Hamstring Curl,Advanced,Hamstrings,Biceps Femoris,Gluteus Maximus,,Sliders
Kettlebell Staggered Stance Rotational Swing,Intermediate,Abdominals,Obliques,Rectus Abdominis,Gluteus Maximus,Kettlebell
Single Arm Suspension Cyclist Squat,Beginner,Quadriceps,Quadriceps Femoris,Gluteus Maximus,,Suspension Trainer
Single Arm Kettlebell Suitcase Alternating Curtsy Lunge Pass Through,Intermediate,Quadriceps,Quadriceps Femoris,Gluteus Maximus,,Kettlebell
Barbell Low Bar Pause Back Squat,Intermediate,Quadriceps,Quadriceps Femoris,Gluteus Maximus,Biceps Femoris,Barbell
Barbell Front Rack Pause Squat,Intermediate,Quadriceps,Quadriceps Femoris,Gluteus Maximus,,Barbell
Barbell High Bar Pause Back Squat,Intermediate,Quadriceps,Quadriceps Femoris,Gluteus Maximus,,Barbell
Barbell Overhead Pause Squat,Intermediate,Quadriceps,Quadriceps Femoris,Gluteus Maximus,,Barbell
Single Arm Kettlebell Suitcase Walking Lunge Pass Through,Intermediate,Quadriceps,Quadriceps Femoris,Gluteus Maximus,,Kettlebell
Ring Hanging Knees to Wrists,Advanced,Abdominals,Rectus Abdominis,Iliopsoas,Rectus Femoris,Gymnastic Rings
Slider Suspension Lateral Lunge,Beginner,Adductors,Adductor Magnus,Quadriceps Femoris,,Sliders
Double Kettlebell Overhead Press,Beginner,Shoulders,Anterior Deltoids,Triceps Brachii,,Kettlebell
Dumbbell Goblet Cyclist Squat,Novice,Quadriceps,Quadriceps Femoris,Gluteus Maximus,,Dumbbell
Slider Barbell Front Rack Lateral Lunge,Intermediate,Adductors,Adductor Magnus,,,Sliders
Slider Barbell Back Rack Lateral Lunge,Intermediate,Adductors,Adductor Magnus,,,Sliders
Barbell Overhead Alternating Cossack Squat,Advanced,Quadriceps,Quadriceps Femoris,Adductor Magnus,Gluteus Maximus,Barbell
Barbell Overhead Alternating Reverse Lunge,Advanced,Quadriceps,Quadriceps Femoris,Gluteus Maximus,Biceps Femoris,Barbell
Miniband Side Plank Hip Abduction,Intermediate,Abductors,Gluteus Medius,Gluteus Minimus,,Miniband
Double Kettlebell Bottoms Up Overhead Press,Intermediate,Shoulders,Anterior Deltoids,Triceps Brachii,,Kettlebell
Double Kettlebell Suitcase Carry,Beginner,Forearms,Brachioradialis,,,Kettlebell
Single Arm Kettlebell Suitcase Carry,Beginner,Forearms,Brachioradialis,Obliques,,Kettlebell
Double Kettlebell Bottoms Up Front Rack Cossack Squat,Intermediate,Quadriceps,Quadriceps Femoris,Adductor Magnus,Gluteus Maximus,Kettlebell
Alternating Single Arm Kettlebell Knee Hover Quadruped Pull Through,Intermediate,Abdominals,Rectus Abdominis,Obliques,,Kettlebell
Single Arm Kettlebell High Pull,Intermediate,Shoulders,Posterior Deltoids,,,Kettlebell
Parallette Close Grip Single Leg Push Up,Advanced,Triceps,Triceps Brachii,Pectoralis Major,,Parallette Bars
Alternating Single Arm Kettlebell Front Rack Squat,Intermediate,Quadriceps,Quadriceps Femoris,Gluteus Maximus,,Kettlebell
Alternating Single Arm Kettlebell Thruster,Intermediate,Shoulders,Anterior Deltoids,Quadriceps Femoris,,Kettlebell
Double Kettlebell Suitcase Knee Over Toe Split Squat,Novice,Quadriceps,Quadriceps Femoris,Gluteus Maximus,,Kettlebell
Double Kettlebell Sumo Deadlift to Push Up,Intermediate,Back,Latissimus Dorsi,Gluteus Maximus,Pectoralis Major,Kettlebell
Alternating Single Arm Kettlebell Clean to Thruster,Intermediate,Shoulders,Anterior Deltoids,Gluteus Maximus,Quadriceps Femoris,Kettlebell
Suspension Alternating Curtsy Lunge,Novice,Quadriceps,Gluteus Maximus,,,Suspension Trainer
Single Arm Kettlebell Single Leg Balance Transfer,Intermediate,Abdominals,Rectus Abdominis,Gluteus Medius,,Kettlebell
Barbell Front Rack Alternating Forward Lunge,Intermediate,Quadriceps,Quadriceps Femoris,Gluteus Maximus,,Barbell
Barbell Front Rack Alternating Reverse Lunge,Intermediate,Quadriceps,Quadriceps Femoris,Gluteus Maximus,Biceps Femoris,Barbell
Barbell Overhead Alternating Forward Lunge,Advanced,Quadriceps,Quadriceps Femoris,Gluteus Maximus,,Barbell
Macebell 360,Intermediate,Shoulders,Posterior Deltoids,Rectus Abdominis,,Macebell
Single Arm Macebell 360,Intermediate,Shoulders,Posterior Deltoids,Rectus Abdominis,,Macebell
Macebell 10 to 2,Intermediate,Shoulders,Posterior Deltoids,Rectus Abdominis,,Macebell
Macebell Barbarian Squat,Novice,Quadriceps,Quadriceps Femoris,Posterior Deltoids,,Macebell
Single Arm Macebell Barbarian Squat,Intermediate,Quadriceps,Quadriceps Femoris,Posterior Deltoids,,Macebell
Macebell Ballistic Curl,Novice,Biceps,Biceps Brachii,,,Macebell
Macebell Single Leg Standing Bent Knee Ballistic Curl,Intermediate,Biceps,Biceps Brachii,,,Macebell
Macebell Split Squat Isometric Low to High Chop,Advanced,Abdominals,Obliques,Rectus Abdominis,,Macebell
Single Arm Macebell Single Leg Standing Bent Knee 360,Advanced,Shoulders,Posterior Deltoids,Rectus Abdominis,,Macebell
Double Indian Club Outer Heart Shaped Swing,Intermediate,Shoulders,Posterior Deltoids,,,Indian Club
Single Arm Indian Club Outer Heart Shaped Swing,Novice,Shoulders,Posterior Deltoids,,,Indian Club
Macebell Front Swing to 360,Advanced,Shoulders,Posterior Deltoids,Rectus Abdominis,,Macebell
Clubbell Swing to Gamma Cast,Intermediate,Shoulders,Posterior Deltoids,Rectus Abdominis,,Clubbell
Macebell Alternating 360,Intermediate,Shoulders,Posterior Deltoids,Rectus Abdominis,,Macebell
Single Arm Landmine Single Leg Standing Bent Knee Ipsilateral Shoulder Press,Advanced,Shoulders,Anterior Deltoids,,,Landmine
Single Arm Landmine Single Leg Standing Bent Knee Contralateral Shoulder Press,Advanced,Shoulders,Anterior Deltoids,,,Landmine
Alternating Single Arm Landmine Single Leg Standing Bent Knee Shoulder Press,Advanced,Shoulders,Anterior Deltoids,,,Landmine
Single Arm Kettlebell Suitcase Foot Elevated Contralateral Knee Over Toe Split Squat,Novice,Quadriceps,Quadriceps Femoris,Gluteus Maximus,Rectus Abdominis,Kettlebell
Single Arm Kettlebell Suitcase Contralateral Knee Over Toe Split Squat,Novice,Quadriceps,Quadriceps Femoris,Gluteus Maximus,Rectus Abdominis,Kettlebell
Macebell Alternating 360 to Lateral Uppercut,Advanced,Shoulders,Posterior Deltoids,Rectus Abdominis,,Macebell
Macebell Alternating 360 to Alternating Lateral Lunge Front Press,Advanced,Shoulders,Posterior Deltoids,Anterior Deltoids,Quadriceps Femoris,Macebell
Clubbell Shield Cast,Intermediate,Shoulders,Posterior Deltoids,Rectus Abdominis,,Clubbell
Single Arm Clubbell Shield Cast,Intermediate,Shoulders,Posterior Deltoids,Rectus Abdominis,,Clubbell
Alternating Double Clubbell Shield Cast,Intermediate,Shoulders,Posterior Deltoids,Rectus Abdominis,,Clubbell
Single Arm Clubbell Inside Circle,Intermediate,Abdominals,Rectus Abdominis,Gluteus Maximus,Brachioradialis,Clubbell
Alternating Double Clubbell Inside Circle,Intermediate,Abdominals,Rectus Abdominis,Gluteus Maximus,Brachioradialis,Clubbell
Clubbell Front Flag Hold March,Novice,Abdominals,Rectus Abdominis,Anterior Deltoids,,Clubbell
Double Clubbell Side Shoulder Cast,Intermediate,Shoulders,Posterior Deltoids,,,Clubbell
Double Clubbell Side Shoulder Cast to Side Flag Press,Intermediate,Shoulders,Posterior Deltoids,,,Clubbell
Double Clubbell Swipe to Alternating Reverse Lunge Side Shoulder Cast to Side Flag Press,Advanced,Shoulders,Posterior Deltoids,Quadriceps Femoris,,Clubbell
Double Clubbell Single Leg Standing Bent Knee Side Shoulder Cast to Side Flag Press,Advanced,Shoulders,Posterior Deltoids,,,Clubbell
Clubbell Clean to Barbarian Squat,Intermediate,Quadriceps,Quadriceps Femoris,Gluteus Maximus,,Clubbell
Clubbell Mill,Intermediate,Shoulders,Posterior Deltoids,Gluteus Maximus,Obliques,Clubbell
Clubbell Inside Circle,Intermediate,Abdominals,Rectus Abdominis,Gluteus Maximus,Brachioradialis,Clubbell
Clubbell Half Kneeling Shield Cast,Intermediate,Shoulders,Posterior Deltoids,Rectus Abdominis,,Clubbell
Clubbell Split Squat Isometric Shield Cast,Advanced,Shoulders,Posterior Deltoids,Quadriceps Femoris,Rectus Abdominis,Clubbell
Clubbell Single Leg Standing Bent Knee Shield Cast,Advanced,Shoulders,Posterior Deltoids,Rectus Abdominis,,Clubbell
Double Clubbell Iron Cross,Intermediate,Shoulders,Posterior Deltoids,,,Clubbell
Double Clubbell Half Kneeling Iron Cross,Intermediate,Shoulders,Posterior Deltoids,,,Clubbell
Double Clubbell Split Squat Isometric Iron Cross,Advanced,Shoulders,Posterior Deltoids,Quadriceps Femoris,,Clubbell
Double Clubbell Single Leg Standing Bent Knee Iron Cross,Advanced,Shoulders,Posterior Deltoids,Quadriceps Femoris,,Clubbell
Double Kettlebell Suitcase Deadlift,Beginner,Back,Latissimus Dorsi,Gluteus Maximus,Biceps Femoris,Kettlebell
Double Kettlebell Bottoms Up Clean,Intermediate,Glutes,Gluteus Maximus,,,Kettlebell
Double Clubbell Alternating Reverse Lunge Front Flag Press,Intermediate,Quadriceps,Quadriceps Femoris,Anterior Deltoids,Biceps Femoris,Clubbell
Clubbell Gamma Cast,Intermediate,Shoulders,Posterior Deltoids,Rectus Abdominis,,Clubbell
Clubbell Half Kneeling Gamma Cast,Intermediate,Shoulders,Posterior Deltoids,Rectus Abdominis,,Clubbell
Clubbell Split Squat Isometric Gamma Cast,Advanced,Shoulders,Posterior Deltoids,Quadriceps Femoris,Rectus Abdominis,Clubbell
Clubbell Single Leg Standing Bent Knee Gamma Cast,Advanced,Shoulders,Posterior Deltoids,Rectus Abdominis,,Clubbell
Single Arm Clubbell Pullover,Novice,Back,Latissimus Dorsi,Posterior Deltoids,Triceps Brachii,Clubbell
Double Clubbell Pullover,Novice,Back,Latissimus Dorsi,Posterior Deltoids,Triceps Brachii,Clubbell
Clubbell Pullover,Novice,Back,Latissimus Dorsi,Posterior Deltoids,Triceps Brachii,Clubbell
Single Arm Clubbell Side Swing,Intermediate,Abdominals,Obliques,Gluteus Maximus,,Clubbell
Single Arm Clubbell Inside Pendulum,Intermediate,Abdominals,Obliques,Gluteus Maximus,,Clubbell
Double Clubbell Swipe,Intermediate,Glutes,Gluteus Maximus,Biceps Femoris,Latissimus Dorsi,Clubbell
Single Arm Clubbell Swipe,Intermediate,Glutes,Gluteus Maximus,Biceps Femoris,Latissimus Dorsi,Clubbell
Single Arm Clubbell Crossbody Swipe,Intermediate,Abdominals,Obliques,Gluteus Maximus,Latissimus Dorsi,Clubbell
Macebell Alternating 360 to Front Flag Press,Advanced,Shoulders,Posterior Deltoids,Anterior Deltoids,Rectus Abdominis,Macebell
Single Arm Clubbell Inside Circle to Shield Cast,Advanced,Shoulders,Posterior Deltoids,Rectus Abdominis,Gluteus Maximus,Clubbell
Clubbell Barbarian Squat,Novice,Quadriceps,Quadriceps Femoris,Posterior Deltoids,,Clubbell
Single Arm Clubbell Inside Circle to Outside Circle,Intermediate,Abdominals,Rectus Abdominis,Gluteus Maximus,Brachioradialis,Clubbell
Clubbell Inside Circle to Outside Circle,Intermediate,Abdominals,Rectus Abdominis,Gluteus Maximus,Brachioradialis,Clubbell
Double Clubbell Barbarian Squat,Novice,Quadriceps,Quadriceps Femoris,Posterior Deltoids,,Clubbell
Single Arm Clubbell Side to Side Swing,Intermediate,Abdominals,Obliques,Gluteus Maximus,,Clubbell
Alternating Single Arm Clubbell Side to Side Swing,Advanced,Abdominals,Obliques,Gluteus Maximus,,Clubbell
Clubbell Alternating Inside Pendulum to Gamma Cast,Advanced,Shoulders,Posterior Deltoids,Obliques,Rectus Abdominis,Clubbell
Single Arm Clubbell Single Leg Standing Bent Knee Contralateral Shield Cast,Advanced,Shoulders,Posterior Deltoids,Rectus Abdominis,,Clubbell
Double Clubbell Side Flag Press,Intermediate,Shoulders,Medial Deltoids,,,Clubbell
Clubbell Front Flag Press,Novice,Shoulders,Anterior Deltoids,Triceps Brachaii,,Clubbell
Single Arm Clubbell Inside Circle to Front Flag Press,Intermediate,Shoulders,Anterior Deltoids,Triceps Brachaii,Obliques,Clubbell
Double Clubbell Order Bulgarian Split Squat,Intermediate,Quadriceps,Quadriceps Femoris,Gluteus Maximus,Brachioradialis,Clubbell
Barbell Hang Squat Clean,Advanced,Quadriceps,Quadriceps Femoris,Gluteus Maximus,,Barbell
Alternating Single Arm Kettlebell Feet Elevated Plank Pull Through,Intermediate,Abdominals,Rectus Abdominis,Obliques,,Kettlebell
Miniband Supine Alternating Hip Flexion,Beginner,Hip Flexors,Iliopsoas,Rectus Femoris,,Miniband
Double Indian Club Inner Heart Shaped Swing,Intermediate,Shoulders,Posterior Deltoids,,,Indian Club
Single Arm Indian Club Inner Heart Shaped Swing,Novice,Shoulders,Posterior Deltoids,,,Indian Club
Alternating Double Indian Club Inner Heart Shaped Swing,Intermediate,Shoulders,Posterior Deltoids,,,Indian Club
Double Indian Club Crescent Swing,Advanced,Shoulders,Posterior Deltoids,Obliques,,Indian Club
Single Arm Clubbell Barbarian Squat,Novice,Quadriceps,Quadriceps Femoris,Posterior Deltoids,,Clubbell
Single Arm Clubbell Single Leg Standing Bent Knee Ipsilateral Shield Cast,Advanced,Shoulders,Posterior Deltoids,Rectus Abdominis,,Clubbell
Clubbell Order Cyclist Squat,Novice,Quadriceps,Quadriceps Femoris,Gluteus Maximus,,Clubbell
Single Arm Clubbell Order Contralateral Bulgarian Split Squat,Intermediate,Quadriceps,Quadriceps Femoris,Gluteus Maximus,Brachioradialis,Clubbell
Alternating Double Clubbell Side Flag Press,Intermediate,Shoulders,Medial Deltoids,,,Clubbell
Single Arm Clubbell Side Flag Press,Intermediate,Shoulders,Medial Deltoids,,,Clubbell
Single Arm Clubbell Side Shoulder Cast,Intermediate,Shoulders,Posterior Deltoids,,,Clubbell
Clubbell Order Squat,Beginner,Quadriceps,Quadriceps Femoris,Gluteus Maximus,,Clubbell
Single Arm Clubbell Order Ipsilateral Bulgarian Split Squat,Intermediate,Quadriceps,Quadriceps Femoris,Gluteus Maximus,Brachioradialis,Clubbell
Single Arm Clubbell Order Squat,Novice,Quadriceps,Quadriceps Femoris,Gluteus Maximus,,Clubbell
Double Clubbell Order Squat,Novice,Quadriceps,Quadriceps Femoris,Gluteus Maximus,,Clubbell
Single Arm Macebell Front Swing to 360,Advanced,Shoulders,Posterior Deltoids,Rectus Abdominis,,Macebell
Single Arm Ring Dead Hang,Novice,Back,Latissimus Dorsi,,,Gymnastic Rings
Clubbell Torch Press,Novice,Shoulders,Anterior Deltoids,Triceps Brachaii,,Clubbell
Single Arm Clubbell Torch Press,Novice,Shoulders,Anterior Deltoids,Triceps Brachaii,,Clubbell
Double Clubbell Torch Press,Novice,Shoulders,Anterior Deltoids,Triceps Brachaii,,Clubbell
Alternating Double Clubbell Torch Press,Novice,Shoulders,Anterior Deltoids,Triceps Brachaii,,Clubbell
Single Arm Clubbell Front Flag Press,Novice,Shoulders,Anterior Deltoids,Triceps Brachaii,,Clubbell
Double Clubbell Front Flag Press,Novice,Shoulders,Anterior Deltoids,Triceps Brachaii,,Clubbell
Alternating Double Clubbell Front Flag Press,Novice,Shoulders,Anterior Deltoids,Triceps Brachaii,,Clubbell
Double Indian Club Lateral Internal and External Rotations,Novice,Shoulders,Posterior Deltoids,,,Indian Club
Single Arm Indian Club Lateral Internal and External Rotation,Novice,Shoulders,Posterior Deltoids,,,Indian Club
Double Indian Club Overhead Arm Circles,Novice,Shoulders,Medial Deltoids,,,Indian Club
Double Indian Club Lateral Arm Circles,Novice,Shoulders,Medial Deltoids,,,Indian Club
Resistance Band Shoulder Dislocates,Novice,Shoulders,Posterior Deltoids,,,Resistance Band
Suspension Reverse Grip Bicep Curl,Novice,Forearms,Brachioradialis,Biceps Brachii,Brachialis,Suspension Trainer
Bulgarian Bag Side to Side Swing,Intermediate,Abdominals,Obliques,,,Bulgarian Bag
Barbell Reverse Grip Bicep Curl,Intermediate,Forearms,Brachioradialis,Biceps Brachii,Brachialis,Barbell
Cable Straight Bar Reverse Grip Bicep Curl,Novice,Forearms,Brachioradialis,Biceps Brachii,Brachialis,Cable
Cable Straight Bar Bicep Curl,Beginner,Biceps,Biceps Brachii,Brachialis,Brachioradialis,Cable
Clubbell Clean,Novice,Glutes,Gluteus Maximus,Brachioradialis,,Clubbell
Double Clubbell Clean,Novice,Glutes,Gluteus Maximus,Brachioradialis,,Clubbell
Single Arm Clubbell Clean,Novice,Glutes,Gluteus Maximus,Brachioradialis,,Clubbell
Single Arm Clubbell Reverse Mill,Intermediate,Shoulders,Posterior Deltoids,Gluteus Maximus,Obliques,Clubbell
Bulgarian Bag Spin,Advanced,Shoulders,Posterior Deltoids,Obliques,,Bulgarian Bag
Bulgarian Bag Alternating Spin,Advanced,Shoulders,Posterior Deltoids,Obliques,,Bulgarian Bag
Bulgarian Bag Alternating Spin to Side Swing Squat,Advanced,Shoulders,Posterior Deltoids,Obliques,Quadriceps Femoris,Bulgarian Bag
Bulgarian Bag Swipe,Intermediate,Glutes,Posterior Deltoids,,,Bulgarian Bag
Bulgarian Bag Snatch,Intermediate,Glutes,Gluteus Maximus,Anterior Deltoids,,Bulgarian Bag
Bulgarian Bag Alternating Rotational Snatch,Advanced,Shoulders,Anterior Deltoids,Obliques,Gluteus Maximus,Bulgarian Bag
Bulgarian Bag Alternating Side Swing Squat,Advanced,Abdominals,Obliques,Quadriceps Femoris,,Bulgarian Bag
Bulgarian Bag Dead Clean,Intermediate,Glutes,Gluteus Maximus,,,Bulgarian Bag
Bulgarian Bag Swing,Novice,Glutes,Gluteus Maximus,,,Bulgarian Bag
Bulgarian Bag Front Rack Squat,Novice,Quadriceps,Gluteus Maximus,,,Bulgarian Bag
Bulgarian Bag Back Rack Squat,Novice,Quadriceps,Gluteus Maximus,,,Bulgarian Bag
Bulgarian Bag Swing Squat,Advanced,Glutes,Gluteus Maximus,Quadriceps Femoris,,Bulgarian Bag
Bulgarian Bag Alternating Forward Lunge with Rotation,Intermediate,Quadriceps,Quadriceps Femoris,Obliques,,Bulgarian Bag
Clubbell Tall Kneeling Gamma Cast,Intermediate,Shoulders,Posterior Deltoids,Rectus Abdominis,,Clubbell
Clubbell Tall Kneeling Shield Cast,Intermediate,Shoulders,Posterior Deltoids,Rectus Abdominis,,Clubbell
Single Arm Clubbell Tall Kneeling Shield Cast,Intermediate,Shoulders,Posterior Deltoids,Rectus Abdominis,,Clubbell
Double Clubbell Swipe to Alternating Shield Cast,Advanced,Shoulders,Posterior Deltoids,Gluteus Maximus,,Clubbell
Double Clubbell Order Cyclist Squat,Intermediate,Quadriceps,Quadriceps Femoris,Gluteus Maximus,,Clubbell
Single Arm Clubbell Order Cyclist Squat,Intermediate,Quadriceps,Quadriceps Femoris,Gluteus Maximus,,Clubbell
Single Arm Clubbell Mill,Intermediate,Shoulders,Posterior Deltoids,Gluteus Maximus,Obliques,Clubbell
Double Clubbell Mill,Intermediate,Shoulders,Posterior Deltoids,Gluteus Maximus,Obliques,Clubbell
Single Arm Cable Reverse Grip Bicep Curl,Novice,Forearms,Brachioradialis,Biceps Brachii,Brachialis,Cable
Dumbbell Goblet Low Switch Cossack Squat,Intermediate,Quadriceps,Quadriceps Femoris,Adductor Magnus,Gluteus Maximus,Dumbbell
Double Kettlebell Clean to Alternating Thruster,Intermediate,Shoulders,Anterior Deltoids,Quadriceps Femoris,Gluteus Maximus,Kettlebell
Double Kettlebell Clean to Alternating Overhead Press,Intermediate,Shoulders,Anterior Deltoids,Gluteus Maximus,,Kettlebell
Double Kettlebell Bottoms Up Clean to Thruster,Intermediate,Shoulders,Anterior Deltoids,Gluteus Maximus,,Kettlebell
Double Kettlebell Bottoms Up Clean to Alternating Thruster,Intermediate,Shoulders,Anterior Deltoids,Gluteus Maximus,,Kettlebell
Double Kettlebell Bottoms Up Clean to Alternating Overhead Press,Intermediate,Shoulders,Anterior Deltoids,Triceps Brachii,Gluteus Minimus,Kettlebell
Double Kettlebell Clean to Split Jerk,Intermediate,Shoulders,Anterior Deltoids,Gluteus Maximus,,Kettlebell
Double Kettlebell Bottoms Up Clean to Split Jerk,Advanced,Shoulders,Anterior Deltoids,Gluteus Maximus,,Kettlebell
Double Dumbbell Front Rack Cossack Squat,Novice,Quadriceps,Quadriceps Femoris,Adductor Magnus,Gluteus Maximus,Dumbbell
Double Dumbbell Overhead Alternating Cossack Squat,Intermediate,Quadriceps,Quadriceps Femoris,Adductor Magnus,Gluteus Maximus,Dumbbell
Double Dumbbell Overhead Cossack Squat,Intermediate,Quadriceps,Quadriceps Femoris,Adductor Magnus,Gluteus Maximus,Dumbbell
Double Dumbbell Low Hold Alternating Cossack Squat,Novice,Quadriceps,Quadriceps Femoris,Adductor Magnus,Gluteus Maximus,Dumbbell
Double Dumbbell Low Hold Cossack Squat,Novice,Quadriceps,Quadriceps Femoris,Adductor Magnus,Gluteus Maximus,Dumbbell
Single Arm Kettlebell Clean to Split Jerk,Intermediate,Shoulders,Anterior Deltoids,Gluteus Maximus,,Kettlebell
Alternating Single Arm Kettlebell Clean to Split Jerk,Intermediate,Shoulders,Anterior Deltoids,Gluteus Maximus,,Kettlebell
Suspension Low Switch Cossack Squat,Novice,Quadriceps,Quadriceps Femoris,Adductor Magnus,Gluteus Maximus,Suspension Trainer
Suspension Cossack Squat,Beginner,Quadriceps,Quadriceps Femoris,Adductor Magnus,Gluteus Maximus,Suspension Trainer
Single Arm Suspension Alternating Cossack Squat,Beginner,Quadriceps,Quadriceps Femoris,Adductor Magnus,Gluteus Maximus,Suspension Trainer
Single Arm Suspension Contralateral Cossack Squat,Beginner,Quadriceps,Quadriceps Femoris,Adductor Magnus,Gluteus Maximus,Suspension Trainer
Single Arm Suspension Low Switch Cossack Squat,Beginner,Quadriceps,Quadriceps Femoris,Adductor Magnus,Gluteus Maximus,Suspension Trainer
Suspension Foot Elevated Cossack Squat,Beginner,Quadriceps,Quadriceps Femoris,Adductor Magnus,Gluteus Maximus,Suspension Trainer
Single Arm Suspension Foot Elevated Contralateral Cossack Squat,Beginner,Quadriceps,Quadriceps Femoris,Adductor Magnus,Gluteus Maximus,Suspension Trainer
Barbell Overhead Cossack Squat,Advanced,Quadriceps,Quadriceps Femoris,Adductor Magnus,Gluteus Maximus,Barbell
Barbell Front Rack Low Switch Cossack Squat,Advanced,Quadriceps,Quadriceps Femoris,Adductor Magnus,Gluteus Maximus,Barbell
Barbell Back Rack Low Switch Cossack Squat,Advanced,Quadriceps,Quadriceps Femoris,Adductor Magnus,Gluteus Maximus,Barbell
Barbell Back Rack Cossack Squat,Intermediate,Quadriceps,Quadriceps Femoris,Adductor Magnus,Gluteus Maximus,Barbell
Barbell Front Rack Cossack Squat,Intermediate,Quadriceps,Quadriceps Femoris,Adductor Magnus,Gluteus Maximus,Barbell
Landmine Goblet Cossack Squat,Intermediate,Quadriceps,Quadriceps Femoris,Adductor Magnus,Gluteus Maximus,Landmine
Landmine Goblet Low Switch Cossack Squat,Advanced,Quadriceps,Quadriceps Femoris,Adductor Magnus,Gluteus Maximus,Landmine
Landmine Goblet Foot Elevated Cossack Squat,Advanced,Quadriceps,Quadriceps Femoris,Adductor Magnus,Gluteus Maximus,Landmine
Landmine Low Hold Cossack Squat,Intermediate,Quadriceps,Quadriceps Femoris,Adductor Magnus,Gluteus Maximus,Landmine
Landmine Low Hold Low Switch Cossack Squat,Advanced,Quadriceps,Quadriceps Femoris,Adductor Magnus,Gluteus Maximus,Landmine
Landmine Low Hold Foot Elevated Cossack Squat,Advanced,Quadriceps,Quadriceps Femoris,Adductor Magnus,Gluteus Maximus,Landmine
Dumbbell Goblet Cossack Squat,Novice,Quadriceps,Quadriceps Femoris,Adductor Magnus,Gluteus Maximus,Dumbbell
Single Arm Dumbbell Front Rack Contralateral Cossack Squat,Novice,Quadriceps,Quadriceps Femoris,Adductor Magnus,Gluteus Maximus,Dumbbell
Double Dumbbell Overhead Low Switch Cossack Squat,Advanced,Quadriceps,Quadriceps Femoris,Adductor Magnus,Gluteus Maximus,Dumbbell
Double Dumbbell Overhead Foot Elevated Cossack Squat,Advanced,Quadriceps,Quadriceps Femoris,Adductor Magnus,Gluteus Maximus,Dumbbell
Double Dumbbell Front Rack Low Switch Cossack Squat,Intermediate,Quadriceps,Quadriceps Femoris,Adductor Magnus,Gluteus Maximus,Dumbbell
Double Dumbbell Front Rack Foot Elevated Cossack Squat,Intermediate,Quadriceps,Quadriceps Femoris,Adductor Magnus,Gluteus Maximus,Dumbbell
Single Arm Dumbbell Front Rack Alternating Cossack Squat,Novice,Quadriceps,Quadriceps Femoris,Adductor Magnus,Gluteus Maximus,Dumbbell
Single Arm Dumbbell Front Rack Low Switch Cossack Squat,Intermediate,Quadriceps,Quadriceps Femoris,Adductor Magnus,Gluteus Maximus,Dumbbell
Dumbbell Low Hold Cossack Squat,Novice,Quadriceps,Quadriceps Femoris,Adductor Magnus,Gluteus Maximus,Dumbbell
Dumbbell Low Hold Alternating Cossack Squat,Novice,Quadriceps,Quadriceps Femoris,Adductor Magnus,Gluteus Maximus,Dumbbell
Double Dumbbell Low Hold Low Switch Cossack Squat,Intermediate,Quadriceps,Quadriceps Femoris,Adductor Magnus,Gluteus Maximus,Dumbbell
Double Dumbbell Low Hold Foot Elevated Cossack Squat,Intermediate,Quadriceps,Quadriceps Femoris,Adductor Magnus,Gluteus Maximus,Dumbbell
Dumbbell Low Hold Low Switch Cossack Squat,Intermediate,Quadriceps,Quadriceps Femoris,Adductor Magnus,Gluteus Maximus,Dumbbell
Dumbbell Low Hold Foot Elevated Cossack Squat,Intermediate,Quadriceps,Quadriceps Femoris,Adductor Magnus,Gluteus Maximus,Dumbbell
Single Arm Dumbbell Overhead Contralateral Cossack Squat,Intermediate,Quadriceps,Quadriceps Femoris,Adductor Magnus,Gluteus Maximus,Dumbbell
Single Arm Dumbbell Overhead Ipsilateral Cossack Squat,Intermediate,Quadriceps,Quadriceps Femoris,Adductor Magnus,Gluteus Maximus,Dumbbell
Single Arm Kettlebell Bottoms Up Clean to Split Jerk,Advanced,Shoulders,Anterior Deltoids,Gluteus Maximus,,Kettlebell
Alternating Single Arm Kettlebell Bottoms Up Clean to Split Jerk,Advanced,Shoulders,Anterior Deltoids,Gluteus Maximus,,Kettlebell
Double Kettlebell Bottoms Up Split Jerk,Advanced,Shoulders,Anterior Deltoids,Triceps Brachii,Gluteus Minimus,Kettlebell
Clubbell Order Alternating Cossack Squat,Novice,Quadriceps,Quadriceps Femoris,Adductor Magnus,Gluteus Maximus,Clubbell
Clubbell Order Cossack Squat,Novice,Quadriceps,Quadriceps Femoris,Adductor Magnus,Gluteus Maximus,Clubbell
Clubbell Order Low Switch Cossack Squat,Intermediate,Quadriceps,Quadriceps Femoris,Adductor Magnus,Gluteus Maximus,Clubbell
Clubbell Order Foot Elevated Cossack Squat,Intermediate,Quadriceps,Quadriceps Femoris,Adductor Magnus,Gluteus Maximus,Clubbell
Double Clubbell Order Alternating Cossack Squat,Novice,Quadriceps,Quadriceps Femoris,Adductor Magnus,Gluteus Maximus,Clubbell
Double Clubbell Order Cossack Squat,Novice,Quadriceps,Quadriceps Femoris,Adductor Magnus,Gluteus Maximus,Clubbell
Double Clubbell Order Low Switch Cossack Squat,Intermediate,Quadriceps,Quadriceps Femoris,Adductor Magnus,Gluteus Maximus,Clubbell
Double Clubbell Order Foot Elevated Cossack Squat,Intermediate,Quadriceps,Quadriceps Femoris,Adductor Magnus,Gluteus Maximus,Clubbell
Clubbell Front Flag Hold Cossack Squat,Novice,Quadriceps,Quadriceps Femoris,Adductor Magnus,Gluteus Maximus,Clubbell
Clubbell Front Flag Hold Alternating Cossack Squat,Novice,Quadriceps,Quadriceps Femoris,Adductor Magnus,Gluteus Maximus,Clubbell
Clubbell Front Flag Hold Low Switch Cossack Squat,Intermediate,Quadriceps,Quadriceps Femoris,Adductor Magnus,Gluteus Maximus,Clubbell
Clubbell Front Flag Hold Foot Elevated Cossack Squat,Intermediate,Quadriceps,Quadriceps Femoris,Adductor Magnus,Gluteus Maximus,Clubbell
Double Clubbell Front Flag Hold Cossack Squat,Novice,Quadriceps,Quadriceps Femoris,Adductor Magnus,Gluteus Maximus,Clubbell
Double Clubbell Front Flag Hold Alternating Cossack Squat,Novice,Quadriceps,Quadriceps Femoris,Adductor Magnus,Gluteus Maximus,Clubbell
Double Clubbell Front Flag Hold Low Switch Cossack Squat,Intermediate,Quadriceps,Quadriceps Femoris,Adductor Magnus,Gluteus Maximus,Clubbell
Double Clubbell Front Flag Hold Foot Elevated Cossack Squat,Intermediate,Quadriceps,Quadriceps Femoris,Adductor Magnus,Gluteus Maximus,Clubbell
Single Arm Clubbell Order Contralateral Cossack Squat,Novice,Quadriceps,Quadriceps Femoris,Adductor Magnus,Gluteus Maximus,Clubbell
Single Arm Clubbell Order Alternating Cossack Squat,Novice,Quadriceps,Quadriceps Femoris,Adductor Magnus,Gluteus Maximus,Clubbell
Single Arm Clubbell Order Low Switch Cossack Squat,Intermediate,Quadriceps,Quadriceps Femoris,Adductor Magnus,Gluteus Maximus,Clubbell
Single Arm Clubbell Order Foot Elevated Contralateral Cossack Squat,Intermediate,Quadriceps,Quadriceps Femoris,Adductor Magnus,Gluteus Maximus,Clubbell
Single Arm Clubbell Front Flag Hold Contralateral Cossack Squat,Novice,Quadriceps,Quadriceps Femoris,Adductor Magnus,Gluteus Maximus,Clubbell
Single Arm Clubbell Front Flag Hold Alternating Cossack Squat,Novice,Quadriceps,Quadriceps Femoris,Adductor Magnus,Gluteus Maximus,Clubbell
Single Arm Clubbell Front Flag Hold Low Switch Cossack Squat,Intermediate,Quadriceps,Quadriceps Femoris,Adductor Magnus,Gluteus Maximus,Clubbell
Single Arm Clubbell Front Flag Hold Foot Elevated Contralateral Cossack Squat,Intermediate,Quadriceps,Quadriceps Femoris,Adductor Magnus,Gluteus Maximus,Clubbell
Heavy Sandbag Bear Hug Carry,Intermediate,Abdominals,Rectus Abdominis,Biceps Brachii,Gluteus Maximus,Heavy Sandbag
Dumbbell Hip Thrust,Beginner,Glutes,Gluteus Maximus,,,Dumbbell
Double Dumbbell Overhead Carry,Intermediate,Shoulders,Anterior Deltoids,Obliques,,Dumbbell
Single Arm Kettlebell Bottoms Up Split Jerk,Advanced,Shoulders,Anterior Deltoids,Triceps Brachii,Gluteus Minimus,Kettlebell
Alternating Single Arm Kettlebell Bottoms Up Clean,Intermediate,Glutes,Gluteus Maximus,,,Kettlebell
Single Arm Kettlebell Bottoms Up Clean,Intermediate,Glutes,Gluteus Maximus,,,Kettlebell
Alternating Single Arm Kettlebell Bottoms Up Clean to Thruster,Intermediate,Shoulders,Anterior Deltoids,Gluteus Maximus,,Kettlebell
Alternating Single Arm Kettlebell Bottoms Up Clean to Front Rack Squat,Intermediate,Quadriceps,Quadriceps Femoris,Gluteus Maximus,,Kettlebell
Heavy Sandbag Shoulder Carry,Intermediate,Abdominals,Rectus Abdominis,Obliques,Gluteus Maximus,Heavy Sandbag
Double Dumbbell Front Rack Carry,Novice,Abdominals,Rectus Abdominis,Gluteus Maximus,,Dumbbell
Single Arm Dumbbell Front Rack Carry,Novice,Abdominals,Rectus Abdominis,Gluteus Maximus,,Dumbbell
Double Clubbell Order Carry,Novice,Forearms,Brachioradialis,Rectus Abdominis,Gluteus Maximus,Clubbell
Single Arm Clubbell Order Carry,Novice,Forearms,Brachioradialis,Rectus Abdominis,Gluteus Maximus,Clubbell
Double Clubbell Front Flag Hold Carry,Intermediate,Forearms,Brachioradialis,Rectus Abdominis,Gluteus Maximus,Clubbell
Single Arm Clubbell Front Flag Hold Carry,Intermediate,Forearms,Brachioradialis,Rectus Abdominis,Gluteus Maximus,Clubbell
Barbell Overhead Carry,Advanced,Shoulders,Anterior Deltoids,Rectus Abdominis,Gluteus Maximus,Barbell
Single Arm Barbell Overhead Carry,Expert,Shoulders,Anterior Deltoids,Rectus Abdominis,Gluteus Maximus,Barbell
Barbell Front Rack Carry,Intermediate,Abdominals,Rectus Abdominis,Gluteus Maximus,,Barbell
Single Arm Kettlebell Split Squat Thruster,Intermediate,Shoulders,Anterior Deltoids,Quadriceps Femoris,,Kettlebell
Double Kettlebell Suitcase Alternating Reverse Lunge,Novice,Quadriceps,Quadriceps Femoris,Gluteus Maximus,Biceps Femoris,Kettlebell
Alternating Single Arm Kettlebell Sumo Deadlift,Novice,Back,Latissimus Dorsi,Gluteus Maximus,Biceps Femoris,Kettlebell
Single Arm Kettlebell Suitcase March,Novice,Abdominals,Rectus Abdominis,,,Kettlebell
Single Arm Kettlebell Bottoms Up Overhead March,Intermediate,Abdominals,Rectus Abdominis,,,Kettlebell
Single Arm Kettlebell Bottoms Up Front Rack March,Intermediate,Abdominals,Rectus Abdominis,,,Kettlebell
Double Kettlebell Half Snatch,Intermediate,Glutes,Gluteus Maximus,Anterior Deltoids,,Kettlebell
Alternating Single Arm Kettlebell Half Snatch,Intermediate,Glutes,Gluteus Maximus,Anterior Deltoids,,Kettlebell
Single Arm Kettlebell Half Snatch,Intermediate,Shoulders,Anterior Deltoids,Gluteus Maximus,,Kettlebell
Double Kettlebell Half Snatch to Thruster,Advanced,Shoulders,Anterior Deltoids,Gluteus Maximus,,Kettlebell
Double Kettlebell Overhead Cossack Squat,Intermediate,Quadriceps,Quadriceps Femoris,Adductor Magnus,Gluteus Maximus,Kettlebell
Heavy Sandbag Bear Hug Squat,Intermediate,Quadriceps,Quadriceps Femoris,Gluteus Maximus,,Heavy Sandbag
Heavy Sandbag Shoulder Squat,Intermediate,Quadriceps,Quadriceps Femoris,Gluteus Maximus,,Heavy Sandbag
Heavy Sandbag Turkish Get Up,Advanced,Abdominals,Obliques,Rectus Abdominis,,Heavy Sandbag
Heavy Sandbag Bear Hug Alternating Forward Lunge,Intermediate,Quadriceps,Quadriceps Femoris,Gluteus Maximus,Biceps Brachii,Heavy Sandbag
Heavy Sandbag Bear Hug Alternating Reverse Lunge,Intermediate,Quadriceps,Quadriceps Femoris,Gluteus Maximus,Biceps Femoris,Heavy Sandbag
Heavy Sandbag Shoulder Alternating Forward Lunge,Intermediate,Quadriceps,Quadriceps Femoris,Gluteus Maximus,,Heavy Sandbag
Heavy Sandbag Shoulder Alternating Reverse Lunge,Intermediate,Quadriceps,Quadriceps Femoris,Gluteus Maximus,Biceps Femoris,Heavy Sandbag
Heavy Sandbag Shoulder Walking Lunge,Intermediate,Quadriceps,Quadriceps Femoris,Gluteus Maximus,,Heavy Sandbag
Heavy Sandbag Shoulder Clean,Intermediate,Glutes,Gluteus Maximus,Biceps Femoris,Rectus Abdominis,Heavy Sandbag
Heavy Sandbag Over the Shoulder,Intermediate,Glutes,Gluteus Maximus,Biceps Femoris,Rectus Abdominis,Heavy Sandbag
Heavy Sandbag Alternating Shoulder Clean,Intermediate,Glutes,Gluteus Maximus,Biceps Femoris,Rectus Abdominis,Heavy Sandbag
Heavy Sandbag Alternating Over the Shoulder,Intermediate,Glutes,Gluteus Maximus,Biceps Femoris,Rectus Abdominis,Heavy Sandbag
Heavy Sandbag Bear Hug Walking Lunge,Intermediate,Quadriceps,Quadriceps Femoris,Gluteus Maximus,Biceps Brachii,Heavy Sandbag
Double Dumbbell Turkish Get Up,Advanced,Abdominals,Obliques,Rectus Abdominis,,Dumbbell
Alternating Single Arm Clubbell Mill,Intermediate,Shoulders,Posterior Deltoids,Gluteus Maximus,Obliques,Clubbell
Bodyweight Hand Assisted Sissy Squat,Novice,Quadriceps,Quadriceps Femoris,Gluteus Maximus,,Bodyweight
Bodyweight Sissy Squat,Advanced,Quadriceps,Quadriceps Femoris,Gluteus Maximus,,Bodyweight
Bodyweight Hand Assisted Knee Over Toe Split Squat,Beginner,Quadriceps,Quadriceps Femoris,Gluteus Maximus,,Bodyweight
Superband Sissy Squat,Intermediate,Quadriceps,Quadriceps Femoris,Gluteus Maximus,,Superband
Double Dumbbell Front Rack Walking Lunge,Novice,Quadriceps,Quadriceps Femoris,Gluteus Maximus,,Dumbbell
Single Arm Dumbbell Suitcase Walking Lunge,Novice,Quadriceps,Quadriceps Femoris,Gluteus Maximus,,Dumbbell
Single Arm Dumbbell Overhead Walking Lunge,Intermediate,Quadriceps,Quadriceps Femoris,Gluteus Maximus,,Dumbbell
Single Arm Dumbbell Front Rack Walking Lunge,Novice,Quadriceps,Quadriceps Femoris,Gluteus Maximus,,Dumbbell
Barbell Front Rack Walking Lunge,Intermediate,Quadriceps,Quadriceps Femoris,Gluteus Maximus,,Barbell
Kettlebell Goblet Horse Stance Squat,Novice,Quadriceps,Gluteus Maximus,,,Kettlebell
Double Kettlebell Alternating Forward Lunge Snatch,Advanced,Quadriceps,Quadriceps Femoris,Gluteus Maximus,Anterior Deltoids,Kettlebell
Double Kettlebell Feet Elevated Renegade Row,Advanced,Back,Latissimus Dorsi,,,Kettlebell
Double Kettlebell Feet Elevated Renegade Row Push Up,Advanced,Back,Latissimus Dorsi,,,Kettlebell
Double Kettlebell Half Snatch to Overhead Press,Advanced,Shoulders,Anterior Deltoids,Gluteus Maximus,,Kettlebell
Double Clubbell Order Walking Lunge,Novice,Quadriceps,Quadriceps Femoris,Gluteus Maximus,Brachioradialis,Clubbell
Single Arm Clubbell Order Walking Lunge,Novice,Quadriceps,Quadriceps Femoris,Gluteus Maximus,Brachioradialis,Clubbell
Clubbell Order Walking Lunge,Novice,Quadriceps,Quadriceps Femoris,Gluteus Maximus,Brachioradialis,Clubbell
Double Clubbell Front Flag Hold Walking Lunge,Intermediate,Quadriceps,Quadriceps Femoris,Gluteus Maximus,Brachioradialis,Clubbell
Single Arm Clubbell Front Flag Hold Walking Lunge,Intermediate,Quadriceps,Quadriceps Femoris,Gluteus Maximus,Brachioradialis,Clubbell
Clubbbell Front Flag Hold Walking Lunge,Intermediate,Quadriceps,Quadriceps Femoris,Gluteus Maximus,Brachioradialis,Clubbell
Bodyweight Box Jump,Intermediate,Quadriceps,Quadriceps Femoris,Gluteus Maximus,Biceps Femoris,Bodyweight
Bodyweight Lateral Box Jump,Intermediate,Quadriceps,Quadriceps Femoris,Gluteus Maximus,Biceps Femoris,Bodyweight
Bodyweight Alternating Lateral Box Jump,Intermediate,Quadriceps,Quadriceps Femoris,Gluteus Maximus,Biceps Femoris,Bodyweight
Bodyweight Straddle Planche,Expert,Abdominals,Rectus Abdominis,,,Bodyweight
Macebell Alternating 360 to Ballistic Curl,Intermediate,Shoulders,Posterior Deltoids,Biceps Brachii,Rectus Abdominis,Macebell
Suspension Pelican Curl,Advanced,Biceps,Biceps Brachii,Pectoralis Major,Brachioradialis,Suspension Trainer
Double Kettlebell Half Snatch to Front Rack Squat,Advanced,Shoulders,Anterior Deltoids,Quadriceps Femoris,Gluteus Minimus,Kettlebell
Single Arm Suspension Ipsilateral Pistol Squat,Advanced,Quadriceps,Quadriceps Femoris,Gluteus Maximus,,Suspension Trainer
Kettlebell Single Leg Standing Hip Flexion,Intermediate,Hip Flexors,Iliopsoas,Rectus Femoris,,Kettlebell
Double Kettlebell Bottoms Up Overhead Cossack Squat,Advanced,Quadriceps,Quadriceps Femoris,Adductor Magnus,Gluteus Maximus,Kettlebell
Double Dumbbell Hammer Curl,Beginner,Biceps,Biceps Brachii,Brachialis,Brachioradialis,Dumbbell
Double Kettlebell Low Hold Cossack Squat,Novice,Quadriceps,Quadriceps Femoris,Adductor Magnus,Gluteus Maximus,Kettlebell
Double Kettlebell Low Hold Alternating Cossack Squat,Novice,Quadriceps,Quadriceps Femoris,Adductor Magnus,Gluteus Maximus,Kettlebell
Kettlebell Goblet Alternating Cossack Squat,Novice,Quadriceps,Quadriceps Femoris,Adductor Magnus,Gluteus Maximus,Kettlebell
Barbell Zercher Carry,Advanced,Abdominals,Rectus Abdominis,Gluteus Maximus,,Barbell
Alternating Double Dumbbell Bench Press,Beginner,Chest,Pectoralis Major,Triceps Brachii,,Dumbbell
Alternating Double Dumbbell Incline Bench Press,Beginner,Chest,Pectoralis Major,Triceps Brachii,,Dumbbell
Alternating Double Dumbbell Decline Bench Press,Beginner,Chest,Pectoralis Major,Triceps Brachii,,Dumbbell
Alternating Double Dumbbell Top Down Bench Press,Beginner,Chest,Pectoralis Major,Triceps Brachii,,Dumbbell
Alternating Double Dumbbell Top Down Incline Bench Press,Beginner,Chest,Pectoralis Major,Triceps Brachii,,Dumbbell
Alternating Double Dumbbell Top Down Decline Bench Press,Beginner,Chest,Pectoralis Major,Triceps Brachii,,Dumbbell
Single Arm Kettlebell Front Rack Alternating Cossack Squat,Novice,Quadriceps,Quadriceps Femoris,Adductor Magnus,Gluteus Maximus,Kettlebell
Single Arm Kettlebell Ipsilateral Cossack Squat Thruster,Intermediate,Shoulders,Anterior Deltoids,Quadriceps Femoris,Adductor Magnus,Kettlebell
Kettlebell Goblet Foot Elevated Cossack Squat,Novice,Quadriceps,Quadriceps Femoris,Adductor Magnus,Gluteus Maximus,Kettlebell
Double Dumbbell Overhead Alternating Box Step Up,Intermediate,Quadriceps,Quadriceps Femoris,Gluteus Maximus,,Dumbbell
Single Arm Dumbbell Overhead Contralateral Box Step Up,Intermediate,Quadriceps,Quadriceps Femoris,Gluteus Maximus,,Dumbbell
Barbell Overhead Alternating Box Step Up,Advanced,Quadriceps,Quadriceps Femoris,Gluteus Maximus,,Barbell
Barbell Overhead Box Step Up,Advanced,Quadriceps,Quadriceps Femoris,Gluteus Maximus,,Barbell
Single Arm Dumbbell Suitcase Contralateral Box Step Up,Novice,Quadriceps,Quadriceps Femoris,Gluteus Maximus,,Dumbbell
Single Arm Dumbbell Suitcase Ipsilateral Box Step Up,Novice,Quadriceps,Quadriceps Femoris,Gluteus Maximus,,Dumbbell
Single Arm Dumbbell Front Rack Alternating Box Step Up,Novice,Quadriceps,Quadriceps Femoris,Gluteus Maximus,,Dumbbell
Barbell Overhead Box Russian Step Up,Advanced,Quadriceps,Quadriceps Femoris,Gluteus Maximus,,Barbell
Barbell Front Rack Box Russian Step Up,Intermediate,Quadriceps,Quadriceps Femoris,Gluteus Maximus,,Barbell
Barbell Back Rack Box Russian Step Up,Intermediate,Quadriceps,Quadriceps Femoris,Gluteus Maximus,,Barbell
Single Arm Dumbbell Front Rack Contralateral Box Russian Step Up,Intermediate,Quadriceps,Quadriceps Femoris,Gluteus Maximus,,Dumbbell
Single Arm Dumbbell Overhead Ipsilateral Box Step Up,Intermediate,Quadriceps,Quadriceps Femoris,Gluteus Maximus,,Dumbbell
Single Arm Kettlebell Bottoms Up Overhead Alternating Cossack Squat,Intermediate,Quadriceps,Quadriceps Femoris,Adductor Magnus,Gluteus Maximus,Kettlebell
Kettlebell Goblet Low Switch Cossack Squat,Intermediate,Quadriceps,Quadriceps Femoris,Adductor Magnus,Gluteus Maximus,Kettlebell
Kettlebell Low Hold Cossack Squat,Novice,Quadriceps,Quadriceps Femoris,Adductor Magnus,Gluteus Maximus,Kettlebell
Kettlebell Low Hold Alternating Cossack Squat,Novice,Quadriceps,Quadriceps Femoris,Adductor Magnus,Gluteus Maximus,Kettlebell
Single Arm Kettlebell Front Rack Ipsilateral Cossack Squat,Novice,Quadriceps,Quadriceps Femoris,Adductor Magnus,Gluteus Maximus,Kettlebell
Double Kettlebell Front Rack Carry,Novice,Abdominals,Rectus Abdominis,,,Kettlebell
Double Kettlebell Overhead Carry,Intermediate,Shoulders,Anterior Deltoids,Obliques,,Kettlebell
Double Kettlebell Bottoms Up Overhead Carry,Advanced,Shoulders,Anterior Deltoids,Obliques,,Kettlebell
Single Arm Kettlebell Overhead Carry,Intermediate,Shoulders,Anterior Deltoids,Obliques,,Kettlebell
Single Arm Kettlebell Bottoms Up Overhead Carry,Advanced,Shoulders,Anterior Deltoids,Obliques,,Kettlebell
Single Arm Kettlebell Half Kneeling Bent Press,Intermediate,Shoulders,Anterior Deltoids,Triceps Brachii,,Kettlebell
Double Clubbell Order Box Step Up,Novice,Quadriceps,Quadriceps Femoris,Gluteus Maximus,,Clubbell
Double Clubbell Order Alternating Box Step Up,Novice,Quadriceps,Quadriceps Femoris,Gluteus Maximus,,Clubbell
Single Arm Clubbell Order Contralateral Box Step Up,Novice,Quadriceps,Quadriceps Femoris,Gluteus Maximus,,Clubbell
Single Arm Clubbell Order Ipsilateral Box Step Up,Novice,Quadriceps,Quadriceps Femoris,Gluteus Maximus,,Clubbell
Bar Advanced Tuck Back Lever,Advanced,Abdominals,Rectus Abdominis,,,Pull Up Bar
Bar Advanced Tuck Front Lever,Advanced,Abdominals,Rectus Abdominis,,,Pull Up Bar
Bar Advanced Tuck Front Lever Pull Up,Expert,Back,Latissimus Dorsi,,,Pull Up Bar
Bar Archer Pull Up,Advanced,Back,Latissimus Dorsi,,,Pull Up Bar
Bar Chin Up,Intermediate,Biceps,Biceps Brachii,Latissimus Dorsi,,Pull Up Bar
Bar Circle Front Lever,Expert,Abdominals,Rectus Abdominis,,,Pull Up Bar
Bar Dead Hang,Beginner,Back,Latissimus Dorsi,,,Pull Up Bar
Bar Dead Hang to Front Lever Pull Up,Master,Back,Latissimus Dorsi,,,Pull Up Bar
Bar Eccentric Chin Up,Novice,Biceps,Biceps Brachii,Latissimus Dorsi,,Pull Up Bar
Bar Eccentric Pull Up,Novice,Back,Latissimus Dorsi,,,Pull Up Bar
Bar False Grip Pull Up,Advanced,Back,Latissimus Dorsi,,,Pull Up Bar
Bar Front Lever Pull to Inverted Hang,Expert,Abdominals,Rectus Abdominis,,,Pull Up Bar
Bar Full Back Lever,Expert,Abdominals,Rectus Abdominis,,,Pull Up Bar
Bar Full Front Lever,Expert,Abdominals,Rectus Abdominis,,,Pull Up Bar
Bar Full Front Lever Pull Up,Master,Back,Latissimus Dorsi,,,Pull Up Bar
Bar Gironda Sternum Chin Up,Expert,Biceps,Biceps Brachii,Latissimus Dorsi,,Pull Up Bar
Bar Half Lay Back Lever,Advanced,Abdominals,Rectus Abdominis,,,Pull Up Bar
Bar Half Lay Front Lever,Advanced,Abdominals,Rectus Abdominis,,,Pull Up Bar
Bar Hanging Knee Raise,Intermediate,Abdominals,Rectus Abdominis,Iliopsoas,Rectus Femoris,Pull Up Bar
Bar Hanging Knees to Elbows,Advanced,Abdominals,Rectus Abdominis,Iliopsoas,Rectus Femoris,Pull Up Bar
Bar Hanging Knees to Wrists,Advanced,Abdominals,Rectus Abdominis,Iliopsoas,Rectus Femoris,Pull Up Bar
Bar Hanging Leg Raise,Advanced,Abdominals,Rectus Abdominis,,,Pull Up Bar
Bar Hanging Leg Raise Toes to Bar,Advanced,Abdominals,Rectus Abdominis,,,Pull Up Bar
Bar Hanging Oblique Knee Raise,Intermediate,Abdominals,Obliques,Rectus Abdominis,,Pull Up Bar
Bar Inverted Hang,Advanced,Abdominals,Rectus Abdominis,,,Pull Up Bar
Bar L Sit Hang Flutter Kicks,Intermediate,Abdominals,Rectus Abdominis,,,Pull Up Bar
Bar L Sit Archer Pull Up,Expert,Back,Latissimus Dorsi,Biceps Brachii,,Pull Up Bar
Bar L Sit Chin Up,Advanced,Biceps,Biceps Brachii,Latissimus Dorsi,Rectus Abdominis,Pull Up Bar
Bar L Sit Pull Up,Advanced,Back,Latissimus Dorsi,Biceps Brachii,Rectus Abdominis,Pull Up Bar
Bar Pull Up,Intermediate,Back,Latissimus Dorsi,,,Pull Up Bar
Bar Scapular Pull Up,Intermediate,Back,Latissimus Dorsi,Rhomboids,,Pull Up Bar
Bar Single Leg Out Back Lever,Advanced,Abdominals,Rectus Abdominis,,,Pull Up Bar
Bar Single Leg Out Front Lever,Advanced,Abdominals,Rectus Abdominis,,,Pull Up Bar
Bar Skin The Cat,Intermediate,Shoulders,Anterior Deltoids,,,Pull Up Bar
Bar Straddle Back Lever,Expert,Abdominals,Rectus Abdominis,,,Pull Up Bar
Bar Straddle Front Lever,Expert,Abdominals,Rectus Abdominis,,,Pull Up Bar
Bar Straddle Front Lever Pull Up,Expert,Back,Latissimus Dorsi,,,Pull Up Bar
Bar Strict Muscle Up,Expert,Back,Latissimus Dorsi,,,Pull Up Bar
Bar Tuck Back Lever,Advanced,Abdominals,Rectus Abdominis,,,Pull Up Bar
Bar Tuck Back Lever with Alternating Single Leg Extensions,Advanced,Abdominals,Rectus Abdominis,,,Pull Up Bar
Bar Tuck Front Lever,Advanced,Abdominals,Rectus Abdominis,,,Pull Up Bar
Bar Tuck Front Lever Pull Up,Expert,Back,Latissimus Dorsi,,,Pull Up Bar
Bar Tuck Front Lever with Alternating Single Leg Extensions,Advanced,Abdominals,Rectus Abdominis,,,Pull Up Bar
Single Arm Bar Dead Hang,Novice,Back,Latissimus Dorsi,,,Pull Up Bar
Single Arm Kettlebell Tall Kneeling Overhead Press,Novice,Shoulders,Anterior Deltoids,Triceps Brachii,,Kettlebell
Single Arm Kettlebell Bottoms Up Tall Kneeling Overhead Press,Intermediate,Shoulders,Anterior Deltoids,Triceps Brachii,,Kettlebell
Double Kettlebell Bottoms Up Tall Kneeling Overhead Press,Intermediate,Shoulders,Anterior Deltoids,Triceps Brachii,,Kettlebell
Alternating Double Kettlebell Bottoms Up Tall Kneeling Overhead Press,Intermediate,Shoulders,Anterior Deltoids,Triceps Brachii,,Kettlebell
Alternating Double Kettlebell Tall Kneeling Overhead Press,Novice,Shoulders,Anterior Deltoids,Triceps Brachii,,Kettlebell
Alternating Double Kettlebell Half Kneeling Overhead Press,Novice,Shoulders,Anterior Deltoids,Triceps Brachii,,Kettlebell
Double Kettlebell Bottoms Up Half Kneeling Overhead Press,Intermediate,Shoulders,Anterior Deltoids,Triceps Brachii,,Kettlebell
Alternating Double Kettlebell Bottoms Up Half Kneeling Overhead Press,Intermediate,Shoulders,Anterior Deltoids,Triceps Brachii,,Kettlebell
Double Kettlebell Tall Kneeling Seesaw Overhead Press,Novice,Shoulders,Anterior Deltoids,Triceps Brachii,,Kettlebell
Bodyweight Alternating Box Step Up,Novice,Quadriceps,Quadriceps Femoris,Gluteus Maximus,,Bodyweight
Bodyweight Box Step Up,Novice,Quadriceps,Quadriceps Femoris,Gluteus Maximus,,Bodyweight
Macebell Order Cossack Squat,Novice,Quadriceps,Quadriceps Femoris,Adductor Magnus,Gluteus Maximus,Macebell
Macebell Order Alternating Cossack Squat,Novice,Quadriceps,Quadriceps Femoris,Adductor Magnus,Gluteus Maximus,Macebell
Macebell Order Low Switch Cossack Squat,Intermediate,Quadriceps,Quadriceps Femoris,Adductor Magnus,Gluteus Maximus,Macebell
Macebell Order Foot Elevated Cossack Squat,Intermediate,Quadriceps,Quadriceps Femoris,Adductor Magnus,Gluteus Maximus,Macebell
Alternating Single Arm Macebell 10 to 2,Intermediate,Shoulders,Posterior Deltoids,Rectus Abdominis,,Macebell
Slider Archer Push Up,Advanced,Chest,Pectoralis Major,,,Sliders
Suspension Archer Push Up,Advanced,Chest,Pectoralis Major,,,Suspension Trainer
Heavy Sandbag Clean to Overhead Press,Intermediate,Shoulders,Anterior Deltoids,Triceps Brachii,Gluteus Maximus,Heavy Sandbag
Superband Chaos Push Up,Advanced,Chest,Pectoralis Major,Triceps Brachii,,Superband
Double Kettlebell Bottoms Up Tall Kneeling Seesaw Overhead Press,Intermediate,Shoulders,Anterior Deltoids,Triceps Brachii,,Kettlebell
Double Kettlebell Suitcase Walking Lunge,Novice,Quadriceps,Quadriceps Femoris,Gluteus Maximus,,Kettlebell
Double Clubbell Order March,Novice,Abdominals,Rectus Abdominis,,,Clubbell
Single Arm Clubbell Order March,Novice,Abdominals,Rectus Abdominis,,,Clubbell
Resistance Band Alternating Bicep Curl,Beginner,Biceps,Biceps Brachii,Brachialis,Brachioradialis,Resistance Band
Resistance Band Bicep Curl,Beginner,Biceps,Biceps Brachii,Brachialis,Brachioradialis,Resistance Band
Resistance Band Chest Press,Beginner,Chest,Pectoralis Major,Triceps Brachii,Anterior Deltoids,Resistance Band
Resistance Band Alternating Chest Press,Beginner,Chest,Pectoralis Major,Triceps Brachii,Anterior Deltoids,Resistance Band
Single Arm Kettlebell Suitcase Walking Lunge,Novice,Quadriceps,Quadriceps Femoris,Gluteus Maximus,,Kettlebell
Single Arm Kettlebell Front Rack Walking Lunge,Novice,Quadriceps,Quadriceps Femoris,Gluteus Maximus,,Kettlebell
Single Arm Kettlebell Overhead Walking Lunge,Intermediate,Quadriceps,Quadriceps Femoris,Gluteus Maximus,,Kettlebell
Single Arm Kettlebell Bottoms Up Overhead Walking Lunge,Advanced,Quadriceps,Quadriceps Femoris,Gluteus Maximus,,Kettlebell
Clubbell Inside Pendulum to Inside Pullover,Intermediate,Back,Latissimus Dorsi,Posterior Deltoids,Obliques,Clubbell
Single Arm Clubbell Inside Pendulum to Outside Pendulum,Intermediate,Abdominals,Obliques,Gluteus Maximus,,Clubbell
Clubbell Inside Pendulum,Intermediate,Abdominals,Obliques,Gluteus Maximus,,Clubbell
Clubbell Inside Pendulum to Outside Pendulum,Intermediate,Abdominals,Obliques,Gluteus Maximus,,Clubbell
Single Arm Clubbell Outside Circle,Intermediate,Abdominals,Rectus Abdominis,Gluteus Maximus,Brachioradialis,Clubbell
Alternating Double Clubbell Outside Circle,Intermediate,Abdominals,Rectus Abdominis,Gluteus Maximus,Brachioradialis,Clubbell
Double Clubbell Inside Circle to Outside Circle,Intermediate,Abdominals,Rectus Abdominis,Gluteus Maximus,Brachioradialis,Clubbell
Double Clubbell Front Flag Hold March,Novice,Abdominals,Rectus Abdominis,Anterior Deltoids,,Clubbell
Single Arm Clubbell Front Flag Hold March,Novice,Abdominals,Rectus Abdominis,Anterior Deltoids,,Clubbell
Single Arm Kettlebell Bottoms Up Front Rack Squat,Intermediate,Quadriceps,Quadriceps Femoris,Gluteus Maximus,,Kettlebell
Kettlebell Romanian Deadlift,Beginner,Hamstrings,Biceps Femoris,Gluteus Maximus,,Kettlebell
Barbell Snatch Balance,Advanced,Quadriceps,Quadriceps Femoris,Gluteus Maximus,,Barbell
Clubbell Alternating Inside Pendulum to Inside Pullover,Intermediate,Back,Latissimus Dorsi,Posterior Deltoids,Obliques,Clubbell
Double Dumbbell Suitcase March,Novice,Abdominals,Rectus Abdominis,,,Dumbbell
Single Arm Dumbbell Suitcase March,Novice,Abdominals,Rectus Abdominis,,,Dumbbell
Double Dumbbell Front Rack March,Novice,Abdominals,Rectus Abdominis,,,Dumbbell
Single Arm Dumbbell Front Rack March,Novice,Abdominals,Rectus Abdominis,,,Dumbbell
Double Dumbbell Overhead March,Intermediate,Abdominals,Rectus Abdominis,,,Dumbbell
Single Arm Dumbbell Overhead March,Intermediate,Abdominals,Rectus Abdominis,,,Dumbbell
Barbell Front Rack March,Novice,Abdominals,Rectus Abdominis,,,Barbell
Barbell Back Rack March,Novice,Abdominals,Rectus Abdominis,,,Barbell
Barbell Back Rack Alternating Forward Lunge,Intermediate,Quadriceps,Quadriceps Femoris,Gluteus Maximus,,Barbell
Barbell Back Rack Alternating Reverse Lunge,Intermediate,Quadriceps,Quadriceps Femoris,Gluteus Maximus,Biceps Femoris,Barbell
Barbell Overhead Alternating Lateral Lunge,Advanced,Quadriceps,Quadriceps Femoris,Gluteus Maximus,,Barbell
Barbell Front Rack Alternating Lateral Lunge,Intermediate,Quadriceps,Quadriceps Femoris,Gluteus Maximus,,Barbell
Barbell Back Rack Alternating Lateral Lunge,Intermediate,Quadriceps,Quadriceps Femoris,Gluteus Maximus,,Barbell
Kettlebell Single Leg Romanian Deadlift,Intermediate,Hamstrings,Biceps Femoris,Gluteus Maximus,,Kettlebell
Single Arm Kettlebell Arm Bar,Novice,Shoulders,Infraspinatus,Subscapularis,Obliques,Kettlebell
Single Arm Kettlebell Bottoms Up Arm Bar,Intermediate,Shoulders,Infraspinatus,Subscapularis,Obliques,Kettlebell
Single Arm Kettlebell Bottoms Up Arm Bar Rotation,Intermediate,Shoulders,Infraspinatus,Subscapularis,Obliques,Kettlebell
Single Arm Kettlebell Front Rack Contralateral Pistol Squat,Advanced,Quadriceps,Quadriceps Femoris,Gluteus Maximus,,Kettlebell
Single Arm Kettlebell Front Rack Ipsilateral Pistol Squat,Advanced,Quadriceps,Quadriceps Femoris,Gluteus Maximus,,Kettlebell
Single Arm Kettlebell Bottoms Up Front Rack Contralateral Pistol Squat,Expert,Quadriceps,Quadriceps Femoris,Gluteus Maximus,,Kettlebell
Single Arm Kettlebell Bottoms Up Front Rack Ipsilateral Pistol Squat,Expert,Quadriceps,Quadriceps Femoris,Gluteus Maximus,,Kettlebell
Kettlebell Horn Grip Pistol Squat,Advanced,Quadriceps,Quadriceps Femoris,Gluteus Maximus,,Kettlebell
Single Arm Kettlebell Overhead Contralateral Pistol Squat,Expert,Quadriceps,Quadriceps Femoris,Gluteus Maximus,,Kettlebell
Single Arm Kettlebell Overhead Ipsilateral Pistol Squat,Expert,Quadriceps,Quadriceps Femoris,Gluteus Maximus,,Kettlebell
Single Arm Kettlebell Bottoms Up Overhead Contralateral Pistol Squat,Expert,Quadriceps,Quadriceps Femoris,Gluteus Maximus,,Kettlebell
Single Arm Kettlebell Bottoms Up Overhead Ipsilateral Pistol Squat,Expert,Quadriceps,Quadriceps Femoris,Gluteus Maximus,,Kettlebell
Double Kettlebell L Sit,Advanced,Abdominals,Rectus Abdominis,,,Kettlebell
Double Kettlebell L Sit Lift Over,Advanced,Abdominals,Rectus Abdominis,,,Kettlebell
Single Arm Kettlebell Bottoms Up Windmill,Advanced,Abdominals,Obliques,,,Kettlebell
Single Arm Kettlebell Bottoms Up Bent Press,Advanced,Shoulders,Anterior Deltoids,Triceps Brachii,,Kettlebell
Single Arm Kettlebell Bottoms Up Half Kneeling Bent Press,Advanced,Shoulders,Anterior Deltoids,Triceps Brachii,,Kettlebell
Double Kettlebell Push Up,Intermediate,Chest,Pectoralis Major,Triceps Brachii,,Kettlebell
Double Kettlebell Overhead March,Intermediate,Abdominals,Rectus Abdominis,,,Kettlebell
Single Arm Kettlebell Overhead March,Intermediate,Abdominals,Rectus Abdominis,,,Kettlebell
Double Kettlebell Suitcase Alternating Forward Lunge,Novice,Quadriceps,Quadriceps Femoris,Gluteus Maximus,,Kettlebell
Double Kettlebell Suitcase Alternating Lateral Lunge,Novice,Quadriceps,Quadriceps Femoris,Gluteus Maximus,,Kettlebell
Double Kettlebell Front Rack Alternating Lateral Lunge,Novice,Quadriceps,Quadriceps Femoris,Gluteus Maximus,,Kettlebell
Double Kettlebell Front Rack Alternating Forward Lunge,Novice,Quadriceps,Quadriceps Femoris,Gluteus Maximus,,Kettlebell
Double Kettlebell Front Rack Alternating Reverse Lunge,Novice,Quadriceps,Quadriceps Femoris,Gluteus Maximus,Biceps Femoris,Kettlebell
Double Kettlebell Bottoms Up Front Rack Alternating Lateral Lunge,Intermediate,Quadriceps,Quadriceps Femoris,Gluteus Maximus,,Kettlebell
Double Kettlebell Bottoms Up Front Rack Alternating Forward Lunge,Intermediate,Quadriceps,Quadriceps Femoris,Gluteus Maximus,,Kettlebell
Double Kettlebell Bottoms Up Front Rack Alternating Reverse Lunge,Intermediate,Quadriceps,Quadriceps Femoris,Gluteus Maximus,Biceps Femoris,Kettlebell
Double Dumbbell Suitcase Alternating Lateral Lunge,Novice,Quadriceps,Quadriceps Femoris,Gluteus Maximus,,Dumbbell
Double Dumbbell Front Rack Alternating Lateral Lunge,Novice,Quadriceps,Quadriceps Femoris,Gluteus Maximus,,Dumbbell
Double Dumbbell Front Rack Alternating Forward Lunge,Novice,Quadriceps,Quadriceps Femoris,Gluteus Maximus,,Dumbbell
Double Dumbbell Front Rack Alternating Reverse Lunge,Novice,Quadriceps,Quadriceps Femoris,Gluteus Maximus,Biceps Femoris,Dumbbell
Double Dumbbell Overhead Alternating Lateral Lunge,Intermediate,Quadriceps,Quadriceps Femoris,Gluteus Maximus,,Dumbbell
Double Dumbbell Overhead Alternating Forward Lunge,Intermediate,Quadriceps,Quadriceps Femoris,Gluteus Maximus,,Dumbbell
Double Dumbbell Overhead Alternating Reverse Lunge,Intermediate,Quadriceps,Quadriceps Femoris,Gluteus Maximus,Biceps Femoris,Dumbbell
Single Arm Dumbbell Suitcase Alternating Forward Lunge,Novice,Quadriceps,Quadriceps Femoris,Gluteus Maximus,,Dumbbell
Single Arm Dumbbell Suitcase Alternating Reverse Lunge,Novice,Quadriceps,Quadriceps Femoris,Gluteus Maximus,Biceps Femoris,Dumbbell
Alternating Single Arm Dumbbell Low Hold Alternating Lateral Lunge,Novice,Quadriceps,Quadriceps Femoris,Gluteus Maximus,,Dumbbell
Single Arm Dumbbell Front Rack Alternating Lateral Lunge,Novice,Quadriceps,Quadriceps Femoris,Gluteus Maximus,,Dumbbell
Single Arm Dumbbell Front Rack Alternating Forward Lunge,Novice,Quadriceps,Quadriceps Femoris,Gluteus Maximus,,Dumbbell
Single Arm Dumbbell Front Rack Alternating Reverse Lunge,Novice,Quadriceps,Quadriceps Femoris,Gluteus Maximus,Biceps Femoris,Dumbbell
Single Arm Dumbbell Overhead Alternating Lateral Lunge,Intermediate,Quadriceps,Quadriceps Femoris,Gluteus Maximus,,Dumbbell
Single Arm Dumbbell Overhead Alternating Forward Lunge,Intermediate,Quadriceps,Quadriceps Femoris,Gluteus Maximus,,Dumbbell
Single Arm Dumbbell Overhead Alternating Reverse Lunge,Intermediate,Quadriceps,Quadriceps Femoris,Gluteus Maximus,Biceps Femoris,Dumbbell
Double Kettlebell Overhead Alternating Lateral Lunge,Intermediate,Quadriceps,Quadriceps Femoris,Gluteus Maximus,,Kettlebell
Double Kettlebell Overhead Alternating Forward Lunge,Intermediate,Quadriceps,Quadriceps Femoris,Gluteus Maximus,,Kettlebell
Double Kettlebell Overhead Alternating Reverse Lunge,Intermediate,Quadriceps,Quadriceps Femoris,Gluteus Maximus,Biceps Femoris,Kettlebell
Dumbbell Goblet Alternating Lateral Lunge,Novice,Quadriceps,Quadriceps Femoris,Gluteus Maximus,,Dumbbell
Dumbbell Goblet Alternating Forward Lunge,Novice,Quadriceps,Quadriceps Femoris,Gluteus Maximus,,Dumbbell
Dumbbell Goblet Alternating Reverse Lunge,Novice,Quadriceps,Quadriceps Femoris,Gluteus Maximus,Biceps Femoris,Dumbbell
Clubbell Order Alternating Lateral Lunge,Novice,Quadriceps,Quadriceps Femoris,Gluteus Maximus,,Clubbell
Clubbell Order Alternating Forward Lunge,Novice,Quadriceps,Quadriceps Femoris,Gluteus Maximus,,Clubbell
Clubbell Order Alternating Reverse Lunge,Novice,Quadriceps,Quadriceps Femoris,Gluteus Maximus,Biceps Femoris,Clubbell
Double Clubbell Order Alternating Lateral Lunge,Novice,Quadriceps,Quadriceps Femoris,Gluteus Maximus,,Clubbell
Double Clubbell Order Alternating Forward Lunge,Novice,Quadriceps,Quadriceps Femoris,Gluteus Maximus,,Clubbell
Double Clubbell Order Alternating Reverse Lunge,Novice,Quadriceps,Quadriceps Femoris,Gluteus Maximus,Biceps Femoris,Clubbell
Single Arm Clubbell Order Alternating Lateral Lunge,Novice,Quadriceps,Quadriceps Femoris,Gluteus Maximus,,Clubbell
Single Arm Clubbell Order Alternating Forward Lunge,Novice,Quadriceps,Quadriceps Femoris,Gluteus Maximus,,Clubbell
Single Arm Clubbell Order Alternating Reverse Lunge,Novice,Quadriceps,Quadriceps Femoris,Gluteus Maximus,Biceps Femoris,Clubbell
Clubbell Front Flag Hold Alternating Lateral Lunge,Novice,Quadriceps,Quadriceps Femoris,Gluteus Maximus,,Clubbell
Clubbell Front Flag Hold Alternating Forward Lunge,Novice,Quadriceps,Quadriceps Femoris,Gluteus Maximus,,Clubbell
Clubbell Front Flag Hold Alternating Reverse Lunge,Novice,Quadriceps,Quadriceps Femoris,Gluteus Maximus,Biceps Femoris,Clubbell
Double Clubbell Front Flag Hold Alternating Lateral Lunge,Novice,Quadriceps,Quadriceps Femoris,Gluteus Maximus,,Clubbell
Double Clubbell Front Flag Hold Alternating Forward Lunge,Novice,Quadriceps,Quadriceps Femoris,Gluteus Maximus,,Clubbell
Double Clubbell Front Flag Hold Alternating Reverse Lunge,Novice,Quadriceps,Quadriceps Femoris,Gluteus Maximus,Biceps Femoris,Clubbell
Single Arm Clubbell Front Flag Hold Alternating Lateral Lunge,Novice,Quadriceps,Quadriceps Femoris,Gluteus Maximus,,Clubbell
Single Arm Clubbell Front Flag Hold Alternating Forward Lunge,Novice,Quadriceps,Quadriceps Femoris,Gluteus Maximus,,Clubbell
Single Arm Clubbell Front Flag Hold Alternating Reverse Lunge,Novice,Quadriceps,Quadriceps Femoris,Gluteus Maximus,Biceps Femoris,Clubbell
Landmine Low Hold Alternating Lateral Lunge,Novice,Quadriceps,Quadriceps Femoris,Gluteus Maximus,,Landmine
Landmine Goblet Alternating Lateral Lunge,Novice,Quadriceps,Quadriceps Femoris,Gluteus Maximus,,Landmine
Landmine Goblet Alternating Reverse Lunge,Novice,Quadriceps,Quadriceps Femoris,Gluteus Maximus,Biceps Femoris,Landmine
Macebell Order Alternating Lateral Lunge,Novice,Quadriceps,Quadriceps Femoris,Gluteus Maximus,,Macebell
Macebell Order Alternating Forward Lunge,Novice,Quadriceps,Quadriceps Femoris,Gluteus Maximus,,Macebell
Macebell Order Alternating Reverse Lunge,Novice,Quadriceps,Quadriceps Femoris,Gluteus Maximus,Biceps Femoris,Macebell
Double Kettlebell Bottoms Up Overhead Alternating Lateral Lunge,Advanced,Quadriceps,Quadriceps Femoris,Gluteus Maximus,,Kettlebell
Double Kettlebell Bottoms Up Overhead Alternating Forward Lunge,Advanced,Quadriceps,Quadriceps Femoris,Gluteus Maximus,,Kettlebell
Double Kettlebell Bottoms Up Overhead Alternating Reverse Lunge,Advanced,Quadriceps,Quadriceps Femoris,Gluteus Maximus,Biceps Femoris,Kettlebell
Single Arm Kettlebell Suitcase Alternating Forward Lunge,Novice,Quadriceps,Quadriceps Femoris,Gluteus Maximus,,Kettlebell
Double Dumbbell Front Rack Cyclist Squat,Novice,Quadriceps,Quadriceps Femoris,Gluteus Maximus,,Dumbbell
Double Dumbbell Overhead Cyclist Squat,Intermediate,Quadriceps,Quadriceps Femoris,Gluteus Maximus,,Dumbbell
Single Arm Dumbbell Front Rack Cyclist Squat,Novice,Quadriceps,Quadriceps Femoris,Gluteus Maximus,,Dumbbell
Single Arm Dumbbell Overhead Cyclist Squat,Intermediate,Quadriceps,Quadriceps Femoris,Gluteus Maximus,,Dumbbell
Bodyweight Alternating Lateral Lunge,Beginner,Quadriceps,Quadriceps Femoris,Gluteus Maximus,,Bodyweight
Bodyweight Alternating Forward Lunge,Beginner,Quadriceps,Quadriceps Femoris,Gluteus Maximus,,Bodyweight
Bodyweight Alternating Reverse Lunge,Beginner,Quadriceps,Quadriceps Femoris,Gluteus Maximus,Biceps Femoris,Bodyweight
Macebell Order Cyclist Squat,Novice,Quadriceps,Quadriceps Femoris,Gluteus Maximus,,Macebell
Double Dumbbell Overhead Squat,Intermediate,Quadriceps,Quadriceps Femoris,Gluteus Maximus,,Dumbbell
Single Arm Dumbbell Overhead Squat,Intermediate,Quadriceps,Quadriceps Femoris,Gluteus Maximus,,Dumbbell
Macebell Order Squat,Beginner,Quadriceps,Quadriceps Femoris,Gluteus Maximus,,Macebell
Double Dumbbell Front Rack Bulgarian Split Squat,Intermediate,Quadriceps,Quadriceps Femoris,Gluteus Maximus,,Dumbbell
Double Dumbbell Overhead Bulgarian Split Squat,Advanced,Quadriceps,Quadriceps Femoris,Gluteus Maximus,,Dumbbell
Single Arm Dumbbell Overhead Ipsilateral Bulgarian Split Squat,Advanced,Quadriceps,Quadriceps Femoris,Gluteus Maximus,,Dumbbell
Single Arm Dumbbell Suitcase Contralateral Bulgarian Split Squat,Intermediate,Quadriceps,Quadriceps Femoris,Gluteus Maximus,,Dumbbell
Single Arm Dumbbell Suitcase Ipsilateral Bulgarian Split Squat,Intermediate,Quadriceps,Quadriceps Femoris,Gluteus Maximus,,Dumbbell
Single Arm Dumbbell Front Rack Contralateral Bulgarian Split Squat,Intermediate,Quadriceps,Quadriceps Femoris,Gluteus Maximus,,Dumbbell
Single Arm Dumbbell Front Rack Ipsilateral Bulgarian Split Squat,Intermediate,Quadriceps,Quadriceps Femoris,Gluteus Maximus,,Dumbbell
Clubbell Order March,Novice,Abdominals,Rectus Abdominis,,,Clubbell
Macebell Order Walking Lunge,Novice,Quadriceps,Quadriceps Femoris,Gluteus Maximus,,Macebell
Suspension Alternating Lateral Lunge,Beginner,Quadriceps,Quadriceps Femoris,Gluteus Maximus,,Suspension Trainer
Bulgarian Bag Back Rack Alternating Lateral Lunge,Novice,Quadriceps,Quadriceps Femoris,Gluteus Maximus,,Bulgarian Bag
Bulgarian Bag Back Rack Walking Lunge,Novice,Quadriceps,Quadriceps Femoris,Gluteus Maximus,,Bulgarian Bag
Bulgarian Bag Back Rack Alternating Forward Lunge,Novice,Quadriceps,Quadriceps Femoris,Gluteus Maximus,,Bulgarian Bag
Heavy Sandbag Bear Hug Alternating Lateral Lunge,Intermediate,Quadriceps,Quadriceps Femoris,Gluteus Maximus,,Heavy Sandbag
Heavy Sandbag Shoulder Alternating Lateral Lunge,Intermediate,Quadriceps,Quadriceps Femoris,Gluteus Maximus,,Heavy Sandbag
Sandbag Front Rack Alternating Lateral Lunge,Novice,Quadriceps,Quadriceps Femoris,Gluteus Maximus,,Sandbag
Sandbag Front Rack Walking Lunge,Novice,Quadriceps,Quadriceps Femoris,Gluteus Maximus,,Sandbag
Sandbag Front Rack Alternating Forward Lunge,Novice,Quadriceps,Quadriceps Femoris,Gluteus Maximus,,Sandbag
Sandbag Front Rack Alternating Reverse Lunge,Novice,Quadriceps,Quadriceps Femoris,Gluteus Maximus,Biceps Femoris,Sandbag
Plate Overhead Walking Lunge,Intermediate,Quadriceps,Quadriceps Femoris,Gluteus Maximus,,Weight Plate
Plate Overhead Alternating Lateral Lunge,Intermediate,Quadriceps,Quadriceps Femoris,Gluteus Maximus,,Weight Plate
Plate Overhead Alternating Forward Lunge,Intermediate,Quadriceps,Quadriceps Femoris,Gluteus Maximus,,Weight Plate
Plate Overhead Alternating Reverse Lunge,Intermediate,Quadriceps,Quadriceps Femoris,Gluteus Maximus,Biceps Femoris,Weight Plate
Bodyweight Full Planche Push Up,Master,Chest,Pectoralis Major,Triceps Brachii,Rectus Abdominis,Bodyweight
Bodyweight Straddle Planche Push Up,Master,Chest,Pectoralis Major,Triceps Brachii,Rectus Abdominis,Bodyweight
Bodyweight Tuck Planche,Advanced,Abdominals,Rectus Abdominis,Biceps Brachii,,Bodyweight
Bodyweight Tuck Planche Push Up,Expert,Chest,Pectoralis Major,Triceps Brachii,Rectus Abdominis,Bodyweight
Bodyweight Pseudo Planche Lean,Intermediate,Abdominals,Rectus Abdominis,Anterior Deltoids,Pectoralis Major,Bodyweight
Bar L Sit Hang,Intermediate,Abdominals,Rectus Abdominis,,,Pull Up Bar
Ring L Sit Hang,Intermediate,Abdominals,Rectus Abdominis,,,Gymnastic Rings
Single Arm Bar L Sit Hang,Advanced,Abdominals,Rectus Abdominis,,,Pull Up Bar
Single Arm Ring L Sit Hang,Advanced,Abdominals,Rectus Abdominis,,,Gymnastic Rings
Single Arm Kettlebell Suitcase Alternating Reverse Lunge,Novice,Quadriceps,Quadriceps Femoris,Gluteus Maximus,Biceps Femoris,Kettlebell
Parallette L Sit Flutter Kicks,Advanced,Abdominals,Rectus Abdominis,,,Parallette Bars
Resistance Band Chest Fly,Beginner,Chest,Pectoralis Major,,,Resistance Band
Resistance Band Low Row,Beginner,Back,Latissimus Dorsi,,,Resistance Band
Resistance Band Mid Row,Beginner,Back,Latissimus Dorsi,,,Resistance Band
Resistance Band Face Pull,Beginner,Shoulders,Posterior Deltoids,Infraspinatus,Teres Minor,Resistance Band
Resistance Band Face Pull to Overhead Press,Beginner,Shoulders,Posterior Deltoids,Infraspinatus,Teres Minor,Resistance Band
Single Arm Resistance Band Low Row,Beginner,Back,Latissimus Dorsi,,,Resistance Band
Single Arm Resistance Band Mid Row,Beginner,Back,Latissimus Dorsi,,,Resistance Band
Single Arm Suspension Mid Row,Novice,Back,Latissimus Dorsi,,,Suspension Trainer
Single Arm Resistance Band Chest Press,Beginner,Chest,Pectoralis Major,Triceps Brachii,Anterior Deltoids,Resistance Band
Resistance Band Reverse Grip Bicep Curl,Beginner,Forearms,Brachioradialis,Biceps Brachii,Brachialis,Resistance Band
Resistance Band Alternating Reverse Grip Bicep Curl,Beginner,Forearms,Brachioradialis,Biceps Brachii,Brachialis,Resistance Band
Resistance Band Hammer Curl,Beginner,Biceps,Biceps Brachii,Brachialis,Brachioradialis,Resistance Band
Resistance Band Alternating Hammer Curl,Beginner,Biceps,Biceps Brachii,Brachialis,Brachioradialis,Resistance Band
Resistance Band Y Raise,Beginner,Shoulders,Posterior Deltoids,,,Resistance Band
Clubbell Order Box Step Up,Novice,Quadriceps,Quadriceps Femoris,Gluteus Maximus,,Clubbell
Clubbell Order Alternating Box Step Up,Novice,Quadriceps,Quadriceps Femoris,Gluteus Maximus,,Clubbell
Bodyweight L Sit,Expert,Abdominals,Rectus Abdominis,,,Bodyweight
Bodyweight Single Arm L Sit,Master,Abdominals,Rectus Abdominis,,,Bodyweight
Alternating Single Arm Kettlebell Low Hold Alternating Lateral Lunge,Novice,Quadriceps,Quadriceps Femoris,Gluteus Maximus,,Kettlebell
Single Arm Kettlebell Front Rack Alternating Lateral Lunge,Novice,Quadriceps,Quadriceps Femoris,Gluteus Maximus,,Kettlebell
Single Arm Kettlebell Front Rack Alternating Forward Lunge,Novice,Quadriceps,Quadriceps Femoris,Gluteus Maximus,,Kettlebell
Single Arm Kettlebell Front Rack Alternating Reverse Lunge,Novice,Quadriceps,Quadriceps Femoris,Gluteus Maximus,Biceps Femoris,Kettlebell
Single Arm Kettlebell Bottoms Up Front Rack Alternating Lateral Lunge,Intermediate,Quadriceps,Quadriceps Femoris,Gluteus Maximus,,Kettlebell
Single Arm Kettlebell Bottoms Up Front Rack Alternating Forward Lunge,Intermediate,Quadriceps,Quadriceps Femoris,Gluteus Maximus,,Kettlebell
Resistance Band Cuban Press,Beginner,Shoulders,Posterior Deltoids,Triceps Brachii,,Resistance Band
Resistance Band Tall Kneeling Cuban Press,Beginner,Shoulders,Posterior Deltoids,Triceps Brachii,,Resistance Band
Single Arm Macebell Order Contralateral Cossack Squat,Novice,Quadriceps,Quadriceps Femoris,Adductor Magnus,Gluteus Maximus,Macebell
Single Arm Macebell Order Low Switch Cossack Squat,Intermediate,Quadriceps,Quadriceps Femoris,Adductor Magnus,Gluteus Maximus,Macebell
Single Arm Macebell Order Alternating Cossack Squat,Novice,Quadriceps,Quadriceps Femoris,Adductor Magnus,Gluteus Maximus,Macebell
Single Arm Macebell Order Foot Elevated Contralateral Cossack Squat,Intermediate,Quadriceps,Quadriceps Femoris,Adductor Magnus,Gluteus Maximus,Macebell
Stability Ball Feet Elevated Glute Bridge,Novice,Glutes,Gluteus Maximus,,,Stability Ball
Bodyweight Mountain Climber,Novice,Abdominals,Rectus Abdominis,,,Bodyweight
Suspension Mountain Climber,Intermediate,Abdominals,Rectus Abdominis,,,Suspension Trainer
Bodyweight Straddle L Sit,Expert,Abdominals,Rectus Abdominis,,,Bodyweight
Single Arm Kettlebell Bottoms Up Front Rack Alternating Reverse Lunge,Intermediate,Quadriceps,Quadriceps Femoris,Gluteus Maximus,Biceps Femoris,Kettlebell
Bodyweight Cossack Squat,Beginner,Quadriceps,Quadriceps Femoris,Adductor Magnus,Gluteus Maximus,Bodyweight
Single Arm Macebell Order Walking Lunge,Novice,Quadriceps,Quadriceps Femoris,Gluteus Maximus,,Macebell
Superband Pull Apart,Beginner,Shoulders,Posterior Deltoids,,,Superband
Resistance Band Tall Kneeling Face Pull,Beginner,Shoulders,Posterior Deltoids,Infraspinatus,Teres Minor,Resistance Band
Barbell Back Rack Alternating Box Step Up,Intermediate,Quadriceps,Quadriceps Femoris,Gluteus Maximus,,Barbell
Barbell Front Rack Alternating Box Step Up,Intermediate,Quadriceps,Quadriceps Femoris,Gluteus Maximus,,Barbell
Resistance Band Overhead Press,Beginner,Shoulders,Anterior Deltoids,Triceps Brachii,,Resistance Band
Resistance Band Alternating Overhead Press,Beginner,Shoulders,Anterior Deltoids,Triceps Brachii,,Resistance Band
Ring Tuck L Sit,Intermediate,Abdominals,Rectus Abdominis,,,Gymnastic Rings
Ring Tuck L Sit Hang,Intermediate,Abdominals,Rectus Abdominis,,,Gymnastic Rings
Bar Tuck L Sit Hang,Intermediate,Abdominals,Rectus Abdominis,,,Pull Up Bar
Single Arm Kettlebell Overhead Alternating Lateral Lunge,Intermediate,Quadriceps,Quadriceps Femoris,Gluteus Maximus,,Kettlebell
Single Arm Kettlebell Overhead Alternating Forward Lunge,Intermediate,Quadriceps,Quadriceps Femoris,Gluteus Maximus,,Kettlebell
Ring Support Mountain Climber,Intermediate,Abdominals,Rectus Abdominis,,,Gymnastic Rings
Ring Mountain Climber,Intermediate,Abdominals,Rectus Abdominis,,,Gymnastic Rings
Single Arm Kettlebell Overhead Alternating Reverse Lunge,Intermediate,Quadriceps,Quadriceps Femoris,Gluteus Maximus,Biceps Femoris,Kettlebell
Alternating Double Dumbbell Overhead Press,Beginner,Shoulders,Anterior Deltoids,Triceps Brachii,,Dumbbell
Macebell 360 to Single Arm 360,Intermediate,Shoulders,Posterior Deltoids,Rectus Abdominis,,Macebell
Clubbell Outside Circle,Intermediate,Abdominals,Rectus Abdominis,Gluteus Maximus,Brachioradialis,Clubbell
Single Arm Macebell Order Carry,Novice,Forearms,Brachioradialis,Rectus Abdominis,Gluteus Maximus,Macebell
Clubbell Order Carry,Novice,Forearms,Brachioradialis,Rectus Abdominis,Gluteus Maximus,Clubbell
Macebell Order Carry,Novice,Forearms,Brachioradialis,Rectus Abdominis,Gluteus Maximus,Macebell
Clubbell Front Flag Hold Carry,Intermediate,Forearms,Brachioradialis,Rectus Abdominis,Gluteus Maximus,Clubbell
Macebell Order March,Novice,Abdominals,Rectus Abdominis,,,Macebell
Single Arm Macebell Order March,Novice,Abdominals,Rectus Abdominis,,,Macebell
Single Arm Kettlebell Bottoms Up Overhead Alternating Lateral Lunge,Advanced,Quadriceps,Quadriceps Femoris,Gluteus Maximus,,Kettlebell
Single Arm Kettlebell Bottoms Up Overhead Alternating Forward Lunge,Advanced,Quadriceps,Quadriceps Femoris,Gluteus Maximus,,Kettlebell
Single Arm Kettlebell Bottoms Up Overhead Alternating Reverse Lunge,Advanced,Quadriceps,Quadriceps Femoris,Gluteus Maximus,Biceps Femoris,Kettlebell
EZ Bar Incline Bench Lying Tricep Extension,Novice,Triceps,Triceps Brachii,,,EZ Bar
EZ Bar Skull Crusher,Novice,Triceps,Triceps Brachii,,,EZ Bar
EZ Bar Incline Bench Skull Crusher,Novice,Triceps,Triceps Brachii,,,EZ Bar
EZ Bar Decline Bench Skull Crusher,Novice,Triceps,Triceps Brachii,,,EZ Bar
Suspension Skull Crusher,Beginner,Triceps,Triceps Brachii,,,Suspension Trainer
Double Dumbbell Skull Crusher,Beginner,Triceps,Triceps Brachii,,,Dumbbell
Double Dumbbell Incline Bench Skull Crusher,Beginner,Triceps,Triceps Brachii,,,Dumbbell
Double Dumbbell Decline Bench Skull Crusher,Beginner,Triceps,Triceps Brachii,,,Dumbbell
Dumbbell Crush Grip Skull Crusher,Beginner,Triceps,Triceps Brachii,,,Dumbbell
Dumbbell Crush Grip Incline Bench Skull Crusher,Beginner,Triceps,Triceps Brachii,,,Dumbbell
Dumbbell Crush Grip Decline Bench Skull Crusher,Beginner,Triceps,Triceps Brachii,,,Dumbbell
EZ Bar Front Raise,Novice,Shoulders,Anterior Deltoids,Pectoralis Major,Biceps Brachii,EZ Bar
EZ Bar Close Grip Bicep Curl,Novice,Biceps,Biceps Brachii,Brachialis,Brachioradialis,EZ Bar
EZ Bar Overhead Press,Novice,Shoulders,Anterior Deltoids,Triceps Brachii,,EZ Bar
EZ Bar Seated Overhead Press,Novice,Shoulders,Anterior Deltoids,Triceps Brachii,,EZ Bar
EZ Bar Kneeling Rollout,Intermediate,Abdominals,Rectus Abdominis,,,EZ Bar
EZ Bar Standing Rollout,Advanced,Abdominals,Rectus Abdominis,,,EZ Bar
EZ Bar Tall Kneeling Overhead Tricep Extension,Novice,Triceps,Triceps Brachii,,,EZ Bar
Double Dumbbell Bent Over Row,Beginner,Back,Latissimus Dorsi,Rhomboids,Posterior Deltoids,Dumbbell
EZ Bar Reverse Grip Bent Over Row,Beginner,Back,Latissimus Dorsi,Rhomboids,Posterior Deltoids,EZ Bar
EZ Bar Reverse Grip Overhead Press,Novice,Shoulders,Anterior Deltoids,Triceps Brachii,,EZ Bar
EZ Bar Reverse Grip Seated Overhead Press,Novice,Shoulders,Anterior Deltoids,Triceps Brachii,,EZ Bar
EZ Bar Close Grip Bench Press,Novice,Triceps,Triceps Brachii,Pectoralis Major,,EZ Bar
EZ Bar Close Grip Incline Bench Press,Novice,Triceps,Triceps Brachii,Pectoralis Major,,EZ Bar
EZ Bar Close Grip Decline Bench Press,Novice,Triceps,Triceps Brachii,Pectoralis Major,,EZ Bar
Single Arm Dumbbell Bent Over Row,Beginner,Back,Latissimus Dorsi,Rhomboids,Posterior Deltoids,Dumbbell
Single Arm Dumbbell Knee Supported Row,Beginner,Back,Latissimus Dorsi,,,Dumbbell
Barbell Reverse Grip Overhead Press,Novice,Shoulders,Anterior Deltoids,Triceps Brachii,,Barbell
Barbell Seated Reverse Grip Overhead Press,Novice,Shoulders,Anterior Deltoids,Triceps Brachii,,Barbell
Kettlebell Goblet Alternating Lateral Lunge,Novice,Quadriceps,Quadriceps Femoris,Gluteus Maximus,,Kettlebell
Dumbbell Pullover,Beginner,Back,Latissimus Dorsi,Pectoralis Major,Triceps Brachii,Dumbbell
Dumbbell Incline Bench Pullover,Beginner,Back,Latissimus Dorsi,Pectoralis Major,Triceps Brachii,Dumbbell
Tire Jump,Intermediate,Quadriceps,Quadriceps Femoris,Gluteus Maximus,Biceps Femoris,Tire
Tire Jump Through,Intermediate,Quadriceps,Quadriceps Femoris,Gluteus Maximus,Biceps Femoris,Tire
Tire Broad Jump,Advanced,Quadriceps,Quadriceps Femoris,Gluteus Maximus,Biceps Femoris,Tire
Tire Step Up,Novice,Quadriceps,Quadriceps Femoris,Gluteus Maximus,,Tire
Tire Alternating Step Up,Novice,Quadriceps,Quadriceps Femoris,Gluteus Maximus,,Tire
Tire Alternating Toe Taps Around the World,Intermediate,Quadriceps,Quadriceps Femoris,Gluteus Maximus,,Tire
Tire Incline Push Up,Beginner,Chest,Pectoralis Major,Triceps Brachii,Anterior Deltoids,Tire
Tire Lateral Jump Through,Intermediate,Quadriceps,Quadriceps Femoris,Gluteus Maximus,Biceps Femoris,Tire
Tire Carry,Intermediate,Forearms,Brachioradialis,Rectus Abdominis,,Tire
Tire Sledge Hammer Staggered Stance Slam,Novice,Abdominals,Obliques,Rectus Abdominis,Posterior Deltoids,Tire
Tire Macebell Staggered Stance Slam,Novice,Abdominals,Obliques,Rectus Abdominis,Posterior Deltoids,Tire
Barbell Back Rack Carry,Intermediate,Abdominals,Rectus Abdominis,Gluteus Maximus,,Barbell
Single Arm Barbell Suitcase Carry,Intermediate,Forearms,Brachioradialis,Obliques,,Barbell
Suspension Bulgarian Split Squat,Intermediate,Quadriceps,Quadriceps Femoris,Gluteus Maximus,,Suspension Trainer
Suspension Bulgarian Split Squat Jump,Advanced,Quadriceps,Quadriceps Femoris,Gluteus Maximus,,Suspension Trainer
Bodyweight Lateral Bear Crawl,Novice,Abdominals,Rectus Abdominis,,,Bodyweight
Bodyweight Box Step Up Jump,Intermediate,Quadriceps,Quadriceps Femoris,Gluteus Maximus,,Bodyweight
Tire Step Up Jump,Intermediate,Quadriceps,Quadriceps Femoris,Gluteus Maximus,,Tire
Bodyweight Alternating Box Step Up Jump,Intermediate,Quadriceps,Quadriceps Femoris,Gluteus Maximus,,Bodyweight
Tire Alternating Step Up Jump,Intermediate,Quadriceps,Quadriceps Femoris,Gluteus Maximus,,Tire
Barbell Power Clean to Push Press,Expert,Shoulders,Anterior Deltoids,Triceps Brachii,,Barbell
Double Clubbell Asynchronous Mill,Expert,Shoulders,Posterior Deltoids,Gluteus Maximus,Obliques,Clubbell
Double Clubbell Inside Pendulum,Intermediate,Abdominals,Obliques,Gluteus Maximus,,Clubbell
Single Arm Clubbell Outside Pendulum,Intermediate,Abdominals,Obliques,Gluteus Maximus,,Clubbell
Double Clubbell Outside Pendulum,Intermediate,Abdominals,Obliques,Gluteus Maximus,,Clubbell
Double Clubbell Inside Pendulum to Outside Pendulum,Intermediate,Abdominals,Obliques,Gluteus Maximus,,Clubbell
Clubbell Outside Pendulum,Intermediate,Abdominals,Obliques,Gluteus Maximus,,Clubbell
Double Clubbell Inside Circle,Intermediate,Abdominals,Rectus Abdominis,Gluteus Maximus,Brachioradialis,Clubbell
Double Clubbell Outside Circle,Intermediate,Abdominals,Rectus Abdominis,Gluteus Maximus,Brachioradialis,Clubbell
Clubbell Side to Side Swing,Intermediate,Abdominals,Obliques,Gluteus Maximus,,Clubbell
Double Dumbbell Close Grip Decline Bench Press,Beginner,Triceps,Triceps Brachii,Pectoralis Major,Anterior Deltoids,Dumbbell
Bodyweight Eccentric Push Up,Beginner,Chest,Pectoralis Major,Triceps Brachii,,Bodyweight
Bodyweight Push Up,Novice,Chest,Pectoralis Major,Triceps Brachii,,Bodyweight
Tire Feet Elevated Decline Push Up,Intermediate,Chest,Pectoralis Major,Triceps Brachii,,Tire
Bodyweight Bench Feet Elevated Decline Push Up,Intermediate,Chest,Pectoralis Major,Triceps Brachii,,Bodyweight
Bodyweight Box Feet Elevated Decline Push Up,Intermediate,Chest,Pectoralis Major,Triceps Brachii,,Bodyweight
Barbell Close Grip Incline Bench Press,Novice,Triceps,Triceps Brachii,Pectoralis Major,,Barbell
Barbell Close Grip Decline Bench Press,Novice,Triceps,Triceps Brachii,Pectoralis Major,,Barbell
Tire Feet Elevated Glute Bridge,Novice,Glutes,Gluteus Maximus,,,Tire
Bodyweight Feet Elevated Pike Push Up,Intermediate,Shoulders,Anterior Deltoids,Triceps Brachii,,Bodyweight
Tire Feet Elevated Pike Push Up,Intermediate,Shoulders,Anterior Deltoids,Triceps Brachii,,Tire
Tire Flip,Advanced,Back,Latissimus Dorsi,Quadriceps Femoris,,Tire
Tire In and Out Jump Squat,Intermediate,Quadriceps,Quadriceps Femoris,Gluteus Maximus,,Tire
Kettlebell Goblet Alternating Forward Lunge,Novice,Quadriceps,Quadriceps Femoris,Gluteus Maximus,,Kettlebell
Double Dumbbell Suitcase Feet Elevated Calf Raise,Novice,Calves,Gastrocnemius,Soleus,,Dumbbell
Double Dumbbell Suitcase Calf Raise,Beginner,Calves,Gastrocnemius,Soleus,,Dumbbell
Double Kettlebell Bottoms Up Push Jerk,Intermediate,Shoulders,Anterior Deltoids,Triceps Brachii,Gluteus Minimus,Kettlebell
Double Dumbbell Seated Calf Raise,Beginner,Calves,Soleus,,,Dumbbell
Barbell Seated Calf Raise,Novice,Calves,Soleus,,,Barbell
Double Clubbell Order Feet Elevated Calf Raise,Novice,Calves,Gastrocnemius,Soleus,,Clubbell
Double Clubbell Order Calf Raise,Beginner,Calves,Gastrocnemius,Soleus,,Clubbell
Clubbell Order Feet Elevated Calf Raise,Novice,Calves,Gastrocnemius,Soleus,,Clubbell
Clubbell Order Calf Raise,Beginner,Calves,Gastrocnemius,Soleus,,Clubbell
Single Arm Clubbell Order Feet Elevated Calf Raise,Novice,Calves,Gastrocnemius,Soleus,,Clubbell
Single Arm Clubbell Order Calf Raise,Beginner,Calves,Gastrocnemius,Soleus,,Clubbell
Bodyweight Hand Assisted Feet Elevated Calf Raise,Beginner,Calves,Gastrocnemius,Soleus,,Bodyweight
Bodyweight Hand Assisted Calf Raise,Beginner,Calves,Gastrocnemius,Soleus,,Bodyweight
Bodyweight Calf Raise,Beginner,Calves,Gastrocnemius,Soleus,,Bodyweight
Bodyweight Hand Assisted Foot Elevated Single Leg Calf Raise,Novice,Calves,Gastrocnemius,Soleus,,Bodyweight
Bodyweight Hand Assisted Single Leg Calf Raise,Novice,Calves,Gastrocnemius,Soleus,,Bodyweight
Bodyweight Single Leg Calf Raise,Novice,Calves,Gastrocnemius,Soleus,,Bodyweight
Barbell Front Rack Feet Elevated Calf Raise,Intermediate,Calves,Gastrocnemius,Soleus,,Barbell
Kettlebell Goblet Alternating Reverse Lunge,Novice,Quadriceps,Quadriceps Femoris,Gluteus Maximus,Biceps Femoris,Kettlebell
Double Kettlebell L Sit Flutter Kicks,Advanced,Abdominals,Rectus Abdominis,,,Kettlebell
Double Dumbbell Front Rack Feet Elevated Calf Raise,Novice,Calves,Gastrocnemius,Soleus,,Dumbbell
Double Dumbbell Front Rack Calf Raise,Beginner,Calves,Gastrocnemius,Soleus,,Dumbbell
Barbell Back Rack Feet Elevated Calf Raise,Intermediate,Calves,Gastrocnemius,Soleus,,Barbell
Tire Mountain Climber,Novice,Abdominals,Rectus Abdominis,,,Tire
Bodyweight Wall Supported Tibialis Raise,Beginner,Shins,Tibialis Anterior,,,Bodyweight
Cable Seated Tibialis Raise,Novice,Shins,Tibialis Anterior,,,Cable
Cable Seated Single Leg Tibialis Raise,Novice,Shins,Tibialis Anterior,,,Cable
Kettlebell Goblet Walking Lunge,Novice,Quadriceps,Quadriceps Femoris,Gluteus Maximus,,Kettlebell
Dumbbell Seated Tibialis Raise,Novice,Shins,Tibialis Anterior,,,Dumbbell
Kettlebell Horn Grip Alternating Lateral Lunge,Novice,Quadriceps,Quadriceps Femoris,Gluteus Maximus,,Kettlebell
Kettlebell Low Hold Alternating Lateral Lunge,Novice,Quadriceps,Quadriceps Femoris,Gluteus Maximus,,Kettlebell
Double Dumbbell Seated Feet Elevated Calf Raise,Beginner,Calves,Soleus,,,Dumbbell
Barbell Seated Feet Elevated Calf Raise,Novice,Calves,Soleus,,,Barbell
Kettlebell Horn Grip Alternating Forward Lunge,Novice,Quadriceps,Quadriceps Femoris,Gluteus Maximus,,Kettlebell
Tire Leg Press,Intermediate,Quadriceps,Quadriceps Femoris,Gluteus Maximus,Biceps Femoris,Tire
Cable Split Squat Isometric Pallof Press,Intermediate,Abdominals,Obliques,Rectus Abdominis,,Cable
Bodyweight Split Squat Isometric Calf Raise,Intermediate,Calves,Soleus,,,Bodyweight
Bodyweight Split Squat Isometric Foot Elevated Calf Raise,Intermediate,Calves,Soleus,,,Bodyweight
Double Dumbbell Suitcase Split Squat Isometric Calf Raise,Advanced,Calves,Soleus,,,Dumbbell
Double Dumbbell Suitcase Split Squat Isometric Foot Elevated Calf Raise,Advanced,Calves,Soleus,,,Dumbbell
Kettlebell Horn Grip Alternating Reverse Lunge,Novice,Quadriceps,Quadriceps Femoris,Gluteus Maximus,Biceps Femoris,Kettlebell
Kettlebell Horn Grip Walking Lunge,Novice,Quadriceps,Quadriceps Femoris,Gluteus Maximus,,Kettlebell
Barbell Back Rack Split Squat Isometric Calf Raise,Advanced,Calves,Soleus,,,Barbell
Barbell Back Rack Split Squat Isometric Foot Elevated Calf Raise,Advanced,Calves,Soleus,,,Barbell
Barbell Front Rack Split Squat Isometric Calf Raise,Advanced,Calves,Soleus,,,Barbell
Barbell Front Rack Split Squat Isometric Foot Elevated Calf Raise,Advanced,Calves,Soleus,,,Barbell
Single Arm Dumbbell Suitcase Hand Assisted Ipsilateral Foot Elevated Single Leg Calf Raise,Novice,Calves,Gastrocnemius,Soleus,,Dumbbell
Double Kettlebell Straddle L Sit,Advanced,Abdominals,Rectus Abdominis,,,Kettlebell
Double Dumbbell Front Rack Split Squat Isometric Calf Raise,Advanced,Calves,Soleus,,,Dumbbell
Double Dumbbell Front Rack Split Squat Isometric Foot Elevated Calf Raise,Advanced,Calves,Soleus,,,Dumbbell
Single Arm Kettlebell Front Rack Low Switch Cossack Squat,Intermediate,Quadriceps,Quadriceps Femoris,Adductor Magnus,Gluteus Maximus,Kettlebell
Single Arm Kettlebell Front Rack Foot Elevated Contralateral Cossack Squat,Intermediate,Quadriceps,Quadriceps Femoris,Adductor Magnus,Gluteus Maximus,Kettlebell
Bodyweight Jump Squat,Intermediate,Quadriceps,Quadriceps Femoris,Gluteus Maximus,,Bodyweight
Tire Russian Step Up,Novice,Quadriceps,Quadriceps Femoris,Gluteus Maximus,,Tire
Tire Alternating Russian Step Up,Novice,Quadriceps,Quadriceps Femoris,Gluteus Maximus,,Tire
Double Dumbbell Push Press,Novice,Shoulders,Anterior Deltoids,Triceps Brachii,,Dumbbell
Single Arm Dumbbell Push Press,Novice,Shoulders,Anterior Deltoids,Triceps Brachii,,Dumbbell
Alternating Double Dumbbell Push Press,Novice,Shoulders,Anterior Deltoids,Triceps Brachii,,Dumbbell
Barbell Hang Power Snatch,Advanced,Glutes,Gluteus Maximus,Anterior Deltoids,,Barbell
Barbell Hang Squat Snatch,Advanced,Quadriceps,Quadriceps Femoris,Gluteus Maximus,,Barbell
Double Dumbbell Bicep Curl,Beginner,Biceps,Biceps Brachii,Brachialis,Brachioradialis,Dumbbell
Double Dumbbell Incline Bench Bicep Curl,Beginner,Biceps,Biceps Brachii,Brachialis,Brachioradialis,Dumbbell
Double Dumbbell Seated Hammer Curl,Beginner,Biceps,Biceps Brachii,Brachialis,Brachioradialis,Dumbbell
Alternating Double Dumbbell Seated Hammer Curl,Beginner,Biceps,Biceps Brachii,Brachialis,Brachioradialis,Dumbbell
Double Dumbbell Incline Bench Hammer Curl,Beginner,Biceps,Biceps Brachii,Brachialis,Brachioradialis,Dumbbell
Alternating Double Dumbbell Incline Bench Hammer Curl,Beginner,Biceps,Biceps Brachii,Brachialis,Brachioradialis,Dumbbell
Double Dumbbell Seated Zottman Curl,Beginner,Biceps,Biceps Brachii,Brachialis,Brachioradialis,Dumbbell
Bodyweight Bicycle Crunch,Novice,Abdominals,Obliques,Rectus Abdominis,,Bodyweight
Bodyweight Box Russian Step Up,Novice,Quadriceps,Quadriceps Femoris,Gluteus Maximus,,Bodyweight
Bodyweight Alternating Box Russian Step Up,Novice,Quadriceps,Quadriceps Femoris,Gluteus Maximus,,Bodyweight
Bodyweight Broad Jump,Intermediate,Quadriceps,Quadriceps Femoris,Gluteus Maximus,Biceps Femoris,Bodyweight
Bodyweight Forearm Plank,Novice,Abdominals,Rectus Abdominis,,,Bodyweight
Parallette Plank,Novice,Abdominals,Rectus Abdominis,,,Parallette Bars
Double Clubbell Shoulder Park Squat,Novice,Quadriceps,Quadriceps Femoris,Gluteus Maximus,,Clubbell
Double Clubbell Clean to Shoulder Park Squat,Intermediate,Quadriceps,Quadriceps Femoris,Gluteus Maximus,,Clubbell
Clubbell Shoulder Park Squat,Novice,Quadriceps,Quadriceps Femoris,Gluteus Maximus,,Clubbell
Single Arm Clubbell Shoulder Park Squat,Novice,Quadriceps,Quadriceps Femoris,Gluteus Maximus,,Clubbell
Clubbell Swing to Alternating Shoulder Park Squat,Intermediate,Quadriceps,Quadriceps Femoris,Gluteus Maximus,,Clubbell
Cable Straight Bar Tricep Pushdown,Beginner,Triceps,Triceps Brachii,,,Cable
Cable Straight Bar Reverse Grip Tricep Pushdown,Beginner,Triceps,Triceps Brachii,,,Cable
Barbell Split Jerk,Advanced,Shoulders,Anterior Deltoids,Triceps Brachii,Gluteus Minimus,Barbell
Barbell Power Clean to Split Jerk,Expert,Shoulders,Anterior Deltoids,Gluteus Maximus,,Barbell
Single Arm Kettlebell Bottoms Up Push Jerk,Novice,Shoulders,Anterior Deltoids,Triceps Brachii,Gluteus Minimus,Kettlebell
Barbell Power Jerk,Intermediate,Shoulders,Anterior Deltoids,Triceps Brachii,Gluteus Minimus,Barbell
Barbell Squat Jerk,Advanced,Quadriceps,Quadriceps Femoris,Gluteus Maximus,Anterior Deltoids,Barbell
Alternating Double Dumbbell Zottman Curl,Beginner,Biceps,Biceps Brachii,Brachialis,Brachioradialis,Dumbbell
Alternating Double Dumbbell Seated Zottman Curl,Beginner,Biceps,Biceps Brachii,Brachialis,Brachioradialis,Dumbbell
Cable Rope Tall Kneeling Overhead Tricep Extension,Novice,Triceps,Triceps Brachii,,,Cable
Dumbbell Crush Grip Tall Kneeling Overhead Tricep Extension,Beginner,Triceps,Triceps Brachii,,,Dumbbell
Bodyweight Alternating Split Squat Jump,Intermediate,Quadriceps,Quadriceps Femoris,Gluteus Maximus,,Bodyweight
Single Arm Dumbbell Overhead Press,Beginner,Shoulders,Anterior Deltoids,Triceps Brachii,,Dumbbell
Single Arm Dumbbell Seated Overhead Press,Beginner,Shoulders,Anterior Deltoids,Triceps Brachii,,Dumbbell
Double Kettlebell Mountain Climber,Novice,Abdominals,Rectus Abdominis,,,Kettlebell
Bodyweight Split Squat Jump,Intermediate,Quadriceps,Quadriceps Femoris,Gluteus Maximus,,Bodyweight
Bodyweight Duck Walk,Intermediate,Quadriceps,Quadriceps Femoris,Gluteus Maximus,,Bodyweight
Barbell Front Rack Split Squat,Novice,Quadriceps,Quadriceps Femoris,Gluteus Maximus,,Barbell
Barbell Overhead Split Squat,Advanced,Quadriceps,Quadriceps Femoris,Gluteus Maximus,,Barbell
Double Dumbbell Split Jerk,Intermediate,Shoulders,Anterior Deltoids,Triceps Brachii,Gluteus Minimus,Dumbbell
Alternating Double Kettlebell Push Jerk,Novice,Shoulders,Anterior Deltoids,Triceps Brachii,Gluteus Minimus,Kettlebell
Alternating Double Kettlebell Bottoms Up Push Jerk,Intermediate,Shoulders,Anterior Deltoids,Triceps Brachii,Gluteus Minimus,Kettlebell
Single Arm Dumbbell Split Jerk,Intermediate,Shoulders,Anterior Deltoids,Triceps Brachii,Gluteus Minimus,Dumbbell
Single Arm Kettlebell Bottoms Up Snatch,Advanced,Glutes,Gluteus Maximus,Anterior Deltoids,,Kettlebell
Bodyweight Copenhagen Plank Side Raise,Intermediate,Adductors,Adductor Magnus,,,Bodyweight
Bodyweight Copenhagen Plank with Leg Lift,Intermediate,Adductors,Adductor Magnus,,,Bodyweight
Single Arm Kettlebell Bottoms Up Overhead Press,Intermediate,Shoulders,Anterior Deltoids,Triceps Brachii,,Kettlebell
Single Arm Kettlebell Bottoms Up Push Press,Intermediate,Shoulders,Anterior Deltoids,Triceps Brachii,,Kettlebell
Double Kettlebell Suitcase Calf Raise,Beginner,Calves,Gastrocnemius,Soleus,,Kettlebell
Double Kettlebell Front Rack Feet Elevated Calf Raise,Novice,Calves,Gastrocnemius,Soleus,,Kettlebell
Double Dumbbell Push Jerk,Novice,Shoulders,Anterior Deltoids,Triceps Brachii,Gluteus Minimus,Dumbbell
Double Kettlebell Front Rack Calf Raise,Beginner,Calves,Gastrocnemius,Soleus,,Kettlebell
Double Dumbbell Seated Bicep Curl,Beginner,Biceps,Biceps Brachii,Brachialis,Brachioradialis,Dumbbell
Double Dumbbell Incline Bench Zottman Curl,Beginner,Biceps,Biceps Brachii,Brachialis,Brachioradialis,Dumbbell
Alternating Double Dumbbell Incline Bench Zottman Curl,Beginner,Biceps,Biceps Brachii,Brachialis,Brachioradialis,Dumbbell
Alternating Double Kettlebell Overhead Press,Novice,Shoulders,Anterior Deltoids,,,Kettlebell
Double Kettlebell Suitcase Split Squat Isometric Calf Raise,Advanced,Calves,Soleus,,,Kettlebell
Bodyweight Single Leg Hip Thrust,Novice,Glutes,Gluteus Maximus,,,Bodyweight
Stability Ball Single Leg Hip Thrust,Novice,Glutes,Gluteus Maximus,,,Stability Ball
Double Kettlebell Suitcase Split Squat Isometric Foot Elevated Calf Raise,Advanced,Calves,Soleus,,,Kettlebell
Single Arm Kettlebell Suitcase Hand Assisted Ipsilateral Foot Elevated Single Leg Calf Raise,Novice,Calves,Gastrocnemius,Soleus,,Kettlebell
Double Kettlebell Front Rack Split Squat Isometric Calf Raise,Advanced,Calves,Soleus,,,Kettlebell
Alternating Double Dumbbell Seated Overhead Press,Beginner,Shoulders,Anterior Deltoids,Triceps Brachii,,Dumbbell
Double Kettlebell Front Rack Split Squat Isometric Foot Elevated Calf Raise,Advanced,Calves,Soleus,,,Kettlebell
Single Arm Dumbbell Push Jerk,Novice,Shoulders,Anterior Deltoids,Triceps Brachii,Gluteus Minimus,Dumbbell
Alternating Double Dumbbell Push Jerk,Novice,Shoulders,Anterior Deltoids,Triceps Brachii,Gluteus Minimus,Dumbbell
Bodyweight Feet Elevated Calf Raise,Beginner,Calves,Gastrocnemius,Soleus,,Bodyweight
Stability Ball Reverse Hyperextension,Novice,Glutes,Gluteus Maximus,,,Stability Ball
Bodyweight Bench Frog Reverse Hyperextension,Novice,Glutes,Gluteus Maximus,,,Bodyweight
Bodyweight Bench Reverse Hyperextension,Novice,Glutes,Gluteus Maximus,,,Bodyweight
Cable Rope Tall Kneeling Low to High Chop,Intermediate,Abdominals,Obliques,Rectus Abdominis,,Cable
Bodyweight V Up,Novice,Abdominals,Rectus Abdominis,,,Bodyweight
Slider Barbell Front Rack Reverse Lunge,Intermediate,Quadriceps,Quadriceps Femoris,Gluteus Maximus,Biceps Femoris,Sliders
Slider Barbell Back Rack Reverse Lunge,Intermediate,Quadriceps,Quadriceps Femoris,Gluteus Maximus,Biceps Femoris,Sliders
Slider Reverse Lunge,Beginner,Quadriceps,Quadriceps Femoris,Gluteus Maximus,Biceps Femoris,Sliders
Barbell Push Jerk,Intermediate,Shoulders,Anterior Deltoids,Triceps Brachii,Gluteus Minimus,Barbell
Barbell Power Clean to Push Jerk,Expert,Shoulders,Anterior Deltoids,Triceps Brachii,,Barbell
Barbell Squat Clean to Push Jerk,Expert,Shoulders,Anterior Deltoids,Triceps Brachii,Gluteus Maximus,Barbell
Single Arm Kettlebell Outside Swing,Novice,Glutes,Gluteus Maximus,,,Kettlebell
Single Arm Kettlebell Suitcase Alternating Forward Lunge Pass Through,Intermediate,Quadriceps,Quadriceps Femoris,Gluteus Maximus,,Kettlebell
Single Arm Kettlebell Suitcase Alternating Reverse Lunge Pass Through,Intermediate,Quadriceps,Quadriceps Femoris,Gluteus Maximus,Biceps Femoris,Kettlebell
Single Arm Kettlebell Contralateral Forward Lunge Snatch,Advanced,Quadriceps,Quadriceps Femoris,Gluteus Maximus,Anterior Deltoids,Kettlebell
Single Arm Kettlebell Alternating Forward Lunge Snatch,Advanced,Quadriceps,Quadriceps Femoris,Gluteus Maximus,Anterior Deltoids,Kettlebell
Single Arm Kettlebell Bottoms Up Half Kneeling Ipsilateral Overhead Press,Intermediate,Shoulders,Anterior Deltoids,Triceps Brachii,,Kettlebell
Double Kettlebell Floor Press,Beginner,Chest,Pectoralis Major,Triceps Brachii,,Kettlebell
Double Kettlebell Glute Bridge Isometric Floor Press,Novice,Chest,Pectoralis Major,Triceps Brachii,Gluteus Minimus,Kettlebell
Slider Single Arm Dumbbell Front Rack Ipsilateral Reverse Lunge,Novice,Quadriceps,Quadriceps Femoris,Gluteus Maximus,Biceps Femoris,Sliders
Slider Single Arm Dumbbell Suitcase Contralateral Reverse Lunge,Novice,Quadriceps,Quadriceps Femoris,Gluteus Maximus,Biceps Femoris,Sliders
Slider Single Arm Dumbbell Suitcase Ipsilateral Reverse Lunge,Novice,Quadriceps,Quadriceps Femoris,Gluteus Maximus,Biceps Femoris,Sliders
Slider Single Arm Dumbbell Overhead Contralateral Reverse Lunge,Intermediate,Quadriceps,Quadriceps Femoris,Gluteus Maximus,Biceps Femoris,Sliders
Slider Single Arm Dumbbell Overhead Ipsilateral Reverse Lunge,Intermediate,Quadriceps,Quadriceps Femoris,Gluteus Maximus,Biceps Femoris,Sliders
Slider Double Dumbbell Front Rack Reverse Lunge,Novice,Quadriceps,Quadriceps Femoris,Gluteus Maximus,Biceps Femoris,Sliders
Slider Double Dumbbell Suitcase Reverse Lunge,Novice,Quadriceps,Quadriceps Femoris,Gluteus Maximus,Biceps Femoris,Sliders
Slider Double Dumbbell Overhead Reverse Lunge,Intermediate,Quadriceps,Quadriceps Femoris,Gluteus Maximus,Biceps Femoris,Sliders
Single Arm Kettlebell Floor Press,Beginner,Chest,Pectoralis Major,Triceps Brachii,,Kettlebell
Alternating Double Kettlebell Floor Press,Beginner,Chest,Pectoralis Major,Triceps Brachii,,Kettlebell
Slider Single Arm Clubbell Order Contralateral Reverse Lunge,Novice,Quadriceps,Quadriceps Femoris,Gluteus Maximus,Biceps Femoris,Sliders
Slider Single Arm Clubbell Order Ipsilateral Reverse Lunge,Novice,Quadriceps,Quadriceps Femoris,Gluteus Maximus,Biceps Femoris,Sliders
Slider Double Clubbell Order Reverse Lunge,Novice,Quadriceps,Quadriceps Femoris,Gluteus Maximus,Biceps Femoris,Sliders
Slider Clubbell Order Reverse Lunge,Novice,Quadriceps,Quadriceps Femoris,Gluteus Maximus,Biceps Femoris,Sliders
Slider Macebell Order Reverse Lunge,Novice,Quadriceps,Quadriceps Femoris,Gluteus Maximus,Biceps Femoris,Sliders
Slider Single Arm Macebell Order Contralateral Reverse Lunge,Novice,Quadriceps,Quadriceps Femoris,Gluteus Maximus,Biceps Femoris,Sliders
Slider Single Arm Macebell Order Ipsilateral Reverse Lunge,Novice,Quadriceps,Quadriceps Femoris,Gluteus Maximus,Biceps Femoris,Sliders
Slider Landmine Goblet Reverse Lunge,Novice,Quadriceps,Quadriceps Femoris,Gluteus Maximus,Biceps Femoris,Sliders
Slider Landmine Shoulder Contralateral Reverse Lunge,Intermediate,Quadriceps,Quadriceps Femoris,Gluteus Maximus,Biceps Femoris,Sliders
Slider Single Arm Landmine Front Rack Contralateral Reverse Lunge,Novice,Quadriceps,Quadriceps Femoris,Gluteus Maximus,Biceps Femoris,Sliders
Slider Single Arm Landmine Front Rack Ipsilateral Reverse Lunge,Novice,Quadriceps,Quadriceps Femoris,Gluteus Maximus,Biceps Femoris,Sliders
Slider Single Arm Landmine Suitcase Contralateral Reverse Lunge,Novice,Quadriceps,Quadriceps Femoris,Gluteus Maximus,Biceps Femoris,Sliders
Slider Single Arm Landmine Suitcase Ipsilateral Reverse Lunge,Novice,Quadriceps,Quadriceps Femoris,Gluteus Maximus,Biceps Femoris,Sliders
Slider Single Arm Landmine Overhead Contralateral Reverse Lunge,Intermediate,Quadriceps,Quadriceps Femoris,Gluteus Maximus,Biceps Femoris,Sliders
Slider Single Arm Landmine Overhead Ipsilateral Reverse Lunge,Intermediate,Quadriceps,Quadriceps Femoris,Gluteus Maximus,Biceps Femoris,Sliders
Suspension Jump Squat,Intermediate,Quadriceps,Quadriceps Femoris,Gluteus Maximus,,Suspension Trainer
Dumbbell Crush Grip Seated Overhead Tricep Extension,Beginner,Triceps,Triceps Brachii,,,Dumbbell
Single Ring Rotational Row,Intermediate,Back,Latissimus Dorsi,Biceps Brachii,Obliques,Gymnastic Rings
Miniband Glute Bridge,Beginner,Glutes,Gluteus Maximus,Gluteus Medius,Gluteus Minimus,Miniband
Double Plate Seated Lu Raise,Novice,Shoulders,Infraspinatus,Posterior Deltoids,,Weight Plate
Double Kettlebell Bottoms Up Floor Press,Novice,Chest,Pectoralis Major,Triceps Brachii,,Kettlebell
Alternating Double Kettlebell Bottoms Up Floor Press,Novice,Chest,Pectoralis Major,Triceps Brachii,,Kettlebell
Single Arm Kettlebell Bottoms Up Floor Press,Novice,Chest,Pectoralis Major,Triceps Brachii,,Kettlebell
Trap Bar Deadlift,Novice,Back,Latissimus Dorsi,,,Trap Bar
Trap Bar Staggered Stance Deadlift,Novice,Back,Latissimus Dorsi,,,Trap Bar
Alternating Double Kettlebell Bent Over Row,Beginner,Back,Latissimus Dorsi,Rhomboids,Posterior Deltoids,Kettlebell
Landmine Goblet Alternating Curtsy Lunge,Intermediate,Quadriceps,Quadriceps Femoris,Gluteus Maximus,,Landmine
Landmine Goblet Curtsy Lunge,Intermediate,Quadriceps,Quadriceps Femoris,Gluteus Maximus,,Landmine
Barbell Overhead Alternating Curtsy Lunge,Advanced,Quadriceps,Quadriceps Femoris,Gluteus Maximus,,Barbell
Barbell Back Rack Alternating Curtsy Lunge,Intermediate,Quadriceps,Quadriceps Femoris,Gluteus Maximus,,Barbell
Barbell Zercher Alternating Curtsy Lunge,Advanced,Quadriceps,Quadriceps Femoris,Gluteus Maximus,,Barbell
Trap Bar Suitcase Carry,Intermediate,Forearms,Brachioradialis,Rectus Abdominis,,Trap Bar
Trap Bar Romanian Deadlift,Novice,Hamstrings,Biceps Femoris,Gluteus Maximus,,Trap Bar
Trap Bar Bent Over Row,Novice,Back,Latissimus Dorsi,Rhomboids,Posterior Deltoids,Trap Bar
Trap Bar Pendlay Row,Novice,Back,Latissimus Dorsi,,,Trap Bar
Trap Bar Shrug,Novice,Trapezius,Upper Trapezius,,,Trap Bar
Trap Bar Deficit Deadlift,Intermediate,Back,Latissimus Dorsi,,,Trap Bar
Trap Bar Bulgarian Split Squat,Intermediate,Quadriceps,Quadriceps Femoris,Gluteus Maximus,,Trap Bar
Trap Bar Jump Squat,Advanced,Quadriceps,Quadriceps Femoris,Gluteus Maximus,,Trap Bar
Battle Rope Power Slam,Novice,Abdominals,Rectus Abdominis,,,Battle Ropes
Battle Rope Power Slam to Burpee,Intermediate,Chest,Pectoralis Major,Rectus Abdominis,,Battle Ropes
Battle Rope Double Wave,Beginner,Biceps,Biceps Brachii,,,Battle Ropes
Battle Rope Alternating Reverse Lunge Alternating Wave,Intermediate,Quadriceps,Quadriceps Femoris,Biceps Brachii,Gluteus Maximus,Battle Ropes
Bodyweight Split Squat Isometric Hold,Novice,Quadriceps,Quadriceps Femoris,Gluteus Maximus,,Bodyweight
Bodyweight Split Squat,Beginner,Quadriceps,Quadriceps Femoris,Gluteus Maximus,,Bodyweight
Barbell Frog Pump,Novice,Glutes,Gluteus Maximus,,,Barbell
Barbell Front Rack Calf Raise,Novice,Calves,Gastrocnemius,Soleus,,Barbell
Barbell Back Rack Calf Raise,Novice,Calves,Gastrocnemius,Soleus,,Barbell
Trap Bar Calf Raise,Novice,Calves,Gastrocnemius,Soleus,,Trap Bar
Barbell Zercher Cyclist Squat,Advanced,Quadriceps,Quadriceps Femoris,Gluteus Maximus,,Barbell
Trap Bar Rack Pull,Novice,Back,Latissimus Dorsi,,,Trap Bar
Trap Bar Floor Press,Novice,Chest,Pectoralis Major,Triceps Brachii,Anterior Deltoids,Trap Bar
Trap Bar Overhead Press,Novice,Shoulders,Anterior Deltoids,Triceps Brachii,,Trap Bar
Trap Bar Bottoms Up Tall Kneeling Overhead Press,Intermediate,Shoulders,Anterior Deltoids,Triceps Brachii,,Trap Bar
Trap Bar Z Press,Intermediate,Shoulders,Anterior Deltoids,Triceps Brachii,,Trap Bar
Trap Bar Bottoms Up Z Press,Advanced,Shoulders,Anterior Deltoids,Triceps Brachii,,Trap Bar
Trap Bar Tall Kneeling Overhead Press,Novice,Shoulders,Anterior Deltoids,Triceps Brachii,,Trap Bar
Trap Bar Bottoms Up Floor Press,Intermediate,Chest,Pectoralis Major,Triceps Brachii,Anterior Deltoids,Trap Bar
Trap Bar Bench Press,Novice,Chest,Pectoralis Major,Triceps Brachii,Anterior Deltoids,Trap Bar
Trap Bar Bottoms Up Bench Press,Intermediate,Chest,Pectoralis Major,Triceps Brachii,Anterior Deltoids,Trap Bar
Battle Rope Jumping Jack,Novice,Shoulders,Medial Deltoids,,,Battle Ropes
Battle Rope Jump Squat Power Slam,Intermediate,Quadriceps,Quadriceps Femoris,Rectus Abdominis,,Battle Ropes
Battle Rope Alternating Side Slam,Novice,Abdominals,Obliques,,,Battle Ropes
Battle Rope Jump Squat Alternating Wave,Intermediate,Quadriceps,Quadriceps Femoris,Rectus Abdominis,,Battle Ropes
Battle Rope In and Out Jump Squat Power Slam,Intermediate,Quadriceps,Quadriceps Femoris,Rectus Abdominis,,Battle Ropes
Battle Rope In and Out Jump Squat Alternating Wave,Intermediate,Quadriceps,Quadriceps Femoris,Rectus Abdominis,,Battle Ropes
Bodyweight In and Out Jump Squat,Novice,Quadriceps,Quadriceps Femoris,Gluteus Maximus,,Bodyweight
Miniband Thigh In and Out Jump Squat,Novice,Abductors,Gluteus Medius,Gluteus Minimus,Quadriceps Femoris,Miniband
Miniband Ankle In and Out Jump Squat,Intermediate,Abductors,Gluteus Medius,Gluteus Minimus,Quadriceps Femoris,Miniband
Battle Rope Single Leg Standing Double Wave,Intermediate,Biceps,Biceps Brachii,,,Battle Ropes
Battle Rope Single Leg Standing Power Slam,Intermediate,Abdominals,Rectus Abdominis,,,Battle Ropes
Battle Rope Split Squat Isometric Power Slam,Intermediate,Abdominals,Rectus Abdominis,Quadriceps Femoris,,Battle Ropes
Battle Rope Alternating Split Squat Jump Alternating Wave,Intermediate,Quadriceps,Quadriceps Femoris,Biceps Brachii,,Battle Ropes
Battle Rope Alternating Split Squat Jump Power Slam,Intermediate,Quadriceps,Quadriceps Femoris,Rectus Abdominis,,Battle Ropes
Single Arm Kettlebell Front Rack Contralateral Cossack Squat,Novice,Quadriceps,Quadriceps Femoris,Adductor Magnus,Gluteus Maximus,Kettlebell
Alternating Double Dumbbell Z Press,Novice,Shoulders,Anterior Deltoids,Triceps Brachii,,Dumbbell
Single Arm Kettlebell Overhead Contralateral Cossack Squat,Intermediate,Quadriceps,Quadriceps Femoris,Adductor Magnus,Gluteus Maximus,Kettlebell
Single Arm Dumbbell Half Kneeling Ipsilateral Overhead Press,Novice,Shoulders,Anterior Deltoids,Triceps Brachii,Rectus Abdominis,Dumbbell
Double Dumbbell Half Kneeling Overhead Press,Novice,Shoulders,Anterior Deltoids,Triceps Brachii,Rectus Abdominis,Dumbbell
Double Dumbbell Tall Kneeling Overhead Press,Novice,Shoulders,Anterior Deltoids,Triceps Brachii,Rectus Abdominis,Dumbbell
Alternating Double Dumbbell Tall Kneeling Overhead Press,Novice,Shoulders,Anterior Deltoids,Triceps Brachii,Rectus Abdominis,Dumbbell
Alternating Double Dumbbell Half Kneeling Overhead Press,Novice,Shoulders,Anterior Deltoids,Triceps Brachii,Rectus Abdominis,Dumbbell
Single Arm Dumbbell Tall Kneeling Overhead Press,Novice,Shoulders,Anterior Deltoids,Triceps Brachii,Rectus Abdominis,Dumbbell
Landmine V Grip Tall Kneeling Chest Press,Intermediate,Chest,Pectoralis Major,Triceps Brachii,,Landmine
Slider Double Dumbbell Front Rack Lateral Lunge,Novice,Adductors,Adductor Magnus,,,Sliders
Slider Double Dumbbell Suitcase Lateral Lunge,Novice,Adductors,Adductor Magnus,,,Sliders
Slider Double Dumbbell Overhead Lateral Lunge,Intermediate,Adductors,Adductor Magnus,,,Sliders
Double Dumbbell Front Raise,Beginner,Shoulders,Anterior Deltoids,Pectoralis Major,Biceps Brachii,Dumbbell
Double Dumbbell Incline Bench Prone Lateral Raise,Beginner,Shoulders,Posterior Deltoids,,,Dumbbell
Double Plate Incline Bench Prone Y Raise,Novice,Shoulders,Posterior Deltoids,,,Weight Plate
Dumbbell Crush Grip Seated Bicep Curl,Beginner,Biceps,Biceps Brachii,Brachialis,Brachioradialis,Dumbbell
Double Dumbbell Incline Bench Prone Hammer Curl,Beginner,Biceps,Biceps Brachii,Brachialis,Brachioradialis,Dumbbell
Alternating Double Dumbbell Incline Bench Prone Hammer Curl,Beginner,Biceps,Biceps Brachii,Brachialis,Brachioradialis,Dumbbell
Single Arm Dumbbell Incline Bench Press,Beginner,Chest,Pectoralis Major,Triceps Brachii,,Dumbbell
Single Arm Dumbbell Decline Bench Press,Beginner,Chest,Pectoralis Major,Triceps Brachii,,Dumbbell
Single Arm Kettlebell Overhead Ipsilateral Cossack Squat,Intermediate,Quadriceps,Quadriceps Femoris,Adductor Magnus,Gluteus Maximus,Kettlebell
Single Arm Kettlebell Bottoms Up Overhead Contralateral Cossack Squat,Intermediate,Quadriceps,Quadriceps Femoris,Adductor Magnus,Gluteus Maximus,Kettlebell
Single Arm Kettlebell Bottoms Up Overhead Ipsilateral Cossack Squat,Intermediate,Quadriceps,Quadriceps Femoris,Adductor Magnus,Gluteus Maximus,Kettlebell
Single Arm Kettlebell Bottoms Up Front Rack Contralateral Cossack Squat,Intermediate,Quadriceps,Quadriceps Femoris,Adductor Magnus,Gluteus Maximus,Kettlebell
Single Arm Kettlebell Bottoms Up Front Rack Ipsilateral Cossack Squat,Intermediate,Quadriceps,Quadriceps Femoris,Adductor Magnus,Gluteus Maximus,Kettlebell
Single Arm Kettlebell Front Rack Foot Elevated Ipsilateral Cossack Squat,Intermediate,Quadriceps,Quadriceps Femoris,Adductor Magnus,Gluteus Maximus,Kettlebell
Single Arm Kettlebell Bottoms Up Front Rack Foot Elevated Contralateral Cossack Squat,Intermediate,Quadriceps,Quadriceps Femoris,Adductor Magnus,Gluteus Maximus,Kettlebell
Single Arm Kettlebell Bottoms Up Front Rack Foot Elevated Ipsilateral Cossack Squat,Intermediate,Quadriceps,Quadriceps Femoris,Adductor Magnus,Gluteus Maximus,Kettlebell
Single Arm Kettlebell Bottoms Up Overhead Foot Elevated Contralateral Cossack Squat,Intermediate,Quadriceps,Quadriceps Femoris,Adductor Magnus,Gluteus Maximus,Kettlebell
Single Arm Kettlebell Bottoms Up Overhead Foot Elevated Ipsilateral Cossack Squat,Intermediate,Quadriceps,Quadriceps Femoris,Adductor Magnus,Gluteus Maximus,Kettlebell
Single Arm Kettlebell Overhead Foot Elevated Contralateral Cossack Squat,Intermediate,Quadriceps,Quadriceps Femoris,Adductor Magnus,Gluteus Maximus,Kettlebell
Single Arm Kettlebell Overhead Foot Elevated Ipsilateral Cossack Squat,Intermediate,Quadriceps,Quadriceps Femoris,Adductor Magnus,Gluteus Maximus,Kettlebell
Double Kettlebell Bottoms Up Front Rack Foot Elevated Cossack Squat,Advanced,Quadriceps,Quadriceps Femoris,Adductor Magnus,Gluteus Maximus,Kettlebell
Double Dumbbell Floor Press,Beginner,Chest,Pectoralis Major,Triceps Brachii,,Dumbbell
Alternating Double Dumbbell Floor Press,Beginner,Chest,Pectoralis Major,Triceps Brachii,,Dumbbell
Double Kettlebell Bottoms Up Overhead Low Switch Cossack Squat,Advanced,Quadriceps,Quadriceps Femoris,Adductor Magnus,Gluteus Maximus,Kettlebell
Double Kettlebell Bottoms Up Overhead Foot Elevated Cossack Squat,Advanced,Quadriceps,Quadriceps Femoris,Adductor Magnus,Gluteus Maximus,Kettlebell
Double Kettlebell Front Rack Foot Elevated Cossack Squat,Intermediate,Quadriceps,Quadriceps Femoris,Adductor Magnus,Gluteus Maximus,Kettlebell
Double Kettlebell Overhead Low Switch Cossack Squat,Intermediate,Quadriceps,Quadriceps Femoris,Adductor Magnus,Gluteus Maximus,Kettlebell
Double Kettlebell Overhead Foot Elevated Cossack Squat,Intermediate,Quadriceps,Quadriceps Femoris,Adductor Magnus,Gluteus Maximus,Kettlebell
Alternating Double Kettlebell Bottoms Up Z Press,Intermediate,Shoulders,Anterior Deltoids,Triceps Brachii,,Kettlebell
Single Arm Kettlebell Bottoms Up Front Rack Alternating Cossack Squat,Intermediate,Quadriceps,Quadriceps Femoris,Adductor Magnus,Gluteus Maximus,Kettlebell
Single Arm Dumbbell Floor Press,Beginner,Chest,Pectoralis Major,Triceps Brachii,,Dumbbell
Single Arm Kettlebell Bottoms Up Front Rack Low Switch Cossack Squat,Intermediate,Quadriceps,Quadriceps Femoris,Adductor Magnus,Gluteus Maximus,Kettlebell
Single Arm Kettlebell Overhead Alternating Cossack Squat,Intermediate,Quadriceps,Quadriceps Femoris,Adductor Magnus,Gluteus Maximus,Kettlebell
Single Arm Kettlebell Overhead Low Switch Cossack Squat,Intermediate,Quadriceps,Quadriceps Femoris,Adductor Magnus,Gluteus Maximus,Kettlebell
Single Arm Kettlebell Pendlay Row,Novice,Back,Latissimus Dorsi,Biceps Brachii,,Kettlebell
Battle Rope Clap,Beginner,Shoulders,Medial Deltoids,Biceps Brachii,Rectus Abdominis,Battle Ropes
Battle Rope Single Leg Standing Clap,Intermediate,Shoulders,Medial Deltoids,Biceps Brachii,Rectus Abdominis,Battle Ropes
Barbell Floor Press,Novice,Chest,Pectoralis Major,Triceps Brachii,Anterior Deltoids,Barbell
Cable Knee Hover Quadruped Fire Hydrant,Advanced,Glutes,Gluteus Maximus,Gluteus Medius,Gluteus Minimus,Cable
Battle Rope Inward Circle,Beginner,Shoulders,Anterior Deltoids,Biceps Brachii,,Battle Ropes
Battle Rope Outward Circle,Beginner,Shoulders,Anterior Deltoids,Biceps Brachii,,Battle Ropes
Battle Rope Alternating Outward Circle,Novice,Shoulders,Anterior Deltoids,Biceps Brachii,,Battle Ropes
Battle Rope Alternating Inward Circle,Novice,Shoulders,Anterior Deltoids,Biceps Brachii,,Battle Ropes
Single Arm Dumbbell Half Kneeling Windmill,Intermediate,Abdominals,Obliques,Rectus Abdominis,,Dumbbell
Double Dumbbell Windmill,Advanced,Abdominals,Obliques,Rectus Abdominis,,Dumbbell
Double Kettlebell Tall Kneeling Shrug,Beginner,Trapezius,Upper Trapezius,,,Kettlebell
Double Dumbbell Cyclist Thruster,Novice,Shoulders,Anterior Deltoids,Quadriceps Femoris,,Dumbbell
Single Arm Kettlebell Bottoms Up Overhead Low Switch Cossack Squat,Advanced,Quadriceps,Quadriceps Femoris,Adductor Magnus,Gluteus Maximus,Kettlebell
Alternating Double Dumbbell Cyclist Thruster,Novice,Shoulders,Anterior Deltoids,Quadriceps Femoris,,Dumbbell
Kettlebell Goblet Alternating Pistol Squat,Advanced,Quadriceps,Quadriceps Femoris,Gluteus Maximus,,Kettlebell
Kettlebell Goblet Pistol Squat,Advanced,Quadriceps,Quadriceps Femoris,Gluteus Maximus,,Kettlebell
Kettlebell Horn Grip Alternating Pistol Squat,Advanced,Quadriceps,Quadriceps Femoris,Gluteus Maximus,,Kettlebell
Single Arm Dumbbell Bent Press,Intermediate,Shoulders,Anterior Deltoids,Triceps Brachii,,Dumbbell
Single Arm Dumbbell Half Kneeling Bent Press,Intermediate,Shoulders,Anterior Deltoids,Triceps Brachii,,Dumbbell
Single Arm Macebell Mill,Intermediate,Shoulders,Posterior Deltoids,Rectus Abdominis,,Macebell
Single Arm Macebell Reverse Mill,Intermediate,Shoulders,Posterior Deltoids,Rectus Abdominis,,Macebell
Alternating Single Arm Clubbell Reverse Mill,Intermediate,Shoulders,Posterior Deltoids,Gluteus Maximus,Obliques,Clubbell
Macebell Mill,Intermediate,Shoulders,Posterior Deltoids,Rectus Abdominis,,Macebell
Alternating Double Dumbbell Bent Over Row,Beginner,Back,Latissimus Dorsi,Rhomboids,Posterior Deltoids,Dumbbell
Barbell Reverse Grip Bent Over Row,Novice,Back,Latissimus Dorsi,Rhomboids,Posterior Deltoids,Barbell
Macebell Offset Bent Over Row,Novice,Back,Latissimus Dorsi,Rhomboids,Posterior Deltoids,Macebell
Macebell Single Leg Offset Bent Over Row,Intermediate,Back,Latissimus Dorsi,Rhomboids,Posterior Deltoids,Macebell
Macebell Reverse Grip Offset Bent Over Row,Novice,Back,Latissimus Dorsi,Rhomboids,Posterior Deltoids,Macebell
Alternating Single Arm Kettlebell Pendlay Row,Novice,Back,Latissimus Dorsi,Biceps Brachii,,Kettlebell
Double Kettlebell Incline Bench Prone Row,Novice,Back,Latissimus Dorsi,,,Kettlebell
Single Arm Dumbbell Incline Bench Prone Row,Novice,Back,Latissimus Dorsi,,,Dumbbell
Single Arm Dumbbell Spider Curl,Novice,Biceps,Biceps Brachii,Brachialis,Brachioradialis,Dumbbell
Double Kettlebell Spider Curl,Novice,Biceps,Biceps Brachii,Brachialis,Brachioradialis,Kettlebell
Double Kettlebell Incline Bench Press,Beginner,Chest,Pectoralis Major,Triceps Brachii,,Kettlebell
Single Arm Dumbbell Front Rack Ipsilateral Cossack Squat,Novice,Quadriceps,Quadriceps Femoris,Adductor Magnus,Gluteus Maximus,Dumbbell
Single Arm Dumbbell Overhead Alternating Cossack Squat,Intermediate,Quadriceps,Quadriceps Femoris,Adductor Magnus,Gluteus Maximus,Dumbbell
Single Arm Kettlebell Incline Bench Press,Beginner,Chest,Pectoralis Major,Triceps Brachii,,Kettlebell
Alternating Double Kettlebell Incline Bench Press,Beginner,Chest,Pectoralis Major,Triceps Brachii,,Kettlebell
Double Kettlebell Bottoms Up Incline Bench Press,Novice,Chest,Pectoralis Major,Triceps Brachii,,Kettlebell
Alternating Double Kettlebell Bottoms Up Incline Bench Press,Novice,Chest,Pectoralis Major,Triceps Brachii,,Kettlebell
Single Arm Kettlebell Bottoms Up Incline Bench Press,Novice,Chest,Pectoralis Major,Triceps Brachii,,Kettlebell
Alternating Double Kettlebell Incline Bench Prone Row,Novice,Back,Latissimus Dorsi,,,Kettlebell
Single Arm Kettlebell Incline Bench Prone Row,Novice,Back,Latissimus Dorsi,,,Kettlebell
Single Arm Dumbbell Overhead Low Switch Cossack Squat,Advanced,Quadriceps,Quadriceps Femoris,Adductor Magnus,Gluteus Maximus,Dumbbell
Dumbbell Goblet Foot Elevated Cossack Squat,Intermediate,Quadriceps,Quadriceps Femoris,Adductor Magnus,Gluteus Maximus,Dumbbell
Single Arm Clubbell Order Ipsilateral Cossack Squat,Novice,Quadriceps,Quadriceps Femoris,Adductor Magnus,Gluteus Maximus,Clubbell
Single Arm Clubbell Order Foot Elevated Ipsilateral Cossack Squat,Intermediate,Quadriceps,Quadriceps Femoris,Adductor Magnus,Gluteus Maximus,Clubbell
Single Arm Clubbell Front Flag Hold Ipsilateral Cossack Squat,Novice,Quadriceps,Quadriceps Femoris,Adductor Magnus,Gluteus Maximus,Clubbell
Single Arm Clubbell Front Flag Hold Foot Elevated Ipsilateral Cossack Squat,Intermediate,Quadriceps,Quadriceps Femoris,Adductor Magnus,Gluteus Maximus,Clubbell
Single Arm Macebell Order Ipsilateral Cossack Squat,Novice,Quadriceps,Quadriceps Femoris,Adductor Magnus,Gluteus Maximus,Macebell
Single Arm Macebell Order Foot Elevated Ipsilateral Cossack Squat,Intermediate,Quadriceps,Quadriceps Femoris,Adductor Magnus,Gluteus Maximus,Macebell
Single Arm Dummbell Front Rack Foot Elevated Contralateral Cossack Squat,Intermediate,Quadriceps,Quadriceps Femoris,Adductor Magnus,Gluteus Maximus,Dumbbell
Single Arm Dumbbell Front Rack Foot Elevated Ipsilateral Cossack Squat,Intermediate,Quadriceps,Quadriceps Femoris,Adductor Magnus,Gluteus Maximus,Dumbbell
Single Arm Kettlebell Spider Curl,Novice,Biceps,Biceps Brachii,Brachialis,Brachioradialis,Kettlebell
Single Arm Kettlebell Seated Overhead Press,Beginner,Shoulders,Anterior Deltoids,Triceps Brachii,,Kettlebell
Single Arm Kettlebell Bird Dog Row,Intermediate,Back,Latissimus Dorsi,Rectus Abdominis,,Kettlebell
Single Arm Kettlebell Bottoms Up Copenhagen Plank,Intermediate,Adductors,Adductor Magnus,,,Kettlebell
Double Kettlebell Bottoms Up Bench Press,Novice,Chest,Pectoralis Major,Triceps Brachii,,Kettlebell
Double Kettlebell Bottoms Up Glute Bridge Isometric Bench Press,Intermediate,Chest,Pectoralis Major,Triceps Brachii,,Kettlebell
Single Arm Kettlebell Bottoms Up Copenhagen Plank Side Raise,Advanced,Adductors,Adductor Magnus,,,Kettlebell
Single Arm Kettlebell Knee Supported Row,Beginner,Back,Latissimus Dorsi,,,Kettlebell
Kettlebell Seated Single Leg Tibialis Raise,Novice,Shins,Tibialis Anterior,,,Kettlebell
Double Kettlebell Seated Calf Raise,Beginner,Calves,Soleus,,,Kettlebell
Double Kettlebell Seated Feet Elevated Calf Raise,Beginner,Calves,Soleus,,,Kettlebell
Alternating Double Dumbbell Thruster,Novice,Shoulders,Anterior Deltoids,Quadriceps Femoris,,Dumbbell
Alternating Single Arm Macebell 360,Intermediate,Shoulders,Posterior Deltoids,Rectus Abdominis,,Macebell
Single Arm Macebell Inside Circle,Intermediate,Abdominals,Rectus Abdominis,Gluteus Maximus,Brachioradialis,Macebell
Single Arm Macebell Outside Circle,Intermediate,Abdominals,Rectus Abdominis,Gluteus Maximus,Brachioradialis,Macebell
Single Arm Macebell Inside Circle to Outside Circle,Intermediate,Abdominals,Rectus Abdominis,Gluteus Maximus,Brachioradialis,Macebell
Macebell Inside Circle,Intermediate,Abdominals,Rectus Abdominis,Gluteus Maximus,Brachioradialis,Macebell
Macebell Outside Circle,Intermediate,Abdominals,Rectus Abdominis,Gluteus Maximus,Brachioradialis,Macebell
Macebell Inside Circle to Outside Circle,Intermediate,Abdominals,Rectus Abdominis,Gluteus Maximus,Brachioradialis,Macebell
Double Kettlebell Seated Overhead Press,Beginner,Shoulders,Anterior Deltoids,Triceps Brachii,,Kettlebell
Alternating Double Kettlebell Seated Overhead Press,Beginner,Shoulders,Anterior Deltoids,Triceps Brachii,,Kettlebell
Double Kettlebell Bottoms Up Seated Overhead Press,Intermediate,Shoulders,Anterior Deltoids,Triceps Brachii,,Kettlebell
Alternating Double Kettlebell Bottoms Up Seated Overhead Press,Intermediate,Shoulders,Anterior Deltoids,Triceps Brachii,,Kettlebell
Single Arm Kettlebell Bottoms Up Seated Overhead Press,Intermediate,Shoulders,Anterior Deltoids,Triceps Brachii,,Kettlebell
Battle Rope Alternating Cossack Squat Alternating Wave,Intermediate,Quadriceps,Quadriceps Femoris,Adductor Magnus,Biceps Brachii,Battle Ropes
Bodyweight Low Switch Cossack Squat,Beginner,Quadriceps,Quadriceps Femoris,Adductor Magnus,Gluteus Maximus,Bodyweight
Barbell Zercher Alternating Cossack Squat,Advanced,Quadriceps,Quadriceps Femoris,Adductor Magnus,Gluteus Maximus,Barbell
Barbell Zercher Cossack Squat,Advanced,Quadriceps,Quadriceps Femoris,Adductor Magnus,Gluteus Maximus,Barbell
Barbell Zercher Low Switch Cossack Squat,Advanced,Quadriceps,Quadriceps Femoris,Adductor Magnus,Gluteus Maximus,Barbell
Barbell Zercher Foot Elevated Cossack Squat,Advanced,Quadriceps,Quadriceps Femoris,Adductor Magnus,Gluteus Maximus,Barbell
Barbell Zombie Squat,Advanced,Quadriceps,Quadriceps Femoris,Gluteus Maximus,,Barbell
Barbell Zombie Split Squat,Advanced,Quadriceps,Quadriceps Femoris,Gluteus Maximus,,Barbell
Heavy Sandbag Bear Hug Cossack Squat,Intermediate,Quadriceps,Quadriceps Femoris,Gluteus Maximus,,Heavy Sandbag
Heavy Sandbag Bear Hug Alternating Cossack Squat,Intermediate,Quadriceps,Quadriceps Femoris,Gluteus Maximus,,Heavy Sandbag
Heavy Sandbag Shoulder Contralateral Cossack Squat,Intermediate,Quadriceps,Quadriceps Femoris,Gluteus Maximus,,Heavy Sandbag
Heavy Sandbag Shoulder Alternating Cossack Squat,Intermediate,Quadriceps,Quadriceps Femoris,Gluteus Maximus,,Heavy Sandbag
Heavy Sandbag Shoulder Ipsilateral Cossack Squat,Intermediate,Quadriceps,Quadriceps Femoris,Gluteus Maximus,,Heavy Sandbag
Barbell Zombie Cyclist Squat,Advanced,Quadriceps,Quadriceps Femoris,Gluteus Maximus,,Barbell
Single Arm Suspension Foot Elevated Ipsilateral Cossack Squat,Beginner,Quadriceps,Quadriceps Femoris,Adductor Magnus,Gluteus Maximus,Suspension Trainer
Single Arm Suspension Ipsilateral Cossack Squat,Beginner,Quadriceps,Quadriceps Femoris,Adductor Magnus,Gluteus Maximus,Suspension Trainer
Battle Rope Low Switch Cossack Squat Alternating Wave,Intermediate,Quadriceps,Quadriceps Femoris,Adductor Magnus,Biceps Brachii,Battle Ropes
Plate Overhead Cossack Squat,Intermediate,Quadriceps,Quadriceps Femoris,Adductor Magnus,Gluteus Maximus,Weight Plate
Plate Overhead Alternating Cossack Squat,Intermediate,Quadriceps,Quadriceps Femoris,Adductor Magnus,Gluteus Maximus,Weight Plate
Plate Overhead Low Switch Cossack Squat,Intermediate,Quadriceps,Quadriceps Femoris,Adductor Magnus,Gluteus Maximus,Weight Plate
Plate Overhead Foot Elevated Cossack Squat,Intermediate,Quadriceps,Quadriceps Femoris,Adductor Magnus,Gluteus Maximus,Weight Plate
Bulgarian Bag Back Rack Cossack Squat,Novice,Quadriceps,Quadriceps Femoris,Adductor Magnus,Gluteus Maximus,Bulgarian Bag
Bulgarian Bag Back Rack Alternating Cossack Squat,Novice,Quadriceps,Quadriceps Femoris,Adductor Magnus,Gluteus Maximus,Bulgarian Bag
Bulgarian Bag Back Rack Low Switch Cossack Squat,Novice,Quadriceps,Quadriceps Femoris,Adductor Magnus,Gluteus Maximus,Bulgarian Bag
Bulgarian Bag Back Rack Foot Elevated Cossack Squat,Novice,Quadriceps,Quadriceps Femoris,Adductor Magnus,Gluteus Maximus,Bulgarian Bag
Sandbag Front Rack Cossack Squat,Novice,Quadriceps,Quadriceps Femoris,Adductor Magnus,Gluteus Maximus,Sandbag
Sandbag Front Rack Alternating Cossack Squat,Novice,Quadriceps,Quadriceps Femoris,Adductor Magnus,Gluteus Maximus,Sandbag
Sandbag Front Rack Low Switch Cossack Squat,Novice,Quadriceps,Quadriceps Femoris,Adductor Magnus,Gluteus Maximus,Sandbag
Sandbag Front Rack Foot Elevated Cossack Squat,Novice,Quadriceps,Quadriceps Femoris,Adductor Magnus,Gluteus Maximus,Sandbag
Bulgarian Bag Back Rack Bulgarian Split Squat,Novice,Quadriceps,Quadriceps Femoris,Gluteus Maximus,,Bulgarian Bag
Plate Dead Bug,Novice,Abdominals,Rectus Abdominis,,,Weight Plate
Sandbag Front Rack Bulgarian Split Squat,Novice,Quadriceps,Quadriceps Femoris,Gluteus Maximus,,Sandbag
Sandbag Back Rack Bulgarian Split Squat,Novice,Quadriceps,Quadriceps Femoris,Gluteus Maximus,,Sandbag
Plate Russian Twist,Novice,Abdominals,Obliques,Rectus Abdominis,,Weight Plate
Plate Feet Elevated Russian Twist,Novice,Abdominals,Obliques,Rectus Abdominis,,Weight Plate
Bodyweight Feet Elevated Russian Twist,Novice,Abdominals,Obliques,Rectus Abdominis,,Bodyweight
Bodyweight Russian Twist,Beginner,Abdominals,Obliques,Rectus Abdominis,,Bodyweight
Landmine Russian Twist,Novice,Abdominals,Obliques,Rectus Abdominis,,Landmine
Bodyweight Alternating Hawaiian Squat,Advanced,Quadriceps,Quadriceps Femoris,Gluteus Maximus,,Bodyweight
Bodyweight Hawaiian Squat,Advanced,Quadriceps,Quadriceps Femoris,Gluteus Maximus,,Bodyweight
Suspension Hawaiian Squat,Intermediate,Quadriceps,Quadriceps Femoris,Gluteus Maximus,,Suspension Trainer
Bodyweight Hand Assisted Hawaiian Squat,Intermediate,Quadriceps,Quadriceps Femoris,Gluteus Maximus,,Bodyweight
Double Kettlebell Bench Press,Beginner,Chest,Pectoralis Major,Triceps Brachii,,Kettlebell
Alternating Single Arm Dumbbell Pendlay Row,Novice,Back,Latissimus Dorsi,Biceps Brachii,,Dumbbell
Double Dumbbell Tall Kneeling Shrug,Beginner,Trapezius,Upper Trapezius,,,Dumbbell
Single Arm Kettlebell Bench Press,Beginner,Chest,Pectoralis Major,Triceps Brachii,,Kettlebell
Macebell Offset Overhead Press,Intermediate,Shoulders,Anterior Deltoids,Triceps Brachii,,Macebell
Macebell Offset Thruster,Intermediate,Shoulders,Anterior Deltoids,Quadriceps Femoris,,Macebell
Single Arm Dummbell Overhead Foot Elevated Contralateral Cossack Squat,Intermediate,Quadriceps,Quadriceps Femoris,Adductor Magnus,Gluteus Maximus,Dumbbell
Single Arm Dummbell Overhead Foot Elevated Ipsilateral Cossack Squat,Intermediate,Quadriceps,Quadriceps Femoris,Adductor Magnus,Gluteus Maximus,Dumbbell
Alternating Double Kettlebell Bench Press,Beginner,Chest,Pectoralis Major,Triceps Brachii,,Kettlebell
Double Dumbbell Suitcase Cyclist Squat,Novice,Quadriceps,Quadriceps Femoris,Gluteus Maximus,,Dumbbell
Single Arm Dumbbell Suitcase Cyclist Squat,Novice,Quadriceps,Quadriceps Femoris,Gluteus Maximus,,Dumbbell
Alternating Double Kettlebell Bottoms Up Bench Press,Novice,Chest,Pectoralis Major,Triceps Brachii,,Kettlebell
Single Arm Kettlebell Bottoms Up Bench Press,Novice,Chest,Pectoralis Major,Triceps Brachii,,Kettlebell
Single Arm Macebell Order Cyclist Squat,Novice,Quadriceps,Quadriceps Femoris,Gluteus Maximus,,Macebell
Plate Overhead Cyclist Squat,Intermediate,Quadriceps,Quadriceps Femoris,Gluteus Maximus,,Weight Plate
Bulgarian Bag Back Rack Cyclist Squat,Novice,Quadriceps,Quadriceps Femoris,Gluteus Maximus,,Bulgarian Bag
Sandbag Front Rack Cyclist Squat,Novice,Quadriceps,Quadriceps Femoris,Gluteus Maximus,,Sandbag
Heavy Sandbag Bear Hug Cyclist Squat,Intermediate,Quadriceps,Quadriceps Femoris,Gluteus Maximus,,Heavy Sandbag
Heavy Sandbag Shoulder Cyclist Squat,Intermediate,Quadriceps,Quadriceps Femoris,Gluteus Maximus,,Heavy Sandbag
Landmine Goblet Cyclist Squat,Novice,Quadriceps,Quadriceps Femoris,Gluteus Maximus,,Landmine
Double Kettlebell Prone Row,Novice,Back,Latissimus Dorsi,,,Kettlebell
Alternating Double Kettlebell Prone Row,Novice,Back,Latissimus Dorsi,,,Kettlebell
Dumbbell Goblet Pistol Squat,Advanced,Quadriceps,Quadriceps Femoris,Gluteus Maximus,,Dumbbell
Dumbbell Goblet Alternating Pistol Squat,Advanced,Quadriceps,Quadriceps Femoris,Gluteus Maximus,,Dumbbell
Single Arm Kettlebell Prone Row,Novice,Back,Latissimus Dorsi,,,Kettlebell
Bodyweight Alternating Pistol Squat,Advanced,Quadriceps,Quadriceps Femoris,Gluteus Maximus,,Bodyweight
Barbell Zombie Pistol Squat,Expert,Quadriceps,Quadriceps Femoris,Gluteus Maximus,,Barbell
Barbell Front Rack Pistol Squat,Advanced,Quadriceps,Quadriceps Femoris,Gluteus Maximus,,Barbell
Barbell Back Rack Pistol Squat,Advanced,Quadriceps,Quadriceps Femoris,Gluteus Maximus,,Barbell
Barbell Zercher Pistol Squat,Expert,Quadriceps,Quadriceps Femoris,Gluteus Maximus,,Barbell
Dumbbell Crush Grip Front Rack Squat,Novice,Quadriceps,Quadriceps Femoris,Gluteus Maximus,,Dumbbell
Double Kettlebell Decline Bench Press,Beginner,Chest,Pectoralis Major,Triceps Brachii,,Kettlebell
Single Arm Kettlebell Decline Bench Press,Beginner,Chest,Pectoralis Major,Triceps Brachii,,Kettlebell
Single Arm Macebell Order Squat,Beginner,Quadriceps,Quadriceps Femoris,Gluteus Maximus,,Macebell
Sandbag Front Rack Squat,Novice,Quadriceps,Quadriceps Femoris,Gluteus Maximus,,Sandbag
Sandbag Back Rack Squat,Novice,Quadriceps,Quadriceps Femoris,Gluteus Maximus,,Sandbag
Sandbag Back Rack Alternating Cossack Squat,Novice,Quadriceps,Quadriceps Femoris,Adductor Magnus,Gluteus Maximus,Sandbag
Sandbag Back Rack Cossack Squat,Novice,Quadriceps,Quadriceps Femoris,Adductor Magnus,Gluteus Maximus,Sandbag
Sandbag Back Rack Low Switch Cossack Squat,Novice,Quadriceps,Quadriceps Femoris,Adductor Magnus,Gluteus Maximus,Sandbag
Sandbag Back Rack Foot Elevated Cossack Squat,Novice,Quadriceps,Quadriceps Femoris,Adductor Magnus,Gluteus Maximus,Sandbag
Bulgarian Bag Back Rack Curtsy Lunge,Novice,Quadriceps,Quadriceps Femoris,Gluteus Maximus,,Bulgarian Bag
Bulgarian Bag Back Rack Alternating Curtsy Lunge,Novice,Quadriceps,Quadriceps Femoris,Gluteus Maximus,,Bulgarian Bag
Macebell Offset Bicep Curl,Novice,Biceps,Biceps Brachii,Brachialis,Brachioradialis,Macebell
Single Arm Suspension Ipsilateral Skater Squat,Intermediate,Quadriceps,Quadriceps Femoris,Gluteus Maximus,,Suspension Trainer
Sandbag Back Rack Walking Lunge,Novice,Quadriceps,Quadriceps Femoris,Gluteus Maximus,,Sandbag
Alternating Double Kettlebell Decline Bench Press,Beginner,Chest,Pectoralis Major,Triceps Brachii,,Kettlebell
Double Kettlebell Bottoms Up Decline Bench Press,Novice,Chest,Pectoralis Major,Triceps Brachii,,Kettlebell
Alternating Double Kettlebell Bottoms Up Decline Bench Press,Novice,Chest,Pectoralis Major,Triceps Brachii,,Kettlebell
Alternating Double Dumbbell Prone Row,Novice,Back,Latissimus Dorsi,,,Dumbbell
Single Arm Dumbbell Prone Row,Novice,Back,Latissimus Dorsi,,,Dumbbell
Single Arm Dumbbell Pendlay Row,Novice,Back,Latissimus Dorsi,Biceps Brachii,,Dumbbell
Single Arm Kettlebell Bottoms Up Decline Bench Press,Novice,Chest,Pectoralis Major,Triceps Brachii,,Kettlebell
Slider Dumbbell Goblet Lateral Lunge,Novice,Adductors,Adductor Magnus,,,Sliders
Slider Single Arm Dumbbell Front Rack Contralateral Lateral Lunge,Novice,Adductors,Adductor Magnus,,,Sliders
Slider Single Arm Dumbbell Front Rack Ipsilateral Lateral Lunge,Novice,Adductors,Adductor Magnus,,,Sliders
Slider Single Arm Dumbbell Overhead Contralateral Lateral Lunge,Intermediate,Adductors,Adductor Magnus,,,Sliders
Slider Single Arm Dumbbell Overhead Ipsilateral Lateral Lunge,Intermediate,Adductors,Adductor Magnus,,,Sliders
Slider Single Arm Dumbbell Low Hold Contralateral Lateral Lunge,Novice,Adductors,Adductor Magnus,,,Sliders
Double Dumbbell Low Hold Alternating Lateral Lunge,Novice,Quadriceps,Quadriceps Femoris,Adductor Magnus,Gluteus Maximus,Dumbbell
Macebell Reverse Grip Offset Bicep Curl,Novice,Forearms,Brachioradialis,Biceps Brachii,Brachialis,Barbell
Single Arm Clubbell Mill to Reverse Mill,Advanced,Shoulders,Posterior Deltoids,Gluteus Maximus,Obliques,Clubbell
Slider Clubbell Order Lateral Lunge,Novice,Adductors,Adductor Magnus,,,Sliders
Slider Double Clubbell Order Lateral Lunge,Novice,Adductors,Adductor Magnus,,,Sliders
Slider Single Arm Clubbell Order Contralateral Lateral Lunge,Novice,Adductors,Adductor Magnus,,,Sliders
Slider Single Arm Clubbell Order Ipsilateral Lateral Lunge,Novice,Adductors,Adductor Magnus,,,Sliders
Slider Macebell Order Lateral Lunge,Novice,Adductors,Adductor Magnus,,,Sliders
Slider Single Arm Macebell Order Contralateral Lateral Lunge,Novice,Adductors,Adductor Magnus,,,Sliders
Slider Single Arm Macebell Order Ipsilateral Lateral Lunge,Novice,Adductors,Adductor Magnus,,,Sliders
Stability Ball Miniband Feet Elevated Glute Bridge,Novice,Glutes,Gluteus Maximus,,,Stability Ball
Stability Ball Frog Reverse Hyperextension,Novice,Glutes,Gluteus Maximus,,,Stability Ball
Stability Ball Bulgarian Split Squat,Intermediate,Quadriceps,Quadriceps Femoris,Gluteus Maximus,,Stability Ball
Double Dumbbell Suitcase Bulgarian Split Squat Jump,Advanced,Quadriceps,Quadriceps Femoris,Gluteus Maximus,,Dumbbell
Slider Suspension Reverse Lunge,Beginner,Quadriceps,Quadriceps Femoris,Gluteus Maximus,Biceps Femoris,Sliders
Slider Bulgarian Bag Back Rack Lateral Lunge,Novice,Adductors,Adductor Magnus,,,Sliders
Slider Sandbag Front Rack Lateral Lunge,Novice,Adductors,Adductor Magnus,,,Sliders
Slider Sandbag Back Rack Lateral Lunge,Novice,Adductors,Adductor Magnus,,,Sliders
Miniband Ankle Monster Walk,Novice,Abductors,Gluteus Medius,Gluteus Minimus,Tensor Fasciae Latae,Miniband
Slider Landmine Goblet Lateral Lunge,Novice,Adductors,Adductor Magnus,,,Sliders
Slider Landmine Low Hold Lateral Lunge,Novice,Adductors,Adductor Magnus,,,Sliders
Slider Single Arm Kettlebell Front Rack Contralateral Lateral Lunge,Novice,Adductors,Adductor Magnus,,,Sliders
Slider Single Arm Kettlebell Front Rack Ipsilateral Lateral Lunge,Novice,Adductors,Adductor Magnus,,,Sliders
Slider Single Arm Kettlebell Bottoms Up Front Rack Contralateral Lateral Lunge,Intermediate,Adductors,Adductor Magnus,,,Sliders
Slider Single Arm Kettlebell Bottoms Up Front Rack Ipsilateral Lateral Lunge,Intermediate,Adductors,Adductor Magnus,,,Sliders
Slider Single Arm Kettlebell Overhead Contralateral Lateral Lunge,Intermediate,Adductors,Adductor Magnus,,,Sliders
Slider Single Arm Kettlebell Overhead Ipsilateral Lateral Lunge,Intermediate,Adductors,Adductor Magnus,,,Sliders
Slider Single Arm Kettlebell Bottoms Up Overhead Contralateral Lateral Lunge,Advanced,Adductors,Adductor Magnus,,,Sliders
Slider Single Arm Kettlebell Bottoms Up Overhead Ipsilateral Lateral Lunge,Advanced,Adductors,Adductor Magnus,,,Sliders
Slider Single Arm Kettlebell Low Hold Contralateral Lateral Lunge,Novice,Adductors,Adductor Magnus,,,Sliders
Slider Plate Overhead Lateral Lunge,Intermediate,Adductors,Adductor Magnus,,,Sliders
Slider Plate Overhead Reverse Lunge,Intermediate,Quadriceps,Quadriceps Femoris,Gluteus Maximus,Biceps Femoris,Sliders
Single Arm Macebell Mill to Reverse Mill,Advanced,Shoulders,Posterior Deltoids,Rectus Abdominis,,Macebell
Single Arm Dumbbell Sots Press,Intermediate,Shoulders,Anterior Deltoids,Triceps Brachii,,Dumbbell
Double Dumbbell Sots Press,Intermediate,Shoulders,Anterior Deltoids,Triceps Brachii,,Dumbbell
Alternating Double Dumbbell Sots Press,Intermediate,Shoulders,Anterior Deltoids,Triceps Brachii,,Dumbbell
Double Dumbbell Seesaw Sots Press,Intermediate,Shoulders,Anterior Deltoids,Triceps Brachii,,Dumbbell
Double Dumbbell Hang Snatch,Intermediate,Glutes,Gluteus Maximus,Anterior Deltoids,,Dumbbell
Single Arm Dumbbell Hang Snatch,Intermediate,Glutes,Gluteus Maximus,Anterior Deltoids,,Dumbbell
Alternating Single Arm Dumbbell Hang Snatch,Intermediate,Glutes,Gluteus Maximus,Anterior Deltoids,,Dumbbell
Miniband Kneeling Side Plank Clamshell,Novice,Glutes,Gluteus Maximus,Gluteus Medius,Gluteus Minimus,Miniband
Miniband Thigh Side Plank Hip Abduction,Novice,Abductors,Gluteus Medius,Gluteus Minimus,Tensor Fasciae Latae,Miniband
Stability Ball Feet Elevated Russian Twist,Novice,Abdominals,Obliques,Rectus Abdominis,,Stability Ball
Bodyweight Alternating Single Leg V Up,Novice,Abdominals,Rectus Abdominis,,,Bodyweight
Battle Rope Alternating Lateral Lunge Alternating Wave,Intermediate,Quadriceps,Quadriceps Femoris,Adductor Magnus,Biceps Brachii,Battle Ropes
Alternating Single Arm Macebell Mill,Advanced,Shoulders,Posterior Deltoids,Rectus Abdominis,,Macebell
Alternating Single Arm Macebell Reverse Mill,Advanced,Shoulders,Posterior Deltoids,Rectus Abdominis,,Macebell
Plate Hip Thrust,Beginner,Glutes,Gluteus Maximus,,,Weight Plate
Suspension Single Leg Standing Bent Knee Mid Row,Intermediate,Back,Latissimus Dorsi,,,Suspension Trainer
Suspension Single Leg Foot Elevated Glute Bridge,Intermediate,Glutes,Gluteus Maximus,,,Suspension Trainer
Tire Single Leg Foot Elevated Glute Bridge,Intermediate,Glutes,Gluteus Maximus,,,Tire
Suspension Single Leg Standing Bent Knee Low Row,Intermediate,Back,Latissimus Dorsi,,,Suspension Trainer
Suspension Sissy Squat,Novice,Quadriceps,Quadriceps Femoris,Gluteus Maximus,,Suspension Trainer
Single Arm Suspension Rotational Row,Intermediate,Back,Latissimus Dorsi,Biceps Brachii,,Suspension Trainer
Alternating Double Indian Club Outer Heart Shaped Swing,Intermediate,Shoulders,Posterior Deltoids,,,Indian Club
Double Indian Club Parallel Swing,Intermediate,Shoulders,Posterior Deltoids,,,Indian Club
Bulgarian Bag Back Rack Forward Lunge,Novice,Quadriceps,Quadriceps Femoris,Gluteus Maximus,,Bulgarian Bag
Bulgarian Bag Dead Squat Clean,Intermediate,Quadriceps,Quadriceps Femoris,Gluteus Maximus,,Bulgarian Bag
Ring Archer Row,Novice,Shoulders,Posterior Deltoids,,,Gymnastic Rings
Suspension Feet Elevated Decline Push Up,Intermediate,Chest,Pectoralis Major,Triceps Brachii,,Suspension Trainer
Bodyweight Hand Assisted Pistol Squat,Novice,Quadriceps,Quadriceps Femoris,Gluteus Maximus,,Bodyweight
Double Kettlebell Suitcase Alternating Curtsy Lunge,Novice,Quadriceps,Quadriceps Femoris,Gluteus Maximus,,Kettlebell
Double Kettlebell Overhead Alternating Curtsy Lunge,Intermediate,Quadriceps,Quadriceps Femoris,Gluteus Maximus,,Kettlebell
Double Kettlebell Bottoms Up Front Rack Alternating Curtsy Lunge,Intermediate,Quadriceps,Quadriceps Femoris,Gluteus Maximus,,Kettlebell
Double Kettlebell Bottoms Up Overhead Alternating Curtsy Lunge,Advanced,Quadriceps,Quadriceps Femoris,Gluteus Maximus,,Kettlebell
Single Arm Kettlebell Front Rack Alternating Curtsy Lunge,Novice,Quadriceps,Quadriceps Femoris,Gluteus Maximus,,Kettlebell
Single Arm Kettlebell Suitcase Alternating Curtsy Lunge,Novice,Quadriceps,Quadriceps Femoris,Gluteus Maximus,,Kettlebell
Single Arm Kettlebell Overhead Alternating Curtsy Lunge,Intermediate,Quadriceps,Quadriceps Femoris,Gluteus Maximus,,Kettlebell
Single Arm Kettlebell Bottoms Up Overhead Alternating Curtsy Lunge,Advanced,Quadriceps,Quadriceps Femoris,Gluteus Maximus,,Kettlebell
Single Arm Kettlebell Bottoms Up Front Rack Alternating Curtsy Lunge,Intermediate,Quadriceps,Quadriceps Femoris,Gluteus Maximus,,Kettlebell
Double Dumbbell Front Rack Alternating Curtsy Lunge,Novice,Quadriceps,Quadriceps Femoris,Gluteus Maximus,,Dumbbell
Double Dumbbell Suitcase Alternating Curtsy Lunge,Novice,Quadriceps,Quadriceps Femoris,Gluteus Maximus,,Dumbbell
Double Dumbbell Overhead Alternating Curtsy Lunge,Intermediate,Quadriceps,Quadriceps Femoris,Gluteus Maximus,,Dumbbell
Single Arm Dumbbell Front Rack Alternating Curtsy Lunge,Novice,Quadriceps,Quadriceps Femoris,Gluteus Maximus,,Dumbbell
Single Arm Dumbbell Suitcase Alternating Curtsy Lunge,Novice,Quadriceps,Quadriceps Femoris,Gluteus Maximus,,Dumbbell
Single Arm Dumbbell Overhead Alternating Curtsy Lunge,Intermediate,Quadriceps,Quadriceps Femoris,Gluteus Maximus,,Dumbbell
Dumbbell Goblet Alternating Curtsy Lunge,Novice,Quadriceps,Quadriceps Femoris,Gluteus Maximus,,Dumbbell
Kettlebell Horn Grip Alternating Curtsy Lunge,Novice,Quadriceps,Quadriceps Femoris,Gluteus Maximus,,Kettlebell
Kettlebell Goblet Alternating Curtsy Lunge,Novice,Quadriceps,Quadriceps Femoris,Gluteus Maximus,,Kettlebell
Clubbell Order Alternating Curtsy Lunge,Novice,Quadriceps,Quadriceps Femoris,Gluteus Maximus,,Clubbell
Double Clubbell Order Alternating Curtsy Lunge,Novice,Quadriceps,Quadriceps Femoris,Gluteus Maximus,,Clubbell
Single Arm Clubbell Order Alternating Curtsy Lunge,Novice,Quadriceps,Quadriceps Femoris,Gluteus Maximus,,Clubbell
Macebell Order Alternating Curtsy Lunge,Novice,Quadriceps,Quadriceps Femoris,Gluteus Maximus,,Macebell
Single Arm Macebell Order Alternating Curtsy Lunge,Novice,Quadriceps,Quadriceps Femoris,Gluteus Maximus,,Macebell
Bodyweight Alternating Curtsy Lunge,Beginner,Quadriceps,Quadriceps Femoris,Gluteus Maximus,,Bodyweight
Heavy Sandbag Bear Hug Alternating Curtsy Lunge,Intermediate,Quadriceps,Quadriceps Femoris,Gluteus Maximus,,Heavy Sandbag
Heavy Sandbag Shoulder Alternating Curtsy Lunge,Intermediate,Quadriceps,Quadriceps Femoris,Gluteus Maximus,,Heavy Sandbag
Plate Overhead Alternating Curtsy Lunge,Intermediate,Quadriceps,Quadriceps Femoris,Gluteus Maximus,,Weight Plate
Sandbag Front Rack Alternating Curtsy Lunge,Novice,Quadriceps,Quadriceps Femoris,Gluteus Maximus,,Sandbag
Sandbag Back Rack Alternating Curtsy Lunge,Novice,Quadriceps,Quadriceps Femoris,Gluteus Maximus,,Sandbag
Plate Hollow Body Hold,Intermediate,Abdominals,Rectus Abdominis,,,Weight Plate
Slider Atomic Push Up,Intermediate,Chest,Pectoralis Major,Rectus Abdominis,,Sliders
Slider Reach Push Up,Intermediate,Chest,Pectoralis Major,Triceps Brachii,,Sliders
Slider Kneeling Reach Push Up,Novice,Chest,Pectoralis Major,Triceps Brachii,,Sliders
Double Kettlebell Tuck L Sit,Intermediate,Abdominals,Rectus Abdominis,,,Kettlebell
Bodyweight Fingertip Full Planche Push Up,Grand Master,Chest,Pectoralis Major,Triceps Brachii,Rectus Abdominis,Bodyweight
Bodyweight Hollow Body Hold with Flutter Kicks,Novice,Abdominals,Rectus Abdominis,,,Bodyweight
Superband Shoulder Dislocates,Novice,Shoulders,Posterior Deltoids,,,Superband
Superband Alternating Shoulder Dislocates,Novice,Shoulders,Posterior Deltoids,,,Superband
Superband Prone Shoulder Dislocates,Novice,Shoulders,Posterior Deltoids,,,Superband
Resistance Band Prone Shoulder Dislocates,Novice,Shoulders,Posterior Deltoids,,,Resistance Band
Resistance Band Alternating Shoulder Dislocates,Novice,Shoulders,Posterior Deltoids,,,Resistance Band
Resistance Band Pull Apart,Beginner,Shoulders,Posterior Deltoids,,,Resistance Band
Bodyweight Feet Elevated Frog Pump,Novice,Glutes,Gluteus Maximus,,,Bodyweight
Miniband Feet Elevated Frog Pump,Novice,Glutes,Gluteus Maximus,,,Miniband
Miniband Feet Elevated Glute Bridge,Novice,Glutes,Gluteus Maximus,,,Miniband
Bodyweight Reverse Plank,Novice,Abdominals,Rectus Abdominis,Gluteus Maximus,Erector Spinae,Bodyweight
Wall Ball Toss,Intermediate,Quadriceps,Quadriceps Femoris,Gluteus Maximus,Anterior Deltoids,Wall Ball
Wall Ball Feet Elevated Russian Twist Lateral Toss,Intermediate,Abdominals,Obliques,Rectus Abdominis,,Wall Ball
Wall Ball Russian Twist Lateral Toss,Novice,Abdominals,Obliques,Rectus Abdominis,,Wall Ball
Wall Ball Lateral Toss,Novice,Abdominals,Obliques,Rectus Abdominis,,Wall Ball
Wall Ball Sit Up Toss,Intermediate,Abdominals,Rectus Abdominis,,,Wall Ball
Double Kettlebell Suitcase Bulgarian Split Squat Jump,Advanced,Quadriceps,Quadriceps Femoris,Gluteus Maximus,,Kettlebell
Parallette V Sit to Pike Press Handstand,Expert,Shoulders,Anterior Deltoids,Triceps Brachii,Rectus Abdominis,Parallette Bars
Barbell Zercher Bulgarian Split Squat,Advanced,Quadriceps,Quadriceps Femoris,Gluteus Maximus,,Barbell
Dumbbell Goblet Bulgarian Split Squat,Intermediate,Quadriceps,Quadriceps Femoris,Gluteus Maximus,,Dumbbell
Single Arm Kettlebell Bottoms Up Overhead Ipsilateral Bulgarian Split Squat,Advanced,Quadriceps,Quadriceps Femoris,Gluteus Maximus,,Kettlebell
Kettlebell Goblet Bulgarian Split Squat,Intermediate,Quadriceps,Quadriceps Femoris,Gluteus Maximus,,Kettlebell
Landmine Goblet Bulgarian Split Squat,Intermediate,Quadriceps,Quadriceps Femoris,Gluteus Maximus,,Landmine
Macebell Order Bulgarian Split Squat,Intermediate,Quadriceps,Quadriceps Femoris,Gluteus Maximus,Brachioradialis,Macebell
Single Arm Macebell Order Contralateral Bulgarian Split Squat,Intermediate,Quadriceps,Quadriceps Femoris,Gluteus Maximus,Brachioradialis,Macebell
Single Arm Macebell Order Ipsilateral Bulgarian Split Squat,Intermediate,Quadriceps,Quadriceps Femoris,Gluteus Maximus,Brachioradialis,Macebell
Clubbell Order Bulgarian Split Squat,Intermediate,Quadriceps,Quadriceps Femoris,Gluteus Maximus,Brachioradialis,Clubbell
Plate Overhead Bulgarian Split Squat,Intermediate,Quadriceps,Quadriceps Femoris,Gluteus Maximus,,Weight Plate
Tire Bulgarian Split Squat,Novice,Quadriceps,Quadriceps Femoris,Gluteus Maximus,,Tire
Tire Bulgarian Split Squat Jump,Intermediate,Quadriceps,Quadriceps Femoris,,,Tire
Double Dumbbell Front Rack Knee Over Toe Split Squat,Novice,Quadriceps,Quadriceps Femoris,Gluteus Maximus,,Dumbbell
Double Dumbbell Front Rack Foot Elevated Knee Over Toe Split Squat,Novice,Quadriceps,Quadriceps Femoris,Gluteus Maximus,,Dumbbell
Double Dumbbell Overhead Knee Over Toe Split Squat,Intermediate,Quadriceps,Quadriceps Femoris,Gluteus Maximus,,Dumbbell
Double Dumbbell Overhead Foot Elevated Knee Over Toe Split Squat,Intermediate,Quadriceps,Quadriceps Femoris,Gluteus Maximus,,Dumbbell
Double Dumbbell Suitcase Foot Elevated Knee Over Toe Split Squat,Novice,Quadriceps,Quadriceps Femoris,Gluteus Maximus,,Dumbbell
Single Arm Dumbbell Overhead Ipsilateral Knee Over Toe Split Squat,Intermediate,Quadriceps,Quadriceps Femoris,Gluteus Maximus,,Dumbbell
Single Arm Dumbbell Front Rack Contralateral Knee Over Toe Split Squat,Novice,Quadriceps,Quadriceps Femoris,Gluteus Maximus,,Dumbbell
Single Arm Dumbbell Front Rack Ipsilateral Knee Over Toe Split Squat,Novice,Quadriceps,Quadriceps Femoris,Gluteus Maximus,,Dumbbell
Single Arm Dumbbell Suitcase Contralateral Knee Over Toe Split Squat,Novice,Quadriceps,Quadriceps Femoris,Gluteus Maximus,,Dumbbell
Single Arm Dumbbell Suitcase Ipsilateral Knee Over Toe Split Squat,Novice,Quadriceps,Quadriceps Femoris,Gluteus Maximus,,Dumbbell
Dumbbell Goblet Knee Over Toe Split Squat,Novice,Quadriceps,Quadriceps Femoris,Gluteus Maximus,,Dumbbell
Dumbbell Goblet Foot Elevated Knee Over Toe Split Squat,Novice,Quadriceps,Quadriceps Femoris,Gluteus Maximus,,Dumbbell
Single Arm Dumbbell Suitcase Foot Elevated Contralateral Knee Over Toe Split Squat,Novice,Quadriceps,Quadriceps Femoris,Gluteus Maximus,,Dumbbell
Single Arm Dumbbell Suitcase Foot Elevated Ipsilateral Knee Over Toe Split Squat,Novice,Quadriceps,Quadriceps Femoris,Gluteus Maximus,,Dumbbell
Single Arm Dumbbell Overhead Foot Elevated Contralateral Knee Over Toe Split Squat,Intermediate,Quadriceps,Quadriceps Femoris,Gluteus Maximus,,Dumbbell
Single Arm Dumbbell Overhead Foot Elevated Ipsilateral Knee Over Toe Split Squat,Intermediate,Quadriceps,Quadriceps Femoris,Gluteus Maximus,,Dumbbell
Single Arm Dumbbell Front Rack Foot Elevated Contralateral Knee Over Toe Split Squat,Novice,Quadriceps,Quadriceps Femoris,Gluteus Maximus,,Dumbbell
Single Arm Dumbbell Front Rack Foot Elevated Ipsilateral Knee Over Toe Split Squat,Novice,Quadriceps,Quadriceps Femoris,Gluteus Maximus,,Dumbbell
Barbell Zercher Knee Over Toe Split Squat,Advanced,Quadriceps,Quadriceps Femoris,Gluteus Maximus,,Barbell
Barbell Zercher Foot Elevated Knee Over Toe Split Squat,Advanced,Quadriceps,Quadriceps Femoris,Gluteus Maximus,,Barbell
Barbell Back Rack Foot Elevated Knee Over Toe Split Squat,Intermediate,Quadriceps,Quadriceps Femoris,Gluteus Maximus,,Barbell
Barbell Front Rack Foot Elevated Knee Over Toe Split Squat,Intermediate,Quadriceps,Quadriceps Femoris,Gluteus Maximus,,Barbell
Barbell Overhead Foot Elevated Knee Over Toe Split Squat,Advanced,Quadriceps,Quadriceps Femoris,Gluteus Maximus,,Barbell
Single Arm Barbell Overhead Foot Elevated Knee Over Toe Split Squat,Expert,Quadriceps,Quadriceps Femoris,Gluteus Maximus,,Barbell
Bulgarian Bag Back Rack Knee Over Toe Split Squat,Novice,Quadriceps,Quadriceps Femoris,Gluteus Maximus,,Bulgarian Bag
Bulgarian Bag Back Rack Foot Elevated Knee Over Toe Split Squat,Novice,Quadriceps,Quadriceps Femoris,Gluteus Maximus,,Bulgarian Bag
Plate Overhead Knee Over Toe Split Squat,Intermediate,Quadriceps,Quadriceps Femoris,Gluteus Maximus,,Weight Plate
Plate Overhead Foot Elevated Knee Over Toe Split Squat,Intermediate,Quadriceps,Quadriceps Femoris,Gluteus Maximus,,Weight Plate
Double Clubbell Order Knee Over Toe Split Squat,Novice,Quadriceps,Quadriceps Femoris,Gluteus Maximus,,Clubbell
Double Clubbell Order Foot Elevated Knee Over Toe Split Squat,Novice,Quadriceps,Quadriceps Femoris,Gluteus Maximus,,Clubbell
Clubbell Order Knee Over Toe Split Squat,Novice,Quadriceps,Quadriceps Femoris,Gluteus Maximus,,Clubbell
Clubbell Order Foot Elevated Knee Over Toe Split Squat,Novice,Quadriceps,Quadriceps Femoris,Gluteus Maximus,,Clubbell
Single Arm Clubbell Order Contralateral Knee Over Toe Split Squat,Novice,Quadriceps,Quadriceps Femoris,Gluteus Maximus,,Clubbell
Single Arm Clubbell Order Foot Elevated Contralateral Knee Over Toe Split Squat,Novice,Quadriceps,Quadriceps Femoris,Gluteus Maximus,,Clubbell
Single Arm Clubbell Order Ipsilateral Knee Over Toe Split Squat,Novice,Quadriceps,Quadriceps Femoris,Gluteus Maximus,,Clubbell
Single Arm Clubbell Order Foot Elevated Ipsilateral Knee Over Toe Split Squat,Novice,Quadriceps,Quadriceps Femoris,Gluteus Maximus,,Clubbell
Macebell Order Knee Over Toe Split Squat,Novice,Quadriceps,Quadriceps Femoris,Gluteus Maximus,,Macebell
Macebell Order Foot Elevated Knee Over Toe Split Squat,Novice,Quadriceps,Quadriceps Femoris,Gluteus Maximus,,Macebell
Single Arm Macebell Order Contralateral Knee Over Toe Split Squat,Novice,Quadriceps,Quadriceps Femoris,Gluteus Maximus,,Macebell
Single Arm Macebell Order Foot Elevated Contralateral Knee Over Toe Split Squat,Novice,Quadriceps,Quadriceps Femoris,Gluteus Maximus,,Macebell
Single Arm Macebell Order Ipsilateral Knee Over Toe Split Squat,Novice,Quadriceps,Quadriceps Femoris,Gluteus Maximus,,Macebell
Single Arm Macebell Order Foot Elevated Ipsilateral Knee Over Toe Split Squat,Novice,Quadriceps,Quadriceps Femoris,Gluteus Maximus,,Macebell
Sandbag Front Rack Knee Over Toe Split Squat,Novice,Quadriceps,Quadriceps Femoris,Gluteus Maximus,,Sandbag
Sandbag Front Rack Foot Elevated Knee Over Toe Split Squat,Novice,Quadriceps,Quadriceps Femoris,Gluteus Maximus,,Sandbag
Single Arm Kettlebell Suitcase Foot Elevated Ipsilateral Knee Over Toe Split Squat,Novice,Quadriceps,Quadriceps Femoris,Gluteus Maximus,Rectus Abdominis,Kettlebell
Single Arm Kettlebell Suitcase Ipsilateral Knee Over Toe Split Squat,Novice,Quadriceps,Quadriceps Femoris,Gluteus Maximus,Rectus Abdominis,Kettlebell
Double Kettlebell Front Rack Foot Elevated Knee Over Toe Split Squat,Novice,Quadriceps,Quadriceps Femoris,Gluteus Maximus,,Kettlebell
Single Arm Kettlebell Front Rack Foot Elevated Contralateral Knee Over Toe Split Squat,Novice,Quadriceps,Quadriceps Femoris,Gluteus Maximus,,Kettlebell
Single Arm Kettlebell Front Rack Ipsilateral Knee Over Toe Split Squat,Novice,Quadriceps,Quadriceps Femoris,Gluteus Maximus,,Kettlebell
Single Arm Kettlebell Front Rack Foot Elevated Ipsilateral Knee Over Toe Split Squat,Novice,Quadriceps,Quadriceps Femoris,Gluteus Maximus,,Kettlebell
Double Kettlebell Bottoms Up Front Rack Knee Over Toe Split Squat,Intermediate,Quadriceps,Quadriceps Femoris,Gluteus Maximus,,Kettlebell
Double Kettlebell Bottoms Up Front Rack Foot Elevated Knee Over Toe Split Squat,Intermediate,Quadriceps,Quadriceps Femoris,Gluteus Maximus,,Kettlebell
Single Arm Kettlebell Bottoms Up Front Rack Contralateral Knee Over Toe Split Squat,Intermediate,Quadriceps,Quadriceps Femoris,Gluteus Maximus,,Kettlebell
Single Arm Kettlebell Bottoms Up Front Rack Foot Elevated Contralateral Knee Over Toe Split Squat,Intermediate,Quadriceps,Quadriceps Femoris,Gluteus Maximus,,Kettlebell
Single Arm Kettlebell Bottoms Up Front Rack Ipsilateral Knee Over Toe Split Squat,Intermediate,Quadriceps,Quadriceps Femoris,Gluteus Maximus,,Kettlebell
Single Arm Kettlebell Bottoms Up Front Rack Foot Elevated Ipsilateral Knee Over Toe Split Squat,Intermediate,Quadriceps,Quadriceps Femoris,Gluteus Maximus,,Kettlebell
Single Arm Kettlebell Overhead Ipsilateral Knee Over Toe Split Squat,Intermediate,Quadriceps,Quadriceps Femoris,Gluteus Maximus,,Kettlebell
Single Arm Kettlebell Bottoms Up Overhead Ipsilateral Knee Over Toe Split Squat,Advanced,Quadriceps,Quadriceps Femoris,Gluteus Maximus,,Kettlebell
Double Kettlebell Overhead Foot Elevated Knee Over Toe Split Squat,Intermediate,Quadriceps,Quadriceps Femoris,Gluteus Maximus,,Kettlebell
Single Arm Kettlebell Overhead Foot Elevated Contralateral Knee Over Toe Split Squat,Intermediate,Quadriceps,Quadriceps Femoris,Gluteus Maximus,,Kettlebell
Single Arm Kettlebell Bottoms Up Overhead Foot Elevated Contralateral Knee Over Toe Split Squat,Advanced,Quadriceps,Quadriceps Femoris,Gluteus Maximus,,Kettlebell
Double Kettlebell Bottoms Up Overhead Foot Elevated Knee Over Toe Split Squat,Advanced,Quadriceps,Quadriceps Femoris,Gluteus Maximus,,Kettlebell
Single Arm Kettlebell Overhead Foot Elevated Ipsilateral Knee Over Toe Split Squat,Intermediate,Quadriceps,Quadriceps Femoris,Gluteus Maximus,,Kettlebell
Single Arm Kettlebell Bottoms Up Overhead Foot Elevated Ipsilateral Knee Over Toe Split Squat,Advanced,Quadriceps,Quadriceps Femoris,Gluteus Maximus,,Kettlebell
Double Kettlebell Suitcase Foot Elevated Knee Over Toe Split Squat,Novice,Quadriceps,Quadriceps Femoris,Gluteus Maximus,,Kettlebell
Barbell Zercher Split Squat,Advanced,Quadriceps,Quadriceps Femoris,Gluteus Maximus,,Barbell
Suspension Alternating Split Squat Jump,Intermediate,Quadriceps,Quadriceps Femoris,Gluteus Maximus,,Suspension Trainer
Single Arm Dumbbell Suitcase Contralateral Split Squat,Novice,Quadriceps,Quadriceps Femoris,Gluteus Maximus,,Dumbbell
Single Arm Dumbbell Suitcase Ipsilateral Split Squat,Novice,Quadriceps,Quadriceps Femoris,Gluteus Maximus,,Dumbbell
Double Dumbbell Front Rack Split Squat,Novice,Quadriceps,Quadriceps Femoris,Gluteus Maximus,,Dumbbell
Single Arm Dumbbell Front Rack Contralateral Split Squat,Novice,Quadriceps,Quadriceps Femoris,Gluteus Maximus,,Dumbbell
Single Arm Dumbbell Front Rack Ipsilateral Split Squat,Novice,Quadriceps,Quadriceps Femoris,Gluteus Maximus,,Dumbbell
Double Dumbbell Overhead Split Squat,Intermediate,Quadriceps,Quadriceps Femoris,Gluteus Maximus,,Dumbbell
Single Arm Dumbbell Overhead Contralateral Split Squat,Intermediate,Quadriceps,Quadriceps Femoris,Gluteus Maximus,,Dumbbell
Single Arm Dumbbell Overhead Ipsilateral Split Squat,Intermediate,Quadriceps,Quadriceps Femoris,Gluteus Maximus,,Dumbbell
Dumbbell Goblet Split Squat,Novice,Quadriceps,Quadriceps Femoris,Gluteus Maximus,,Dumbbell
Wall Ball Feet Elevated Russian Twist,Novice,Abdominals,Obliques,Rectus Abdominis,,Wall Ball
Wall Ball Russian Twist,Novice,Abdominals,Obliques,Rectus Abdominis,,Wall Ball
Bulgarian Bag Back Rack Split Squat,Novice,Quadriceps,Quadriceps Femoris,Gluteus Maximus,,Bulgarian Bag
Double Clubbell Order Split Squat,Novice,Quadriceps,Quadriceps Femoris,Gluteus Maximus,,Clubbell
Clubbell Order Split Squat,Novice,Quadriceps,Quadriceps Femoris,Gluteus Maximus,,Clubbell
Single Arm Clubbell Order Contralateral Split Squat,Novice,Quadriceps,Quadriceps Femoris,Gluteus Maximus,,Clubbell
Single Arm Clubbell Order Ipsilateral Split Squat,Novice,Quadriceps,Quadriceps Femoris,Gluteus Maximus,,Clubbell
Macebell Order Split Squat,Novice,Quadriceps,Quadriceps Femoris,Gluteus Maximus,,Macebell
Single Arm Macebell Order Contralateral Split Squat,Novice,Quadriceps,Quadriceps Femoris,Gluteus Maximus,,Macebell
Single Arm Macebell Order Ipsilateral Split Squat,Novice,Quadriceps,Quadriceps Femoris,Gluteus Maximus,,Macebell
Plate Overhead Split Squat,Intermediate,Quadriceps,Quadriceps Femoris,Gluteus Maximus,,Weight Plate
Heavy Sandbag Bear Hug Split Squat,Intermediate,Quadriceps,Quadriceps Femoris,Gluteus Maximus,Biceps Brachii,Heavy Sandbag
Heavy Sandbag Shoulder Contralateral Split Squat,Intermediate,Quadriceps,Quadriceps Femoris,Gluteus Maximus,,Heavy Sandbag
Heavy Sandbag Shoulder Ipsilateral Split Squat,Intermediate,Quadriceps,Quadriceps Femoris,Gluteus Maximus,,Heavy Sandbag
Sandbag Back Rack Split Squat,Novice,Quadriceps,Quadriceps Femoris,Gluteus Maximus,,Sandbag
Sandbag Front Rack Split Squat,Novice,Quadriceps,Quadriceps Femoris,Gluteus Maximus,,Sandbag
Single Arm Kettlebell Half Kneeling Ipsilateral Overhead Press,Intermediate,Shoulders,Anterior Deltoids,Triceps Brachii,,Kettlebell
Landmine Goblet Split Squat,Novice,Quadriceps,Quadriceps Femoris,Gluteus Maximus,Biceps Femoris,Landmine
Single Arm Landmine Front Rack Contralateral Split Squat,Novice,Quadriceps,Quadriceps Femoris,Gluteus Maximus,Biceps Femoris,Landmine
Single Arm Landmine Front Rack Ipsilateral Split Squat,Novice,Quadriceps,Quadriceps Femoris,Gluteus Maximus,Biceps Femoris,Landmine
Single Arm Landmine Suitcase Contralateral Split Squat,Novice,Quadriceps,Quadriceps Femoris,Gluteus Maximus,Biceps Femoris,Landmine
Double Kettlebell Gunslinger,Intermediate,Back,Latissimus Dorsi,Biceps Brachii,Gluteus Maximus,Kettlebell
Single Arm Kettlebell Front Rack Ipsilateral Split Squat,Novice,Quadriceps,Quadriceps Femoris,Gluteus Maximus,,Kettlebell
Double Kettlebell Bottoms Up Front Rack Split Squat,Intermediate,Quadriceps,Quadriceps Femoris,Gluteus Maximus,,Kettlebell
Single Arm Kettlebell Bottoms Up Front Rack Contralateral Split Squat,Intermediate,Quadriceps,Quadriceps Femoris,Gluteus Maximus,,Kettlebell
Single Arm Kettlebell Bottoms Up Front Rack Ipsilateral Split Squat,Intermediate,Quadriceps,Quadriceps Femoris,Gluteus Maximus,,Kettlebell
Double Kettlebell Overhead Split Squat,Intermediate,Quadriceps,Quadriceps Femoris,Gluteus Maximus,,Kettlebell
Single Arm Kettlebell Overhead Contralateral Split Squat,Intermediate,Quadriceps,Quadriceps Femoris,Gluteus Maximus,,Kettlebell
Single Arm Kettlebell Overhead Ipsilateral Split Squat,Intermediate,Quadriceps,Quadriceps Femoris,Gluteus Maximus,,Kettlebell
Single Arm Kettlebell Bottoms Up Overhead Contralateral Split Squat,Advanced,Quadriceps,Quadriceps Femoris,Gluteus Maximus,,Kettlebell
Single Arm Kettlebell Bottoms Up Overhead Ipsilateral Split Squat,Advanced,Quadriceps,Quadriceps Femoris,Gluteus Maximus,,Kettlebell
Double Kettlebell Suitcase Split Squat,Novice,Quadriceps,Quadriceps Femoris,Gluteus Maximus,,Kettlebell
Single Arm Kettlebell Suitcase Contralateral Split Squat,Novice,Quadriceps,Quadriceps Femoris,Gluteus Maximus,,Kettlebell
Single Arm Kettlebell Suitcase Ipsilateral Split Squat,Novice,Quadriceps,Quadriceps Femoris,Gluteus Maximus,,Kettlebell
Kettlebell Goblet Split Squat,Novice,Quadriceps,Quadriceps Femoris,Gluteus Maximus,,Kettlebell
Kettlebell Horn Grip March,Novice,Abdominals,Rectus Abdominis,,,Kettlebell
Sandbag Bent Over Row,Beginner,Back,Latissimus Dorsi,Rhomboids,Posterior Deltoids,Sandbag
Bodyweight Two Finger Full Planche Push Up,Legendary,Chest,Pectoralis Major,Triceps Brachii,Rectus Abdominis,Bodyweight
Suspension Hamstring Curl,Novice,Hamstrings,Biceps Femoris,Gluteus Maximus,,Suspension Trainer
Suspension Single Leg Hamstring Curl,Intermediate,Hamstrings,Biceps Femoris,Gluteus Maximus,,Suspension Trainer
Superband Prone Hamstring Curl,Beginner,Hamstrings,Biceps Femoris,Gluteus Maximus,,Superband
Cable Prone Hamstring Curl,Beginner,Hamstrings,Biceps Femoris,Gluteus Maximus,,Cable
Superband Prone Bench Hamstring Curl,Novice,Hamstrings,Biceps Femoris,Gluteus Maximus,,Superband
Cable Straight Bar Spider Curl,Novice,Biceps,Biceps Brachii,Brachialis,Brachioradialis,Cable
Dumbbell Crush Grip Spider Curl,Novice,Biceps,Biceps Brachii,Brachialis,Brachioradialis,Dumbbell
Double Dumbbell Bent Over Reverse Fly,Beginner,Shoulders,Posterior Deltoids,,,Dumbbell
Alternating Double Dumbbell Spider Curl,Novice,Biceps,Biceps Brachii,Brachialis,Brachioradialis,Dumbbell
Alternating Double Kettlebell Spider Curl,Novice,Biceps,Biceps Brachii,Brachialis,Brachioradialis,Kettlebell
Slider Barbell Front Rack Curtsy Lunge,Intermediate,Quadriceps,Quadriceps Femoris,Gluteus Maximus,,Sliders
Slider Double Kettlebell Front Rack Curtsy Lunge,Novice,Quadriceps,Quadriceps Femoris,Gluteus Maximus,,Sliders
Slider Suspension Curtsy Lunge,Novice,Quadriceps,Gluteus Maximus,,,Sliders
Slider Landmine Goblet Curtsy Lunge,Intermediate,Quadriceps,Quadriceps Femoris,Gluteus Maximus,,Sliders
Slider Barbell Overhead Curtsy Lunge,Advanced,Quadriceps,Quadriceps Femoris,Gluteus Maximus,,Sliders
Slider Barbell Back Rack Curtsy Lunge,Intermediate,Quadriceps,Quadriceps Femoris,Gluteus Maximus,,Sliders
Slider Barbell Zercher Curtsy Lunge,Advanced,Quadriceps,Quadriceps Femoris,Gluteus Maximus,,Sliders
Slider Bulgarian Bag Back Rack Curtsy Lunge,Novice,Quadriceps,Quadriceps Femoris,Gluteus Maximus,,Sliders
Slider Double Kettlebell Suitcase Curtsy Lunge,Novice,Quadriceps,Quadriceps Femoris,Gluteus Maximus,,Sliders
Slider Double Kettlebell Overhead Curtsy Lunge,Intermediate,Quadriceps,Quadriceps Femoris,Gluteus Maximus,,Sliders
Slider Double Kettlebell Bottoms Up Front Rack Curtsy Lunge,Intermediate,Quadriceps,Quadriceps Femoris,Gluteus Maximus,,Sliders
Slider Double Kettlebell Bottoms Up Overhead Curtsy Lunge,Advanced,Quadriceps,Quadriceps Femoris,Gluteus Maximus,,Sliders
Slider Single Arm Kettlebell Front Rack Contralateral Curtsy Lunge,Novice,Quadriceps,Quadriceps Femoris,Gluteus Maximus,,Sliders
Slider Single Arm Kettlebell Suitcase Contralateral Curtsy Lunge,Novice,Quadriceps,Quadriceps Femoris,Gluteus Maximus,,Sliders
Slider Single Arm Kettlebell Overhead Contralateral Curtsy Lunge,Intermediate,Quadriceps,Quadriceps Femoris,Gluteus Maximus,,Sliders
Slider Single Arm Kettlebell Bottoms Up Overhead Contralateral Curtsy Lunge,Advanced,Quadriceps,Quadriceps Femoris,Gluteus Maximus,,Sliders
Slider Single Arm Kettlebell Bottoms Up Front Rack Contralateral Curtsy Lunge,Intermediate,Quadriceps,Quadriceps Femoris,Gluteus Maximus,,Sliders
Slider Double Dumbbell Front Rack Curtsy Lunge,Novice,Quadriceps,Quadriceps Femoris,Gluteus Maximus,,Sliders
Slider Double Dumbbell Suitcase Curtsy Lunge,Novice,Quadriceps,Quadriceps Femoris,Gluteus Maximus,,Sliders
Slider Double Dumbbell Overhead Curtsy Lunge,Intermediate,Quadriceps,Quadriceps Femoris,Gluteus Maximus,,Sliders
Slider Single Arm Dumbbell Front Rack Contralateral Curtsy Lunge,Novice,Quadriceps,Quadriceps Femoris,Gluteus Maximus,,Sliders
Slider Single Arm Dumbbell Suitcase Contralateral Curtsy Lunge,Novice,Quadriceps,Quadriceps Femoris,Gluteus Maximus,,Sliders
Slider Single Arm Dumbbell Overhead Contralateral Curtsy Lunge,Intermediate,Quadriceps,Quadriceps Femoris,Gluteus Maximus,,Sliders
Slider Dumbbell Goblet Curtsy Lunge,Novice,Quadriceps,Quadriceps Femoris,Gluteus Maximus,,Sliders
Slider Kettlebell Horn Grip Curtsy Lunge,Novice,Quadriceps,Quadriceps Femoris,Gluteus Maximus,,Sliders
Slider Kettlebell Goblet Curtsy Lunge,Novice,Quadriceps,Quadriceps Femoris,Gluteus Maximus,,Sliders
Slider Clubbell Order Curtsy Lunge,Novice,Quadriceps,Quadriceps Femoris,Gluteus Maximus,,Sliders
Slider Double Clubbell Order Curtsy Lunge,Novice,Quadriceps,Quadriceps Femoris,Gluteus Maximus,,Sliders
Slider Single Arm Clubbell Order Contralateral Curtsy Lunge,Novice,Quadriceps,Quadriceps Femoris,Gluteus Maximus,,Sliders
Slider Macebell Order Curtsy Lunge,Novice,Quadriceps,Quadriceps Femoris,Gluteus Maximus,,Sliders
Slider Single Arm Macebell Order Contralateral Curtsy Lunge,Novice,Quadriceps,Quadriceps Femoris,Gluteus Maximus,,Sliders
Slider Curtsy Lunge,Beginner,Quadriceps,Quadriceps Femoris,Gluteus Maximus,,Sliders
Slider Plate Overhead Curtsy Lunge,Intermediate,Quadriceps,Quadriceps Femoris,Gluteus Maximus,,Sliders
Slider Sandbag Front Rack Curtsy Lunge,Novice,Quadriceps,Quadriceps Femoris,Gluteus Maximus,,Sliders
Slider Sandbag Back Rack Curtsy Lunge,Novice,Quadriceps,Quadriceps Femoris,Gluteus Maximus,,Sliders
Slider Single Arm Kettlebell Front Rack Ipsilateral Curtsy Lunge,Novice,Quadriceps,Quadriceps Femoris,Gluteus Maximus,,Sliders
Slider Single Arm Kettlebell Suitcase Ipsilateral Curtsy Lunge,Novice,Quadriceps,Quadriceps Femoris,Gluteus Maximus,,Sliders
Slider Single Arm Kettlebell Overhead Ipsilateral Curtsy Lunge,Intermediate,Quadriceps,Quadriceps Femoris,Gluteus Maximus,,Sliders
Slider Single Arm Kettlebell Bottoms Up Overhead Ipsilateral Curtsy Lunge,Advanced,Quadriceps,Quadriceps Femoris,Gluteus Maximus,,Sliders
Slider Single Arm Kettlebell Bottoms Up Front Rack Ipsilateral Curtsy Lunge,Intermediate,Quadriceps,Quadriceps Femoris,Gluteus Maximus,,Sliders
Slider Single Arm Dumbbell Front Rack Ipsilateral Curtsy Lunge,Novice,Quadriceps,Quadriceps Femoris,Gluteus Maximus,,Sliders
Slider Single Arm Dumbbell Suitcase Ipsilateral Curtsy Lunge,Novice,Quadriceps,Quadriceps Femoris,Gluteus Maximus,,Sliders
Slider Single Arm Dumbbell Overhead Ipsilateral Curtsy Lunge,Intermediate,Quadriceps,Quadriceps Femoris,Gluteus Maximus,,Sliders
Slider Single Arm Clubbell Order Ipsilateral Curtsy Lunge,Novice,Quadriceps,Quadriceps Femoris,Gluteus Maximus,,Sliders
Slider Single Arm Macebell Order Ipsilateral Curtsy Lunge,Novice,Quadriceps,Quadriceps Femoris,Gluteus Maximus,,Sliders
Kettlebell Goblet Cyclist Squat,Novice,Quadriceps,Quadriceps Femoris,Gluteus Maximus,,Kettlebell
Kettlebell Goblet Knee Over Toe Split Squat,Novice,Quadriceps,Quadriceps Femoris,Gluteus Maximus,,Kettlebell
Kettlebell Goblet Foot Elevated Knee Over Toe Split Squat,Novice,Quadriceps,Quadriceps Femoris,Gluteus Maximus,,Kettlebell
Dumbbell Goblet Walking Lunge,Novice,Quadriceps,Quadriceps Femoris,Gluteus Maximus,,Dumbbell
Ring Maltese,Grand Master,Abdominals,Rectus Abdominis,,,Gymnastic Rings
Barbell Front Rack Curtsy Lunge,Intermediate,Quadriceps,Quadriceps Femoris,Gluteus Maximus,,Barbell
Double Kettlebell Front Rack Curtsy Lunge,Novice,Quadriceps,Quadriceps Femoris,Gluteus Maximus,,Kettlebell
Suspension Curtsy Lunge,Novice,Quadriceps,Gluteus Maximus,,,Suspension Trainer
Barbell Overhead Curtsy Lunge,Advanced,Quadriceps,Quadriceps Femoris,Gluteus Maximus,,Barbell
Barbell Back Rack Curtsy Lunge,Intermediate,Quadriceps,Quadriceps Femoris,Gluteus Maximus,,Barbell
Barbell Zercher Curtsy Lunge,Advanced,Quadriceps,Quadriceps Femoris,Gluteus Maximus,,Barbell
Double Kettlebell Suitcase Curtsy Lunge,Novice,Quadriceps,Quadriceps Femoris,Gluteus Maximus,,Kettlebell
Double Kettlebell Overhead Curtsy Lunge,Intermediate,Quadriceps,Quadriceps Femoris,Gluteus Maximus,,Kettlebell
Double Kettlebell Bottoms Up Front Rack Curtsy Lunge,Intermediate,Quadriceps,Quadriceps Femoris,Gluteus Maximus,,Kettlebell
Double Kettlebell Bottoms Up Overhead Curtsy Lunge,Advanced,Quadriceps,Quadriceps Femoris,Gluteus Maximus,,Kettlebell
Single Arm Kettlebell Front Rack Contralateral Curtsy Lunge,Novice,Quadriceps,Quadriceps Femoris,Gluteus Maximus,,Kettlebell
Single Arm Kettlebell Suitcase Contralateral Curtsy Lunge,Novice,Quadriceps,Quadriceps Femoris,Gluteus Maximus,,Kettlebell
Single Arm Kettlebell Overhead Contralateral Curtsy Lunge,Intermediate,Quadriceps,Quadriceps Femoris,Gluteus Maximus,,Kettlebell
Single Arm Kettlebell Bottoms Up Overhead Contralateral Curtsy Lunge,Advanced,Quadriceps,Quadriceps Femoris,Gluteus Maximus,,Kettlebell
Single Arm Kettlebell Bottoms Up Front Rack Contralateral Curtsy Lunge,Intermediate,Quadriceps,Quadriceps Femoris,Gluteus Maximus,,Kettlebell
Double Dumbbell Front Rack Curtsy Lunge,Novice,Quadriceps,Quadriceps Femoris,Gluteus Maximus,,Dumbbell
Double Dumbbell Suitcase Curtsy Lunge,Novice,Quadriceps,Quadriceps Femoris,Gluteus Maximus,,Dumbbell
Double Dumbbell Overhead Curtsy Lunge,Intermediate,Quadriceps,Quadriceps Femoris,Gluteus Maximus,,Dumbbell
Single Arm Dumbbell Front Rack Contralateral Curtsy Lunge,Novice,Quadriceps,Quadriceps Femoris,Gluteus Maximus,,Dumbbell
Single Arm Dumbbell Suitcase Contralateral Curtsy Lunge,Novice,Quadriceps,Quadriceps Femoris,Gluteus Maximus,,Dumbbell
Single Arm Dumbbell Overhead Contralateral Curtsy Lunge,Intermediate,Quadriceps,Quadriceps Femoris,Gluteus Maximus,,Dumbbell
Dumbbell Goblet Curtsy Lunge,Novice,Quadriceps,Quadriceps Femoris,Gluteus Maximus,,Dumbbell
Kettlebell Horn Grip Curtsy Lunge,Novice,Quadriceps,Quadriceps Femoris,Gluteus Maximus,,Kettlebell
Kettlebell Goblet Curtsy Lunge,Novice,Quadriceps,Quadriceps Femoris,Gluteus Maximus,,Kettlebell
Clubbell Order Curtsy Lunge,Novice,Quadriceps,Quadriceps Femoris,Gluteus Maximus,,Clubbell
Double Clubbell Order Curtsy Lunge,Novice,Quadriceps,Quadriceps Femoris,Gluteus Maximus,,Clubbell
Single Arm Clubbell Order Contralateral Curtsy Lunge,Novice,Quadriceps,Quadriceps Femoris,Gluteus Maximus,,Clubbell
Macebell Order Curtsy Lunge,Novice,Quadriceps,Quadriceps Femoris,Gluteus Maximus,,Macebell
Single Arm Macebell Order Contralateral Curtsy Lunge,Novice,Quadriceps,Quadriceps Femoris,Gluteus Maximus,,Macebell
Bodyweight Curtsy Lunge,Beginner,Quadriceps,Quadriceps Femoris,Gluteus Maximus,,Bodyweight
Plate Overhead Curtsy Lunge,Intermediate,Quadriceps,Quadriceps Femoris,Gluteus Maximus,,Weight Plate
Sandbag Front Rack Curtsy Lunge,Novice,Quadriceps,Quadriceps Femoris,Gluteus Maximus,,Sandbag
Sandbag Back Rack Curtsy Lunge,Novice,Quadriceps,Quadriceps Femoris,Gluteus Maximus,,Sandbag
Single Arm Kettlebell Front Rack Ipsilateral Curtsy Lunge,Novice,Quadriceps,Quadriceps Femoris,Gluteus Maximus,,Kettlebell
Single Arm Kettlebell Suitcase Ipsilateral Curtsy Lunge,Novice,Quadriceps,Quadriceps Femoris,Gluteus Maximus,,Kettlebell
Single Arm Kettlebell Overhead Ipsilateral Curtsy Lunge,Intermediate,Quadriceps,Quadriceps Femoris,Gluteus Maximus,,Kettlebell
Single Arm Kettlebell Bottoms Up Overhead Ipsilateral Curtsy Lunge,Advanced,Quadriceps,Quadriceps Femoris,Gluteus Maximus,,Kettlebell
Single Arm Kettlebell Bottoms Up Front Rack Ipsilateral Curtsy Lunge,Intermediate,Quadriceps,Quadriceps Femoris,Gluteus Maximus,,Kettlebell
Single Arm Dumbbell Front Rack Ipsilateral Curtsy Lunge,Novice,Quadriceps,Quadriceps Femoris,Gluteus Maximus,,Dumbbell
Single Arm Dumbbell Suitcase Ipsilateral Curtsy Lunge,Novice,Quadriceps,Quadriceps Femoris,Gluteus Maximus,,Dumbbell
Single Arm Dumbbell Overhead Ipsilateral Curtsy Lunge,Intermediate,Quadriceps,Quadriceps Femoris,Gluteus Maximus,,Dumbbell
Single Arm Clubbell Order Ipsilateral Curtsy Lunge,Novice,Quadriceps,Quadriceps Femoris,Gluteus Maximus,,Clubbell
Single Arm Macebell Order Ipsilateral Curtsy Lunge,Novice,Quadriceps,Quadriceps Femoris,Gluteus Maximus,,Macebell
Single Arm Dumbbell Knee Supported Tricep Kickback,Beginner,Triceps,Triceps Brachii,,,Dumbbell
Double Dumbbell Incline Bench Prone Tricep Kickback,Beginner,Triceps,Triceps Brachii,,,Dumbbell
Single Arm Cable Tricep Kickback,Beginner,Triceps,Triceps Brachii,,,Cable
Single Arm Dumbbell Tricep Kickback,Beginner,Triceps,Triceps Brachii,,,Dumbbell
Kettlebell Horn Grip Carry,Beginner,Abdominals,Rectus Abdominis,,,Kettlebell
Kettlebell Goblet Carry,Beginner,Abdominals,Rectus Abdominis,,,Kettlebell
Dumbbell Goblet Carry,Beginner,Abdominals,Rectus Abdominis,,,Dumbbell
Ring Pseudo Planche Push Up,Expert,Chest,Pectoralis Major,Anterior Deltoids,,Gymnastic Rings
Double Kettlebell Dead Snatch,Intermediate,Glutes,Gluteus Maximus,Anterior Deltoids,,Kettlebell
Single Arm Kettlebell Dead Half Snatch,Intermediate,Glutes,Gluteus Maximus,Anterior Deltoids,,Kettlebell
Alternating Single Arm Kettlebell Dead Half Snatch,Intermediate,Glutes,Gluteus Maximus,Anterior Deltoids,,Kettlebell
Alternating Single Arm Kettlebell Start Stop Snatch,Intermediate,Glutes,Gluteus Maximus,Anterior Deltoids,,Kettlebell
Single Arm Kettlebell Start Stop Snatch,Intermediate,Glutes,Gluteus Maximus,Anterior Deltoids,,Kettlebell
Double Kettlebell Start Stop Snatch,Intermediate,Glutes,Gluteus Maximus,Anterior Deltoids,,Kettlebell
Single Arm Kettlebell Start Stop Swing,Novice,Glutes,Gluteus Maximus,,,Kettlebell
Alternating Single Arm Kettlebell Start Stop Swing,Novice,Glutes,Gluteus Maximus,,,Kettlebell
Double Kettlebell Start Stop Swing,Novice,Glutes,Gluteus Maximus,,,Kettlebell
Suspension Rotational Row,Intermediate,Back,Latissimus Dorsi,Biceps Brachii,Obliques,Suspension Trainer
Suspension Skater Jump,Intermediate,Abductors,Gluteus Medius,Adductor Magnus,,Suspension Trainer
Double Kettlebell Start Stop Clean,Intermediate,Glutes,Gluteus Maximus,,,Kettlebell
Single Arm Kettlebell Start Stop Clean,Intermediate,Glutes,Gluteus Maximus,,,Kettlebell
Alternating Single Arm Kettlebell Start Stop Clean,Intermediate,Glutes,Gluteus Maximus,,,Kettlebell
Clubbell Staggered Stance Rotational Swing,Intermediate,Abdominals,Obliques,Rectus Abdominis,Gluteus Maximus,Clubbell
Clubbell Staggered Stance Rotational Clean,Intermediate,Abdominals,Obliques,Rectus Abdominis,Gluteus Maximus,Clubbell
Clubbell Staggered Stance Rotational Clean to Forward Lunge,Advanced,Quadriceps,Quadriceps Femoris,Obliques,Gluteus Maximus,Clubbell
Double Dumbbell Seated Shrug,Beginner,Trapezius,Upper Trapezius,,,Dumbbell
Double Kettlebell Seated Shrug,Beginner,Trapezius,Upper Trapezius,,,Kettlebell
Single Arm Landmine Split Snatch,Advanced,Shoulders,Anterior Deltoids,Gluteus Maximus,,Landmine
Double Dumbbell Hang Power Clean,Intermediate,Glutes,Gluteus Maximus,,,Dumbbell
Slider Alternating Reach Push Up,Intermediate,Chest,Pectoralis Major,Triceps Brachii,,Sliders
Alternating Single Arm Landmine Z Press,Intermediate,Shoulders,Anterior Deltoids,,,Landmine
Slider Kettlebell Goblet Lateral Lunge,Novice,Adductors,Adductor Magnus,,,Sliders
Slider Kneeling Alternating Reach Push Up,Novice,Chest,Pectoralis Major,Triceps Brachii,,Sliders
Single Arm Landmine Split Clean,Advanced,Quadriceps,Quadriceps Femoris,Gluteus Maximus,Obliques,Landmine
Double Dumbbell Squat Clean,Intermediate,Quadriceps,Quadriceps Femoris,Gluteus Maximus,,Dumbbell
Double Dumbbell Hang Squat Clean,Intermediate,Quadriceps,Quadriceps Femoris,Gluteus Maximus,,Dumbbell
Single Arm Landmine Split Jerk,Advanced,Shoulders,Anterior Deltoids,,,Landmine
Single Arm Kettlebell Ipsilateral Forward Lunge Snatch,Advanced,Quadriceps,Quadriceps Femoris,Gluteus Maximus,Anterior Deltoids,Kettlebell
Clubbell Hammer Swing,Intermediate,Abdominals,Obliques,Anterior Deltoids,,Clubbell
Single Arm Clubbell Hammer Swing,Intermediate,Abdominals,Obliques,Anterior Deltoids,,Clubbell
Double Clubbell Hammer Swing,Intermediate,Abdominals,Obliques,Anterior Deltoids,,Clubbell
Single Arm Clubbell Inside Pullover,Novice,Back,Latissimus Dorsi,Posterior Deltoids,Triceps Brachii,Clubbell
Single Arm Clubbell Outside Pullover,Novice,Back,Latissimus Dorsi,Posterior Deltoids,Triceps Brachii,Clubbell
Barbell Split Clean,Expert,Glutes,Gluteus Maximus,Biceps Femoris,Quadriceps Femoris,Barbell
Double Dumbbell Hang Split Clean,Intermediate,Quadriceps,Quadriceps Femoris,Gluteus Maximus,,Dumbbell
Barbell Reverse Grip Incline Push Up,Beginner,Chest,Pectoralis Major,,,Barbell
Wall Ball Half Kneeling Lateral Toss,Novice,Abdominals,Obliques,Rectus Abdominis,,Wall Ball
Wall Ball Split Squat Isometric Lateral Toss,Intermediate,Abdominals,Obliques,Rectus Abdominis,Quadriceps Femoris,Wall Ball
Single Arm Dumbbell Shrug,Beginner,Trapezius,Upper Trapezius,,,Dumbbell
Single Arm Dumbbell Tall Kneeling Shrug,Beginner,Trapezius,Upper Trapezius,,,Dumbbell
Single Arm Dumbbell Seated Shrug,Beginner,Trapezius,Upper Trapezius,,,Dumbbell
Single Arm Kettlebell Shrug,Beginner,Trapezius,Upper Trapezius,,,Kettlebell
Single Arm Kettlebell Tall Kneeling Shrug,Beginner,Trapezius,Upper Trapezius,,,Kettlebell
Single Arm Kettlebell Seated Shrug,Beginner,Trapezius,Upper Trapezius,,,Kettlebell
Single Arm Landmine Shrug,Novice,Trapezius,Upper Trapezius,,,Landmine
Single Arm Kettlebell Half Kneeling Half Snatch,Intermediate,Glutes,Gluteus Maximus,Anterior Deltoids,,Kettlebell
Bodyweight Wall Facing Handstand Push Up,Expert,Shoulders,Anterior Deltoids,Triceps Brachii,,Bodyweight
Double Kettlebell Outside Snatch,Intermediate,Glutes,Gluteus Maximus,Anterior Deltoids,,Kettlebell
Single Arm Kettlebell Outside Half Snatch,Intermediate,Glutes,Gluteus Maximus,Anterior Deltoids,,Kettlebell
Single Arm Kettlebell Outside Snatch,Intermediate,Glutes,Gluteus Maximus,Anterior Deltoids,,Kettlebell
Plate Seated Steering Wheel,Novice,Shoulders,Anterior Deltoids,,,Weight Plate
Single Arm Macebell Bull Whip,Intermediate,Shoulders,Posterior Deltoids,Rectus Abdominis,,Macebell
Single Arm Macebell Bull Whip to Mill,Advanced,Shoulders,Posterior Deltoids,Rectus Abdominis,,Macebell
Double Dumbbell Incline Bench Prone Shrug,Beginner,Trapezius,Upper Trapezius,,,Dumbbell
Double Kettlebell Incline Bench Prone Shrug,Beginner,Trapezius,Upper Trapezius,,,Kettlebell
Single Arm Dumbbell Incline Bench Prone Shrug,Beginner,Trapezius,Upper Trapezius,,,Dumbbell
Single Arm Kettlebell Incline Bench Prone Shrug,Beginner,Trapezius,Upper Trapezius,,,Kettlebell
Double Kettlebell Bottoms Up Push Press,Intermediate,Shoulders,Anterior Deltoids,Triceps Brachii,,Kettlebell
Alternating Double Kettlebell Bottoms Up Push Press,Intermediate,Shoulders,Anterior Deltoids,Triceps Brachii,,Kettlebell
Alternating Double Kettlebell Bottoms Up Overhead Press,Intermediate,Shoulders,Anterior Deltoids,Triceps Brachii,,Kettlebell
Double Kettlebell Bottoms Up Seesaw Overhead Press,Intermediate,Shoulders,Anterior Deltoids,Triceps Brachii,,Kettlebell
Double Kettlebell Bottoms Up Half Kneeling Seesaw Overhead Press,Intermediate,Shoulders,Anterior Deltoids,Triceps Brachii,,Kettlebell
Double Kettlebell Seesaw Overhead Press,Novice,Shoulders,Anterior Deltoids,Triceps Brachii,,Kettlebell
Double Kettlebell Half Kneeling Seesaw Overhead Press,Novice,Shoulders,Anterior Deltoids,Triceps Brachii,,Kettlebell
Double Dumbbell Seesaw Bench Press,Beginner,Chest,Pectoralis Major,Triceps Brachii,,Dumbbell
Double Dumbbell Seesaw Incline Bench Press,Beginner,Chest,Pectoralis Major,Triceps Brachii,,Dumbbell
Double Dumbbell Seesaw Decline Bench Press,Beginner,Chest,Pectoralis Major,Triceps Brachii,,Dumbbell
Double Dumbbell Seesaw Floor Press,Beginner,Chest,Pectoralis Major,Triceps Brachii,,Dumbbell
Double Kettlebell Seesaw Bench Press,Beginner,Chest,Pectoralis Major,Triceps Brachii,,Kettlebell
Double Kettlebell Seesaw Incline Bench Press,Beginner,Chest,Pectoralis Major,Triceps Brachii,,Kettlebell
Double Kettlebell Seesaw Decline Bench Press,Beginner,Chest,Pectoralis Major,Triceps Brachii,,Kettlebell
Double Kettlebell Seesaw Floor Press,Beginner,Chest,Pectoralis Major,Triceps Brachii,,Kettlebell
Double Kettlebell Bottoms Up Seesaw Bench Press,Novice,Chest,Pectoralis Major,Triceps Brachii,,Kettlebell
Double Kettlebell Bottoms Up Seesaw Incline Bench Press,Novice,Chest,Pectoralis Major,Triceps Brachii,,Kettlebell
Double Kettlebell Bottoms Up Seesaw Decline Bench Press,Novice,Chest,Pectoralis Major,Triceps Brachii,,Kettlebell
Double Kettlebell Bottoms Up Seesaw Floor Press,Novice,Chest,Pectoralis Major,Triceps Brachii,,Kettlebell
Double Dumbbell Seesaw Overhead Press,Beginner,Shoulders,Anterior Deltoids,Triceps Brachii,,Dumbbell
Double Dumbbell Tall Kneeling Seesaw Overhead Press,Novice,Shoulders,Anterior Deltoids,Triceps Brachii,Rectus Abdominis,Dumbbell
Double Dumbbell Half Kneeling Seesaw Overhead Press,Novice,Shoulders,Anterior Deltoids,Triceps Brachii,Rectus Abdominis,Dumbbell
Double Dumbbell Seesaw Z Press,Novice,Shoulders,Anterior Deltoids,Triceps Brachii,,Dumbbell
Single Arm Kettlebell Snatch to Overhead Squat,Advanced,Quadriceps,Quadriceps Femoris,Gluteus Maximus,Biceps Femoris,Kettlebell
Barbell Zercher Alternating Reverse Lunge,Advanced,Quadriceps,Quadriceps Femoris,Gluteus Maximus,,Barbell
Barbell Zercher Alternating Forward Lunge,Advanced,Quadriceps,Quadriceps Femoris,Gluteus Maximus,,Barbell
Barbell Zercher Walking Lunge,Advanced,Quadriceps,Quadriceps Femoris,Gluteus Maximus,,Barbell
Barbell Zercher Alternating Lateral Lunge,Advanced,Quadriceps,Quadriceps Femoris,Gluteus Maximus,,Barbell
Slider Barbell Zercher Lateral Lunge,Advanced,Quadriceps,Quadriceps Femoris,Gluteus Maximus,,Sliders
Slider Barbell Zercher Reverse Lunge,Advanced,Quadriceps,Quadriceps Femoris,Gluteus Maximus,,Sliders
Double Dumbbell Arnold Press,Beginner,Shoulders,Anterior Deltoids,Triceps Brachii,,Dumbbell
Alternating Double Dumbbell Arnold Press,Beginner,Shoulders,Anterior Deltoids,Triceps Brachii,,Dumbbell
Double Dumbbell Seated Arnold Press,Beginner,Shoulders,Anterior Deltoids,Triceps Brachii,,Dumbbell
Alternating Double Dumbbell Seated Arnold Press,Beginner,Shoulders,Anterior Deltoids,Triceps Brachii,,Dumbbell
Double Dumbbell Tall Kneeling Arnold Press,Beginner,Shoulders,Anterior Deltoids,Triceps Brachii,,Dumbbell
Alternating Double Dumbbell Tall Kneeling Arnold Press,Beginner,Shoulders,Anterior Deltoids,Triceps Brachii,,Dumbbell
EZ Bar Wide Grip Strict Bicep Curl,Novice,Biceps,Biceps Brachii,Brachialis,Brachioradialis,EZ Bar
Barbell Squat Clean to Push Press,Expert,Shoulders,Anterior Deltoids,Triceps Brachii,Gluteus Maximus,Barbell
Barbell Squat Clean to Overhead Press,Expert,Shoulders,Anterior Deltoids,Triceps Brachii,Gluteus Maximus,Barbell
Barbell Power Clean to Front Rack Squat,Expert,Quadriceps,Quadriceps Femoris,Gluteus Maximus,,Barbell
Barbell Hang Power Clean to Front Rack Squat,Advanced,Quadriceps,Quadriceps Femoris,Gluteus Maximus,,Barbell
Barbell Hang Power Clean to Split Jerk,Advanced,Shoulders,Anterior Deltoids,Gluteus Maximus,,Barbell
Barbell Hang Power Clean to Push Jerk,Advanced,Shoulders,Anterior Deltoids,Triceps Brachii,,Barbell
Barbell Hang Power Clean to Push Press,Advanced,Shoulders,Anterior Deltoids,Triceps Brachii,,Barbell
Barbell Hang Power Clean to Overhead Press,Advanced,Shoulders,Anterior Deltoids,Triceps Brachii,,Barbell
Barbell Hang Squat Clean to Split Jerk,Advanced,Shoulders,Anterior Deltoids,Gluteus Maximus,,Barbell
Barbell Hang Squat Clean to Push Jerk,Advanced,Shoulders,Anterior Deltoids,Triceps Brachii,Gluteus Maximus,Barbell
Barbell Hang Squat Clean to Push Press,Advanced,Shoulders,Anterior Deltoids,Triceps Brachii,Gluteus Maximus,Barbell
Barbell Hang Squat Clean to Overhead Press,Advanced,Shoulders,Anterior Deltoids,Triceps Brachii,Gluteus Maximus,Barbell
Double Kettlebell Clean to Front Rack Squat,Intermediate,Quadriceps,Quadriceps Femoris,Gluteus Maximus,Biceps Femoris,Kettlebell
Double Kettlebell Clean to Push Press,Intermediate,Shoulders,Anterior Deltoids,Triceps Brachii,Gluteus Minimus,Kettlebell
Double Kettlebell Clean to Front Rack Alternating Forward Lunge,Intermediate,Quadriceps,Quadriceps Femoris,Gluteus Maximus,Biceps Femoris,Kettlebell
Double Kettlebell Glute Bridge Isometric Bench Press,Novice,Chest,Pectoralis Major,Triceps Brachii,Anterior Deltoids,Kettlebell
Ring Pelican Push Up,Expert,Chest,Pectoralis Major,Triceps Brachii,Biceps Brachii,Gymnastic Rings
Ring Feet Elevated Pelican Push Up,Expert,Chest,Pectoralis Major,Triceps Brachii,Biceps Brachii,Gymnastic Rings
Single Arm Dumbbell Front Raise,Beginner,Shoulders,Anterior Deltoids,Pectoralis Major,Biceps Brachii,Dumbbell
Bodyweight Pivot Split Squat,Novice,Quadriceps,Quadriceps Femoris,,,Bodyweight
Single Arm Kettlebell Clean to Thruster,Intermediate,Shoulders,Anterior Deltoids,Gluteus Maximus,Quadriceps Femoris,Kettlebell
Single Arm Kettlebell Clean to Push Press,Intermediate,Shoulders,Anterior Deltoids,Gluteus Maximus,,Kettlebell
Single Arm Kettlebell Clean to Push Jerk,Intermediate,Shoulders,Anterior Deltoids,Gluteus Maximus,,Kettlebell
Single Arm Kettlebell Clean to Front Rack Contralateral Forward Lunge,Intermediate,Quadriceps,Quadriceps Femoris,Gluteus Maximus,Biceps Femoris,Kettlebell
Single Arm Kettlebell Clean to Front Rack Squat,Intermediate,Quadriceps,Quadriceps Femoris,Gluteus Maximus,Biceps Femoris,Kettlebell
Landmine Pivot Split Squat,Intermediate,Quadriceps,Quadriceps Femoris,Obliques,,Landmine
Double Kettlebell Overhead Pivot Split Squat,Intermediate,Quadriceps,Quadriceps Femoris,,,Kettlebell
Single Arm Kettlebell Snatch to Overhead Ipsilateral Reverse Lunge,Advanced,Quadriceps,Quadriceps Femoris,Gluteus Maximus,Biceps Femoris,Kettlebell
Single Arm Kettlebell Outside Snatch to Overhead Contralateral Reverse Lunge,Advanced,Quadriceps,Quadriceps Femoris,Gluteus Maximus,Biceps Femoris,Kettlebell
Single Arm Kettlebell Outside Snatch to Overhead Ipsilateral Reverse Lunge,Advanced,Quadriceps,Quadriceps Femoris,Gluteus Maximus,Biceps Femoris,Kettlebell
Double Kettlebell Outside Snatch to Overhead Alternating Reverse Lunge,Advanced,Quadriceps,Quadriceps Femoris,Gluteus Maximus,Biceps Femoris,Kettlebell
Alternating Single Arm Kettlebell Outside Swing,Novice,Glutes,Gluteus Maximus,,,Kettlebell
Kettlebell Half Kneeling Swing,Intermediate,Glutes,Gluteus Maximus,,,Kettlebell
Heavy Sandbag Shoulder March,Intermediate,Abdominals,Rectus Abdominis,,,Heavy Sandbag
Heavy Sandbag Bear Hug March,Intermediate,Abdominals,Rectus Abdominis,,,Heavy Sandbag
Heavy Sandbag Roll,Intermediate,Abdominals,Obliques,,,Heavy Sandbag
Heavy Sandbag Alternating Hang Shoulder Clean,Intermediate,Glutes,Gluteus Maximus,Biceps Femoris,Rectus Abdominis,Heavy Sandbag
Heavy Sandbag Hang Shoulder Clean,Intermediate,Glutes,Gluteus Maximus,Biceps Femoris,Rectus Abdominis,Heavy Sandbag
Kettlebell Dead Clean to Horn Grip Alternating Reverse Lunge,Intermediate,Quadriceps,Quadriceps Femoris,Gluteus Maximus,,Kettlebell
Kettlebell Dead Clean,Intermediate,Glutes,Gluteus Maximus,,,Kettlebell
Kettlebell Dead Clean to Overhead Press,Intermediate,Shoulders,Anterior Deltoids,Gluteus Maximus,,Kettlebell
Clubbell Barbarian Alternating Forward Lunge,Novice,Quadriceps,Quadriceps Femoris,Posterior Deltoids,,Clubbell
Clubbell Barbarian Forward Lunge,Novice,Quadriceps,Quadriceps Femoris,Posterior Deltoids,,Clubbell
Macebell Barbarian Alternating Forward Lunge,Novice,Quadriceps,Quadriceps Femoris,Posterior Deltoids,,Macebell
Macebell Barbarian Forward Lunge,Novice,Quadriceps,Quadriceps Femoris,Posterior Deltoids,,Macebell
