Exercise,Difficulty Level,Target Muscle Group,Prime Mover Muscle,Secondary Muscle,Tertiary Muscle,Primary Equipment,# Primary Items,Secondary Equipment,# Secondary Items,Posture,Single or Double Arm,Continuous or Alternating Arms,Grip,Load Position (Ending),Foot Elevation,Combination Exercises,Movement Pattern #1,Movement Pattern #2,Movement Pattern #3,Plane Of Motion #1,Plane Of Motion #2,Plane Of Motion #3,Body Region,Force Type,Mechanics,Laterality,Primary Exercise Classification
Stability Ball Dead Bug,Beginner,Abdominals,Rectus Abdominis,,,Stability Ball,1,None,0,Supine,Single Arm,Alternating,Neutral,Other,No Elevation,Single Exercise,Anti-Extension,,,Sagittal Plane,,,Midsection,Other,Compound,Contralateral,Postural
Bodyweight Glute Bridge,Beginner,Glutes,Gluteus Maximus,,,Bodyweight,1,None,0,Bridge,No Arms,Continuous,No Grip,No Load,No Elevation,Single Exercise,Hip Extension,,,Sagittal Plane,,,Lower Body,Unsorted*,Compound,Bilateral,Bodybuilding
Bodyweight Bird Dog,Beginner,Abdominals,Rectus Abdominis,,,Bodyweight,1,None,0,Quadruped,Single Arm,Alternating,Flat Palm,No Load,No Elevation,Single Exercise,Anti-Rotational,,,Sagittal Plane,,,Midsection,Other,Compound,Contralateral,Postural
Stability Ball Russian Twist,Beginner,Abdominals,Obliques,Rectus Abdominis,,Stability Ball,1,None,0,Seated Floor,Double Arm,Continuous,Neutral,Other,No Elevation,Single Exercise,Rotational,,,Transverse Plane,,,Midsection,Other,Compound,Bilateral,Unsorted*
Stability Ball Feet Elevated Crunch,Beginner,Abdominals,Rectus Abdominis,,,Stability Ball,1,None,0,Supine,No Arms,Continuous,Head Supported,No Load,Feet Elevated,Single Exercise,Spinal Flexion,,,Sagittal Plane,,,Midsection,Other,Isolation,Bilateral,Unsorted*
Ring Hanging Knee Raise,Intermediate,Abdominals,Rectus Abdominis,Iliopsoas,Rectus Femoris,Gymnastic Rings,2,None,0,Hanging,Double Arm,Continuous,Pronated,No Load,No Elevation,Single Exercise,Spinal Flexion,,,Sagittal Plane,,,Midsection,Other,Compound,Bilateral,Calisthenics
Parallette Mountain Climber,Novice,Abdominals,Rectus Abdominis,,,Parallette Bars,2,None,0,Prone,Double Arm,Continuous,Neutral,No Load,No Elevation,Single Exercise,Anti-Extension,Spinal Flexion,,Sagittal Plane,,,Midsection,Other,Compound,Unilateral,Calisthenics
Parallette Push Up,Novice,Chest,Pectoralis Major,Triceps Brachii,,Parallette Bars,2,None,0,Prone,Double Arm,Continuous,Neutral,No Load,No Elevation,Single Exercise,Horizontal Push,,,Sagittal Plane,,,Upper Body,Push,Compound,Bilateral,Calisthenics
Bodyweight Knee Hover Bird Dog,Intermediate,Abdominals,Rectus Abdominis,,,Bodyweight,1,None,0,Knee Hover Quadruped,Single Arm,Alternating,Flat Palm,No Load,No Elevation,Single Exercise,Anti-Rotational,,,Sagittal Plane,,,Midsection,Other,Compound,Contralateral,Postural
Stability Ball V Up Pass,Novice,Abdominals,Rectus Abdominis,,,Stability Ball,1,None,0,Supine,Double Arm,Continuous,Neutral,Other,No Elevation,Single Exercise,Hip Flexion,,,Sagittal Plane,,,Midsection,Other,Compound,Bilateral,Unsorted*
Bodyweight Dead Bug,Beginner,Abdominals,Rectus Abdominis,,,Bodyweight,1,None,0,Supine,Single Arm,Alternating,No Grip,No Load,No Elevation,Single Exercise,Anti-Extension,,,Sagittal Plane,,,Midsection,Other,Compound,Contralateral,Postural
Bodyweight Alternating Heel Taps,Beginner,Abdominals,Obliques,Rectus Abdominis,,Bodyweight,1,None,0,Supine,Double Arm,Alternating,No Grip,No Load,No Elevation,Single Exercise,Lateral Flexion,,,Frontal Plane,,,Midsection,Other,Compound,Unilateral,Unsorted*
Bodyweight Flutter Kicks,Beginner,Abdominals,Rectus Abdominis,,,Bodyweight,1,None,0,Supine,No Arms,Continuous,No Grip,No Load,No Elevation,Single Exercise,Hip Flexion,,,Sagittal Plane,,,Midsection,Other,Compound,Unilateral,Unsorted*
Bodyweight Kneeling Forearm Plank,Beginner,Abdominals,Rectus Abdominis,,,Bodyweight,1,None,0,Prone,Double Arm,Continuous,Forearm,No Load,No Elevation,Single Exercise,Anti-Extension,,,Frontal Plane,,,Midsection,Other,Compound,Bilateral,Calisthenics
Bodyweight Seated Ab Circles,Novice,Abdominals,Rectus Abdominis,,,Bodyweight,1,None,0,Seated Floor,No Arms,Continuous,Flat Palm,No Load,No Elevation,Single Exercise,Rotational,,,Transverse Plane,,,Midsection,Other,Compound,Bilateral,Unsorted*
Ring Hanging Oblique Knee Raise,Intermediate,Abdominals,Obliques,Rectus Abdominis,,Gymnastic Rings,2,None,0,Hanging,Double Arm,Continuous,Pronated,No Load,No Elevation,Single Exercise,Rotational,,,Transverse Plane,,,Midsection,Other,Compound,Bilateral,Calisthenics
Stability Ball Stir The Pot,Novice,Abdominals,Rectus Abdominis,,,Stability Ball,1,None,0,Prone,Double Arm,Continuous,Forearm,No Load,No Elevation,Single Exercise,Anti-Extension,Spinal Rotational,,Transverse Plane,,,Midsection,Other,Compound,Bilateral,Unsorted*
Bodyweight Alternating Side Kick Through,Intermediate,Abdominals,Rectus Abdominis,,,Bodyweight,1,None,0,Knee Hover Quadruped,Double Arm,Alternating,Flat Palm,No Load,No Elevation,Single Exercise,Rotational,,,Frontal Plane,,,Midsection,Other,Compound,Unilateral,Animal Flow
Ring L Sit Hang Flutter Kicks,Intermediate,Abdominals,Rectus Abdominis,,,Gymnastic Rings,2,None,0,Hanging,Double Arm,Continuous,Pronated,No Load,No Elevation,Single Exercise,Hip Flexion,,,Sagittal Plane,,,Midsection,Other,Compound,Unilateral,Calisthenics
Slam Ball Russian Twist,Intermediate,Abdominals,Obliques,Rectus Abdominis,,Slam Ball,1,None,0,Seated Floor,Double Arm,Continuous,Neutral,Other,No Elevation,Single Exercise,Rotational,,,Transverse Plane,,,Midsection,Other,Compound,Bilateral,Unsorted*
Dumbbell Otis Up,Novice,Abdominals,Rectus Abdominis,,,Dumbbell,1,None,0,Supine,Double Arm,Continuous,Crush Grip,Overhead,No Elevation,Single Exercise,Spinal Flexion,,,Sagittal Plane,,,Midsection,Other,Compound,Bilateral,Unsorted*
Single Arm Dumbbell Side Plank Reach Through,Advanced,Abdominals,Obliques,Rectus Abdominis,,Dumbbell,1,None,0,Side Plank,Single Arm,Continuous,Neutral,Other,No Elevation,Single Exercise,Anti-Lateral Flexion,Spinal Rotational,,Transverse Plane,,,Midsection,Other,Compound,Unilateral,Unsorted*
Ab Wheel Kneeling Rollout,Novice,Abdominals,Rectus Abdominis,,,Ab Wheel,1,None,0,Prone,Double Arm,Continuous,Pronated,No Load,No Elevation,Single Exercise,Anti-Extension,,,Sagittal Plane,,,Midsection,Other,Compound,Bilateral,Unsorted*
Cable Seated Crunch,Novice,Abdominals,Rectus Abdominis,,,Cable,1,Bench (Flat),1,Seated,Double Arm,Continuous,Neutral,Other,No Elevation,Single Exercise,Spinal Flexion,,,Sagittal Plane,,,Midsection,Other,Isolation,Bilateral,Unsorted*
Cable Kneeling Crunch,Novice,Abdominals,Rectus Abdominis,,,Cable,1,None,0,Kneeling,Double Arm,Continuous,Neutral,Other,No Elevation,Single Exercise,Spinal Flexion,,,Sagittal Plane,,,Midsection,Other,Isolation,Bilateral,Unsorted*
Medicine Ball V Up,Novice,Abdominals,Rectus Abdominis,,,Medicine Ball,1,None,0,Supine,Double Arm,Continuous,Neutral,Other,No Elevation,Single Exercise,Spinal Flexion,,,Sagittal Plane,,,Midsection,Other,Compound,Bilateral,Unsorted*
Suspension Knee Tuck,Novice,Abdominals,Rectus Abdominis,,,Suspension Trainer,1,None,0,Prone,Double Arm,Continuous,Flat Palm,No Load,Feet Elevated,Single Exercise,Spinal Flexion,Anti-Extension,,Sagittal Plane,,,Midsection,Other,Compound,Bilateral,Unsorted*
Suspension Lateral Knee Tuck,Intermediate,Abdominals,Rectus Abdominis,,,Suspension Trainer,1,None,0,Prone,Double Arm,Continuous,Flat Palm,No Load,Feet Elevated,Single Exercise,Rotational,Spinal Flexion,,Transverse Plane,,,Midsection,Other,Compound,Bilateral,Unsorted*
Bodyweight Push Up to Alternating Kick Through,Intermediate,Chest,Pectoralis Major,Rectus Abdominis,,Bodyweight,1,None,0,Prone,Double Arm,Alternating,Flat Palm,No Load,No Elevation,Combo Exercise,Horizontal Push,,,Sagittal Plane,,,Upper Body,Push,Compound,Unilateral,Animal Flow
Single Arm Dumbbell Turkish Get Up,Intermediate,Abdominals,Obliques,Rectus Abdominis,,Dumbbell,1,None,0,Supine,Single Arm,Continuous,Neutral,Overhead,No Elevation,Single Exercise,Rotational,,,Transverse Plane,Sagittal Plane,,Full Body,Other,Compound,Unilateral,Unsorted*
Bodyweight Bear Crawl,Novice,Abdominals,Rectus Abdominis,,,Bodyweight,1,None,0,Knee Hover Quadruped,Double Arm,Alternating,Flat Palm,No Load,No Elevation,Single Exercise,,,,Sagittal Plane,,,Midsection,Other,Compound,Contralateral,Animal Flow
Stability Ball Knee Tuck,Novice,Abdominals,Rectus Abdominis,,,Stability Ball,1,None,0,Prone,Double Arm,Continuous,Flat Palm,No Load,Feet Elevated,Single Exercise,Spinal Flexion,,,Sagittal Plane,,,Midsection,Other,Compound,Bilateral,Unsorted*
Ring Hanging Leg Raise,Advanced,Abdominals,Rectus Abdominis,,,Gymnastic Rings,2,None,0,Hanging,Double Arm,Continuous,Pronated,No Load,No Elevation,Single Exercise,Hip Flexion,,,Sagittal Plane,,,Midsection,Other,Compound,Bilateral,Calisthenics
Parallette L Sit,Advanced,Abdominals,Rectus Abdominis,,,Parallette Bars,2,None,0,L Sit,Double Arm,Continuous,Neutral,No Load,No Elevation,Single Exercise,Isometric Hold,,,Sagittal Plane,,,Midsection,Other,Compound,Bilateral,Calisthenics
Bodyweight Standing Walkout Plank,Intermediate,Abdominals,Rectus Abdominis,,,Bodyweight,1,None,0,Standing,Double Arm,Alternating,Flat Palm,No Load,No Elevation,Single Exercise,Anti-Extension,,,Sagittal Plane,,,Midsection,Other,Compound,Bilateral,Calisthenics
Bodyweight Standing Walkout Push Up,Intermediate,Chest,Pectoralis Major,Rectus Abdominis,,Bodyweight,1,None,0,Prone,Double Arm,Alternating,Flat Palm,No Load,No Elevation,Single Exercise,Horizontal Push,,,Sagittal Plane,,,Upper Body,Push,Compound,Bilateral,Unsorted*
Barbell Climb,Expert,Abdominals,Rectus Abdominis,,,Barbell,1,None,0,Standing,Double Arm,Alternating,Neutral,No Load,No Elevation,Single Exercise,Anti-Extension,,,Sagittal Plane,,,Midsection,Other,Compound,Unilateral,Calisthenics
Bodyweight Ipsilateral Bird Dog,Expert,Abdominals,Rectus Abdominis,,,Bodyweight,1,None,0,Quadruped,Single Arm,Continuous,Flat Palm,No Load,No Elevation,Single Exercise,Anti-Rotational,,,Sagittal Plane,,,Midsection,Other,Compound,Ipsilateral,Unsorted*
Bodyweight Copenhagen Plank Knee to Elbow,Advanced,Adductors,Adductor Magnus,,,Bodyweight,1,Bench (Flat),1,Side Plank,Single Arm,Continuous,Forearm,No Load,Foot Elevated (Side),Single Exercise,Anti-Lateral Flexion,,,Transverse Plane,,,Lower Body,Other,Compound,Unilateral,Unsorted*
Ring Dead Hang,Beginner,Back,Latissimus Dorsi,,,Gymnastic Rings,2,None,0,Hanging,Double Arm,Continuous,Pronated,No Load,No Elevation,Single Exercise,Isometric Hold,,,Sagittal Plane,,,Upper Body,Other,Compound,Bilateral,Calisthenics
Suspension Archer Row,Novice,Shoulders,Posterior Deltoids,,,Suspension Trainer,1,None,0,Standing,Double Arm,Alternating,Neutral,No Load,No Elevation,Single Exercise,Horizontal Pull,,,Frontal Plane,,,Upper Body,Pull,Compound,Unilateral,Unsorted*
Ring Eccentric Pull Up,Novice,Back,Latissimus Dorsi,,,Gymnastic Rings,2,None,0,Hanging,Double Arm,Continuous,Pronated,No Load,No Elevation,Single Exercise,Vertical Pull,,,Sagittal Plane,,,Upper Body,Pull,Compound,Bilateral,Calisthenics
Ring Pull Up,Intermediate,Back,Latissimus Dorsi,,,Gymnastic Rings,2,None,0,Hanging,Double Arm,Continuous,Pronated,No Load,No Elevation,Single Exercise,Vertical Pull,,,Sagittal Plane,,,Upper Body,Pull,Compound,Bilateral,Calisthenics
Ring Eccentric Chin Up,Novice,Biceps,Biceps Brachii,Latissimus Dorsi,,Gymnastic Rings,2,None,0,Hanging,Double Arm,Continuous,Supinated,No Load,No Elevation,Single Exercise,Vertical Pull,,,Sagittal Plane,,,Upper Body,Pull,Compound,Bilateral,Calisthenics
Miniband Fire Hydrant,Beginner,Glutes,Gluteus Maximus,Gluteus Medius,Gluteus Minimus,Miniband,1,None,0,Quadruped,No Arms,Continuous,Flat Palm,No Load,No Elevation,Single Exercise,Hip External Rotation,,,Transverse Plane,,,Lower Body,Other,Isolation,Unilateral,Bodybuilding
Medicine Ball Russian Twist,Novice,Abdominals,Obliques,Rectus Abdominis,,Medicine Ball,1,None,0,Seated Floor,Double Arm,Continuous,Neutral,Other,No Elevation,Single Exercise,Rotational,,,Transverse Plane,,,Midsection,Other,Compound,Bilateral,Unsorted*
Bodyweight Side Plank,Novice,Abdominals,Obliques,Rectus Abdominis,,Bodyweight,1,None,0,Side Plank,Single Arm,Continuous,Forearm,No Load,No Elevation,Single Exercise,Anti-Lateral Flexion,,,Frontal Plane,,,Midsection,Other,Compound,Unilateral,Calisthenics
Cable Reverse Crunch,Intermediate,Abdominals,Rectus Abdominis,,,Cable,1,None,0,Supine,No Arms,Continuous,No Grip,Other,No Elevation,Single Exercise,Spinal Flexion,,,Sagittal Plane,,,Midsection,Other,Compound,Bilateral,Unsorted*
Cable Rope Half Kneeling High to Low Chop,Intermediate,Abdominals,Obliques,Rectus Abdominis,,Cable,1,None,0,Half Kneeling,Double Arm,Continuous,Pronated,Other,No Elevation,Single Exercise,Rotational,,,Transverse Plane,,,Midsection,Other,Compound,Bilateral,Unsorted*
Cable Rope Half Kneeling Low to High Chop,Intermediate,Abdominals,Obliques,Rectus Abdominis,,Cable,1,None,0,Half Kneeling,Double Arm,Continuous,Pronated,Other,No Elevation,Single Exercise,Rotational,,,Transverse Plane,,,Midsection,Other,Compound,Bilateral,Unsorted*
Slider Double Kettlebell Bottoms Up Overhead Lateral Lunge,Advanced,Adductors,Adductor Magnus,,,Sliders,1,Kettlebell,2,Standing,Double Arm,Continuous,Bottoms Up,Overhead,No Elevation,Single Exercise,Hip Adduction,,,Frontal Plane,,,Lower Body,Other,Compound,Unilateral,Bodybuilding
Cable Rope Staggered Stance High to Low Chop,Intermediate,Abdominals,Obliques,Rectus Abdominis,,Cable,1,None,0,Staggered Stance,Double Arm,Continuous,Pronated,Other,No Elevation,Single Exercise,Rotational,,,Transverse Plane,,,Midsection,Other,Compound,Bilateral,Unsorted*
Cable Rope Staggered Stance Low to High Chop,Intermediate,Abdominals,Obliques,Rectus Abdominis,,Cable,1,None,0,Staggered Stance,Double Arm,Continuous,Pronated,Other,No Elevation,Single Exercise,Rotational,,,Transverse Plane,,,Midsection,Other,Compound,Bilateral,Unsorted*
Single Arm Dumbbell Windmill,Intermediate,Abdominals,Obliques,,,Dumbbell,1,None,0,Standing,Single Arm,Continuous,Neutral,Overhead,No Elevation,Single Exercise,Rotational,,,Transverse Plane,,,Midsection,Other,Compound,Unilateral,Unsorted*
Slider Double Kettlebell Bottoms Up Front Rack Lateral Lunge,Intermediate,Adductors,Adductor Magnus,,,Sliders,1,Kettlebell,2,Standing,Double Arm,Continuous,Bottoms Up,Front Rack,No Elevation,Single Exercise,Hip Adduction,,,Frontal Plane,,,Lower Body,Other,Compound,Unilateral,Bodybuilding
Slider Double Kettlebell Front Rack Lateral Lunge,Novice,Adductors,Adductor Magnus,,,Sliders,1,Kettlebell,2,Standing,Double Arm,Continuous,Neutral,Front Rack,No Elevation,Single Exercise,Hip Adduction,,,Frontal Plane,,,Lower Body,Other,Compound,Unilateral,Bodybuilding
Bodyweight Feet On Wall Mountain Climber,Advanced,Abdominals,Rectus Abdominis,,,Bodyweight,1,None,0,Prone,Double Arm,Continuous,Flat Palm,No Load,Feet Elevated,Single Exercise,Anti-Extension,Spinal Flexion,,Sagittal Plane,,,Midsection,Other,Compound,Unilateral,Calisthenics
Slider Double Kettlebell Suitcase Reverse Lunge,Novice,Quadriceps,Quadriceps Femoris,Gluteus Maximus,Biceps Femoris,Sliders,1,Kettlebell,2,Standing,Double Arm,Continuous,Neutral,Suitcase,No Elevation,Single Exercise,Knee Dominant,,,Sagittal Plane,,,Lower Body,Push,Compound,Unilateral,Bodybuilding
Bodyweight Hollow Body Hold,Novice,Abdominals,Rectus Abdominis,,,Bodyweight,1,None,0,Supine,Double Arm,Continuous,No Grip,No Load,No Elevation,Single Exercise,Isometric Hold,,,Sagittal Plane,,,Midsection,Other,Compound,Bilateral,Unsorted*
Dumbbell Crush Grip Hollow Body Hold,Intermediate,Abdominals,Rectus Abdominis,,,Dumbbell,1,None,0,Supine,Double Arm,Continuous,Crush Grip,Other,No Elevation,Single Exercise,Isometric Hold,,,Sagittal Plane,,,Midsection,Other,Compound,Bilateral,Unsorted*
Bar Inverted Hanging Crunch,Expert,Abdominals,Rectus Abdominis,,,Pull Up Bar,1,None,0,Inverted,No Arms,Continuous,Head Supported,No Load,No Elevation,Single Exercise,Spinal Flexion,,,Sagittal Plane,,,Midsection,Other,Compound,Bilateral,Unsorted*
Bodyweight Inverted Hanging Oblique Crunch,Expert,Abdominals,Obliques,,,Bodyweight,1,None,0,Inverted,No Arms,Continuous,Head Supported,No Load,No Elevation,Single Exercise,Rotational,Spinal Flexion,,Transverse Plane,,,Midsection,Other,Compound,Bilateral,Unsorted*
Slider Double Kettlebell Front Rack Reverse Lunge,Novice,Quadriceps,Quadriceps Femoris,Gluteus Maximus,Biceps Femoris,Sliders,1,Kettlebell,2,Standing,Double Arm,Continuous,Neutral,Front Rack,No Elevation,Single Exercise,Knee Dominant,,,Sagittal Plane,,,Lower Body,Push,Compound,Unilateral,Bodybuilding
Bodyweight Supine Alternating Single Leg Raise,Beginner,Abdominals,Rectus Abdominis,,,Bodyweight,1,None,0,Supine,No Arms,Continuous,No Grip,No Load,No Elevation,Single Exercise,Hip Flexion,,,Sagittal Plane,,,Midsection,Other,Compound,Unilateral,Unsorted*
Bodyweight Supine Leg Raise,Novice,Abdominals,Rectus Abdominis,,,Bodyweight,1,None,0,Supine,No Arms,Continuous,No Grip,No Load,No Elevation,Single Exercise,Hip Flexion,,,Sagittal Plane,,,Midsection,Other,Compound,Bilateral,Unsorted*
Miniband Bicycle Crunch,Novice,Abdominals,Obliques,Rectus Abdominis,,Miniband,1,None,0,Supine,No Arms,Alternating,Head Supported,No Load,No Elevation,Single Exercise,Rotational,,,Transverse Plane,,,Midsection,Other,Compound,Unilateral,Unsorted*
Bodyweight Side Plank Reach Through,Novice,Abdominals,Obliques,Rectus Abdominis,,Bodyweight,1,None,0,Side Plank,Single Arm,Continuous,Forearm,No Load,No Elevation,Single Exercise,Anti-Lateral Flexion,Spinal Rotational,,Transverse Plane,,,Midsection,Other,Compound,Unilateral,Calisthenics
Bodyweight Sit Up,Novice,Abdominals,Rectus Abdominis,,,Bodyweight,1,None,0,Supine,No Arms,Continuous,Head Supported,No Load,No Elevation,Single Exercise,Spinal Flexion,,,Sagittal Plane,,,Midsection,Other,Compound,Bilateral,Unsorted*
Bodyweight Butterfly Sit Up,Intermediate,Abdominals,Rectus Abdominis,,,Bodyweight,1,None,0,Supine,No Arms,Continuous,Head Supported,No Load,No Elevation,Single Exercise,Spinal Flexion,,,Sagittal Plane,,,Midsection,Other,Compound,Bilateral,Unsorted*
Slider Mountain Climber,Novice,Abdominals,Rectus Abdominis,,,Sliders,2,None,0,Prone,Double Arm,Continuous,Flat Palm,No Load,No Elevation,Single Exercise,Anti-Extension,Spinal Flexion,,Sagittal Plane,,,Midsection,Other,Compound,Unilateral,Unsorted*
Slider Pike,Advanced,Abdominals,Rectus Abdominis,,,Sliders,2,None,0,Prone,Double Arm,Continuous,Flat Palm,No Load,No Elevation,Single Exercise,Spinal Flexion,,,Sagittal Plane,,,Midsection,Other,Compound,Bilateral,Unsorted*
Stability Ball Pike,Advanced,Abdominals,Rectus Abdominis,,,Stability Ball,1,None,0,Prone,Double Arm,Continuous,Flat Palm,No Load,Feet Elevated,Single Exercise,Spinal Flexion,,,Sagittal Plane,,,Midsection,Other,Compound,Bilateral,Unsorted*
Slider Wide Mountain Climber,Intermediate,Abdominals,Rectus Abdominis,,,Sliders,2,None,0,Prone,Double Arm,Continuous,Flat Palm,No Load,No Elevation,Single Exercise,Anti-Extension,Spinal Flexion,,Frontal Plane,,,Midsection,Other,Compound,Unilateral,Unsorted*
Stability Ball Crunch,Beginner,Abdominals,Rectus Abdominis,,,Stability Ball,1,None,0,Supine,No Arms,Continuous,Head Supported,No Load,No Elevation,Single Exercise,Spinal Flexion,,,Sagittal Plane,,,Midsection,Other,Compound,Bilateral,Unsorted*
Stability Ball Feet Elevated Oblique Crunch,Beginner,Abdominals,Obliques,,,Stability Ball,1,None,0,Supine,No Arms,Continuous,Head Supported,No Load,Feet Elevated,Single Exercise,Rotational,Spinal Flexion,,Sagittal Plane,,,Midsection,Other,Isolation,Bilateral,Unsorted*
Stability Ball Kneeling Rollout,Beginner,Abdominals,Rectus Abdominis,,,Stability Ball,1,None,0,Prone,Double Arm,Continuous,Forearm,No Load,No Elevation,Single Exercise,Anti-Extension,,,Sagittal Plane,,,Midsection,Other,Compound,Bilateral,Unsorted*
Stability Ball Single Leg Knee Tuck,Advanced,Abdominals,Rectus Abdominis,,,Stability Ball,1,None,0,Prone,Double Arm,Continuous,Flat Palm,No Load,Foot Elevated,Single Exercise,Spinal Flexion,,,Sagittal Plane,,,Midsection,Other,Compound,Unilateral,Unsorted*
Stability Ball Single Leg Pike,Expert,Abdominals,Rectus Abdominis,,,Stability Ball,1,None,0,Prone,Double Arm,Continuous,Flat Palm,No Load,Foot Elevated,Single Exercise,Spinal Flexion,,,Sagittal Plane,,,Midsection,Other,Compound,Unilateral,Unsorted*
Parallette Kneeling Push Up,Beginner,Chest,Pectoralis Major,,,Parallette Bars,2,None,1,Kneeling,Double Arm,Continuous,Neutral,No Load,No Elevation,Single Exercise,Horizontal Push,,,Sagittal Plane,,,Upper Body,Push,Compound,Bilateral,Calisthenics
Slider Double Kettlebell Overhead Reverse Lunge,Intermediate,Quadriceps,Quadriceps Femoris,Gluteus Maximus,Biceps Femoris,Sliders,1,Kettlebell,2,Standing,Double Arm,Continuous,Pronated,Overhead,No Elevation,Single Exercise,Knee Dominant,,,Sagittal Plane,,,Lower Body,Push,Compound,Unilateral,Bodybuilding
Double Dumbbell Romanian Deadlift,Beginner,Hamstrings,Biceps Femoris,Gluteus Maximus,,Dumbbell,2,None,0,Standing,Double Arm,Continuous,Pronated,Other,No Elevation,Single Exercise,Hip Hinge,,,Sagittal Plane,,,Lower Body,Pull,Compound,Bilateral,Bodybuilding
Single Arm Dumbbell Side Plank,Intermediate,Abdominals,Obliques,Rectus Abdominis,,Dumbbell,1,None,0,Side Plank,Single Arm,Continuous,Neutral,Other,No Elevation,Single Exercise,Anti-Lateral Flexion,,,Frontal Plane,,,Midsection,Other,Compound,Unilateral,Unsorted*
Bodyweight Single Leg Glute Bridge,Novice,Glutes,Gluteus Maximus,,,Bodyweight,1,None,0,Single Leg Bridge,No Arms,Continuous,No Grip,No Load,No Elevation,Single Exercise,Hip Extension,,,Sagittal Plane,,,Lower Body,Unsorted*,Compound,Unilateral,Bodybuilding
Dumbbell Glute Bridge,Beginner,Glutes,Gluteus Maximus,,,Dumbbell,1,None,0,Bridge,Double Arm,Continuous,Neutral,Hip Crease,No Elevation,Single Exercise,Hip Extension,,,Sagittal Plane,,,Lower Body,Unsorted*,Compound,Bilateral,Bodybuilding
Bodyweight Glute Bridge Isometric with Alternating Single Leg Extension,Beginner,Glutes,Gluteus Maximus,,,Bodyweight,1,None,0,Single Leg Bridge,No Arms,Continuous,No Grip,No Load,No Elevation,Single Exercise,Isometric Hold,Hip Extension,,Sagittal Plane,,,Lower Body,Unsorted*,Compound,Unilateral,Bodybuilding
Miniband Side Lying Clamshell,Beginner,Glutes,Gluteus Maximus,Gluteus Medius,Gluteus Minimus,Miniband,1,None,0,Side Lying,No Arms,Continuous,No Grip,No Load,No Elevation,Single Exercise,Hip External Rotation,,,Transverse Plane,,,Lower Body,Other,Isolation,Unilateral,Bodybuilding
Miniband Ankle Side Lying Hip Abduction,Beginner,Abductors,Gluteus Medius,Gluteus Minimus,Tensor Fasciae Latae,Miniband,1,None,0,Side Lying,No Arms,Continuous,No Grip,No Load,No Elevation,Single Exercise,Hip Abduction,,,Frontal Plane,,,Lower Body,Other,Isolation,Unilateral,Bodybuilding
Miniband Bench Seated Hip Abduction,Beginner,Abductors,Gluteus Medius,Gluteus Minimus,Tensor Fasciae Latae,Miniband,1,Bench (Flat),1,Seated,No Arms,Continuous,No Grip,No Load,No Elevation,Single Exercise,Hip Abduction,,,Transverse Plane,,,Lower Body,Other,Isolation,Bilateral,Bodybuilding
Miniband Glute Bridge with Hip Abduction,Beginner,Glutes,Gluteus Maximus,Gluteus Medius,,Miniband,1,None,0,Bridge,No Arms,Continuous,No Grip,No Load,No Elevation,Single Exercise,Hip Extension,Hip Abduction,,Sagittal Plane,Transverse Plane,,Lower Body,Other,Compound,Bilateral,Bodybuilding
Stability Ball Hip Thrust,Beginner,Glutes,Gluteus Maximus,,,Stability Ball,1,None,0,Bridge,No Arms,Continuous,No Grip,No Load,No Elevation,Single Exercise,Hip Extension,,,Sagittal Plane,,,Lower Body,Unsorted*,Compound,Bilateral,Bodybuilding
Stability Ball Dumbbell Hip Thrust,Beginner,Glutes,Gluteus Maximus,,,Stability Ball,1,Dumbbell,1,Bridge,Double Arm,Continuous,Neutral,Hip Crease,No Elevation,Single Exercise,Hip Extension,,,Sagittal Plane,,,Lower Body,Unsorted*,Compound,Bilateral,Bodybuilding
Bodyweight Frog Pump,Beginner,Glutes,Gluteus Maximus,,,Bodyweight,1,None,0,Bridge,No Arms,Continuous,No Grip,No Load,No Elevation,Single Exercise,Hip Extension,,,Sagittal Plane,,,Lower Body,Unsorted*,Compound,Bilateral,Unsorted*
Dumbbell Frog Pump,Beginner,Glutes,Gluteus Maximus,,,Dumbbell,1,None,0,Bridge,Double Arm,Continuous,Neutral,Hip Crease,No Elevation,Single Exercise,Hip Extension,,,Sagittal Plane,,,Lower Body,Unsorted*,Compound,Bilateral,Unsorted*
Cable Glute Kickback,Novice,Glutes,Gluteus Maximus,,,Cable,1,None,0,Standing,No Arms,Continuous,Hand Assisted,Other,No Elevation,Single Exercise,Hip Extension,,,Sagittal Plane,,,Lower Body,Unsorted*,Isolation,Unilateral,Bodybuilding
Bodyweight Single Leg Foot Elevated Glute Bridge,Novice,Glutes,Gluteus Maximus,,,Bodyweight,1,None,0,Single Leg Bridge,No Arms,Continuous,No Grip,No Load,Foot Elevated,Single Exercise,Hip Extension,,,Sagittal Plane,,,Lower Body,Unsorted*,Compound,Unilateral,Bodybuilding
Suspension Feet Elevated Glute Bridge,Novice,Glutes,Gluteus Maximus,,,Suspension Trainer,1,None,0,Bridge,No Arms,Continuous,No Grip,No Load,Feet Elevated,Single Exercise,Hip Extension,,,Sagittal Plane,,,Lower Body,Unsorted*,Compound,Bilateral,Bodybuilding
Miniband Thigh Lateral Walk,Beginner,Abductors,Gluteus Medius,Gluteus Minimus,Tensor Fasciae Latae,Miniband,1,None,0,Walking,No Arms,Continuous,No Grip,No Load,No Elevation,Single Exercise,Hip Abduction,,,Frontal Plane,,,Lower Body,Other,Compound,Unilateral,Bodybuilding
Miniband Ankle Lateral Walk,Novice,Abductors,Gluteus Medius,Gluteus Minimus,Tensor Fasciae Latae,Miniband,1,None,0,Walking,No Arms,Continuous,No Grip,No Load,No Elevation,Single Exercise,Hip Abduction,,,Frontal Plane,,,Lower Body,Other,Compound,Unilateral,Bodybuilding
Miniband Feet Lateral Walk,Intermediate,Abductors,Gluteus Medius,Gluteus Minimus,Tensor Fasciae Latae,Miniband,1,None,0,Walking,No Arms,Continuous,No Grip,No Load,No Elevation,Single Exercise,Hip Abduction,,,Frontal Plane,,,Lower Body,Other,Compound,Unilateral,Bodybuilding
Miniband Standing Glute Kickback,Novice,Glutes,Gluteus Maximus,,,Miniband,1,None,0,Standing,No Arms,Continuous,Hand Assisted,No Load,No Elevation,Single Exercise,Hip Extension,,,Sagittal Plane,,,Lower Body,Unsorted*,Isolation,Unilateral,Bodybuilding
Barbell Hip Thrust,Novice,Glutes,Gluteus Maximus,,,Barbell,1,Bench (Flat),1,Bridge,Double Arm,Continuous,Pronated,Hip Crease,No Elevation,Single Exercise,Hip Extension,,,Sagittal Plane,,,Lower Body,Unsorted*,Compound,Bilateral,Bodybuilding
Barbell Single Leg Hip Thrust,Intermediate,Glutes,Gluteus Maximus,,,Barbell,1,Bench (Flat),1,Single Leg Bridge,Double Arm,Continuous,Pronated,Hip Crease,No Elevation,Single Exercise,Hip Extension,,,Sagittal Plane,,,Lower Body,Unsorted*,Compound,Unilateral,Bodybuilding
Stability Ball Single Leg Foot Elevated Glute Bridge,Intermediate,Glutes,Gluteus Maximus,,,Stability Ball,1,None,0,Single Leg Bridge,No Arms,Continuous,No Grip,No Load,Foot Elevated,Single Exercise,Hip Extension,,,Sagittal Plane,,,Lower Body,Unsorted*,Compound,Unilateral,Bodybuilding
Miniband Standing Hip Abduction,Novice,Abductors,Gluteus Medius,Gluteus Minimus,Tensor Fasciae Latae,Miniband,1,None,0,Standing,No Arms,Continuous,Hand Assisted,No Load,No Elevation,Single Exercise,Hip Abduction,,,Frontal Plane,,,Lower Body,Other,Isolation,Bilateral,Bodybuilding
Miniband 3-Way Cha Cha,Beginner,Abductors,Gluteus Medius,Gluteus Minimus,Tensor Fasciae Latae,Miniband,1,None,0,Standing,No Arms,Continuous,No Grip,No Load,No Elevation,Single Exercise,Hip Abduction,Hip Extension,,Frontal Plane,,,Lower Body,Other,Compound,Unilateral,Bodybuilding
Slider Single Arm Kettlebell Suitcase Contralateral Reverse Lunge,Novice,Quadriceps,Quadriceps Femoris,Gluteus Maximus,Biceps Femoris,Sliders,1,Kettlebell,1,Standing,Single Arm,Continuous,Neutral,Suitcase,No Elevation,Single Exercise,Knee Dominant,,,Sagittal Plane,,,Lower Body,Push,Compound,Contralateral,Bodybuilding
Cable Hip Abduction,Novice,Abductors,Gluteus Medius,Gluteus Minimus,Tensor Fasciae Latae,Cable,1,None,0,Standing,No Arms,Continuous,Hand Assisted,Other,No Elevation,Single Exercise,Hip Abduction,,,Frontal Plane,,,Lower Body,Other,Isolation,Unilateral,Unsorted*
Miniband Wall Sit Hip Abduction,Novice,Quadriceps,Quadriceps Femoris,Gluteus Medius,,Miniband,1,None,0,Wall Sit,No Arms,Continuous,No Grip,No Load,No Elevation,Single Exercise,Hip Abduction,,,Frontal Plane,,,Lower Body,Other,Compound,Bilateral,Unsorted*
Slider Barbell Overhead Lateral Lunge,Advanced,Adductors,Adductor Magnus,,,Sliders,1,Barbell,1,Standing,Double Arm,Continuous,Pronated,Overhead,No Elevation,Single Exercise,Hip Adduction,,,Frontal Plane,,,Lower Body,Other,Compound,Unilateral,Bodybuilding
Stability Ball T's Y's I's,Beginner,Shoulders,Posterior Deltoids,,,Stability Ball,1,None,0,Prone,Double Arm,Continuous,No Grip,No Load,No Elevation,Single Exercise,Horizontal Pull,,,Frontal Plane,,,Upper Body,Pull,Isolation,Bilateral,Postural
Resistance Band Reverse Fly,Beginner,Shoulders,Posterior Deltoids,,,Resistance Band,1,None,0,Standing,Double Arm,Continuous,Neutral,Other,No Elevation,Single Exercise,Horizontal Pull,,,Frontal Plane,,,Upper Body,Pull,Isolation,Bilateral,Unsorted*
Resistance Band Lateral Raise,Beginner,Shoulders,Medial Deltoids,,,Resistance Band,1,None,0,Standing,Double Arm,Continuous,Neutral,Other,No Elevation,Single Exercise,Shoulder Abduction,,,Frontal Plane,,,Upper Body,Push,Isolation,Bilateral,Bodybuilding
Double Dumbbell Lateral Raise,Beginner,Shoulders,Medial Deltoids,,,Dumbbell,2,None,0,Standing,Double Arm,Continuous,Neutral,Other,No Elevation,Single Exercise,Shoulder Abduction,,,Frontal Plane,,,Upper Body,Push,Isolation,Bilateral,Bodybuilding
Single Arm Resistance Band Standing Shoulder External Rotation,Beginner,Shoulders,Posterior Deltoids,Infraspinatus,Teres Minor,Resistance Band,1,None,0,Standing,Single Arm,Continuous,Neutral,Other,No Elevation,Single Exercise,Shoulder External Rotation,,,Transverse Plane,,,Upper Body,Pull,Isolation,Unilateral,Unsorted*
Double Dumbbell Seated Lateral Raise,Beginner,Shoulders,Medial Deltoids,,,Dumbbell,2,Bench (Flat),1,Seated,Double Arm,Continuous,Neutral,Other,No Elevation,Single Exercise,Shoulder Abduction,,,Frontal Plane,,,Upper Body,Push,Isolation,Bilateral,Bodybuilding
Bodyweight Pike Push Up,Intermediate,Shoulders,Anterior Deltoids,Triceps Brachii,,Bodyweight,1,None,0,Inverted,Double Arm,Continuous,Flat Palm,No Load,No Elevation,Single Exercise,Vertical Push,,,Sagittal Plane,,,Upper Body,Push,Compound,Bilateral,Calisthenics
Single Arm Dumbbell Side Lying Shoulder External Rotation,Beginner,Shoulders,Posterior Deltoids,Infraspinatus,Teres Minor,Dumbbell,1,None,0,Side Lying,Single Arm,Continuous,Neutral,Other,No Elevation,Single Exercise,Shoulder External Rotation,,,Transverse Plane,,,Upper Body,Pull,Isolation,Unilateral,Unsorted*
Single Arm Dumbbell Seated Shoulder External Rotation,Novice,Shoulders,Posterior Deltoids,Infraspinatus,Teres Minor,Dumbbell,1,Bench (Flat),1,Seated,Single Arm,Continuous,Pronated,Other,No Elevation,Single Exercise,Shoulder External Rotation,,,Transverse Plane,,,Upper Body,Pull,Isolation,Unilateral,Unsorted*
Miniband Standing Shoulder External Rotation,Beginner,Shoulders,Posterior Deltoids,Infraspinatus,Teres Minor,Miniband,1,None,0,Standing,Double Arm,Continuous,Neutral,No Load,No Elevation,Single Exercise,Shoulder External Rotation,,,Transverse Plane,,,Upper Body,Pull,Isolation,Bilateral,Unsorted*
Double Dumbbell Seated Cuban Rotation,Novice,Shoulders,Posterior Deltoids,Infraspinatus,Teres Minor,Dumbbell,2,Bench (Flat),1,Seated,Double Arm,Continuous,Pronated,Other,No Elevation,Single Exercise,Shoulder External Rotation,,,Transverse Plane,,,Upper Body,Pull,Isolation,Bilateral,Unsorted*
Double Dumbbell Standing Cuban Rotation,Novice,Shoulders,Posterior Deltoids,Infraspinatus,Teres Minor,Dumbbell,2,None,0,Standing,Double Arm,Continuous,Pronated,Other,No Elevation,Single Exercise,Shoulder External Rotation,,,Transverse Plane,,,Upper Body,Pull,Isolation,Bilateral,Unsorted*
Single Arm Cable Half Kneeling Contralateral Shoulder External Rotation 90 Degrees,Novice,Shoulders,Posterior Deltoids,Infraspinatus,Teres Minor,Cable,1,None,0,Half Kneeling,Single Arm,Continuous,Pronated,Other,No Elevation,Single Exercise,Shoulder External Rotation,,,Transverse Plane,,,Upper Body,Pull,Isolation,Unilateral,Unsorted*
Single Arm Dumbbell Side Lying Shoulder Internal Rotation,Beginner,Shoulders,Subscapularis,Teres Major,,Dumbbell,1,None,0,Side Lying,Single Arm,Continuous,Neutral,Other,No Elevation,Single Exercise,Shoulder Internal Rotation,,,Transverse Plane,,,Upper Body,Unsorted*,Isolation,Unilateral,Unsorted*
Parallette Feet Elevated Pike Push Up,Intermediate,Shoulders,Anterior Deltoids,Triceps Brachii,,Parallette Bars,2,Bench (Flat),1,Inverted,Double Arm,Continuous,Neutral,No Load,Feet Elevated,Single Exercise,Vertical Push,,,Sagittal Plane,,,Upper Body,Push,Compound,Bilateral,Calisthenics
Barbell Thruster,Intermediate,Shoulders,Anterior Deltoids,Quadriceps Femoris,,Barbell,1,None,0,Standing,Double Arm,Continuous,Pronated,Overhead,No Elevation,Single Exercise,Vertical Push,Knee Dominant,,Sagittal Plane,,,Full Body,Push,Compound,Bilateral,Bodybuilding
Parallette Wall Supported Handstand Push Up,Expert,Shoulders,Anterior Deltoids,Triceps Brachii,,Parallette Bars,2,None,0,Inverted,Double Arm,Continuous,Neutral,No Load,No Elevation,Single Exercise,Vertical Push,,,Sagittal Plane,,,Upper Body,Push,Compound,Bilateral,Calisthenics
Barbell Sots Press,Intermediate,Shoulders,Anterior Deltoids,Triceps Brachii,,Barbell,1,None,0,Other,Double Arm,Continuous,Pronated,Overhead,No Elevation,Single Exercise,Vertical Push,,,Sagittal Plane,,,Upper Body,Push,Compound,Bilateral,Bodybuilding
Single Arm Dumbbell V Sit Overhead Press,Intermediate,Shoulders,Anterior Deltoids,Triceps Brachii,Rectus Abdominis,Dumbbell,1,None,0,V Sit Seated,Single Arm,Continuous,Neutral,Overhead,No Elevation,Single Exercise,Vertical Push,,,Sagittal Plane,,,Upper Body,Push,Compound,Unilateral,Bodybuilding
Double Dumbbell Z Press,Novice,Shoulders,Anterior Deltoids,Triceps Brachii,,Dumbbell,2,None,0,Seated Floor,Double Arm,Continuous,Neutral,Overhead,No Elevation,Single Exercise,Vertical Push,,,Sagittal Plane,,,Upper Body,Push,Compound,Bilateral,Bodybuilding
Single Arm Dumbbell Z Press,Intermediate,Shoulders,Anterior Deltoids,Triceps Brachii,,Dumbbell,1,None,0,Seated Floor,Single Arm,Continuous,Neutral,Overhead,No Elevation,Single Exercise,Vertical Push,,,Sagittal Plane,,,Upper Body,Push,Compound,Unilateral,Bodybuilding
Stability Ball Double Dumbbell Seated Arnold Press,Beginner,Shoulders,Anterior Deltoids,Triceps Brachii,,Stability Ball,1,Dumbbell,2,Seated,Double Arm,Continuous,Pronated,Overhead,No Elevation,Single Exercise,Vertical Push,,,Sagittal Plane,,,Upper Body,Push,Compound,Bilateral,Unsorted*
Single Arm Dumbbell Half Kneeling Contralateral Overhead Press,Novice,Shoulders,Anterior Deltoids,Triceps Brachii,Rectus Abdominis,Dumbbell,1,None,0,Half Kneeling,Single Arm,Continuous,Neutral,Overhead,No Elevation,Single Exercise,Vertical Push,,,Sagittal Plane,,,Upper Body,Push,Compound,Contralateral,Bodybuilding
Single Arm Cable Lateral Raise,Beginner,Shoulders,Medial Deltoids,,,Cable,1,None,0,Standing,Single Arm,Continuous,Pronated,Other,No Elevation,Single Exercise,Shoulder Abduction,,,Frontal Plane,,,Upper Body,Push,Isolation,Unilateral,Bodybuilding
Double Dumbbell Thruster,Novice,Shoulders,Anterior Deltoids,Quadriceps Femoris,,Dumbbell,2,None,0,Standing,Double Arm,Continuous,Neutral,Overhead,No Elevation,Single Exercise,Vertical Push,Knee Dominant,,Sagittal Plane,,,Full Body,Push,Compound,Bilateral,Bodybuilding
Single Arm Dumbbell Thruster,Novice,Shoulders,Anterior Deltoids,Quadriceps Femoris,,Dumbbell,1,None,0,Standing,Single Arm,Continuous,Neutral,Overhead,No Elevation,Single Exercise,Vertical Push,Knee Dominant,,Sagittal Plane,,,Full Body,Push,Compound,Unilateral,Bodybuilding
Parallette Freestanding Handstand Push Up,Master,Shoulders,Anterior Deltoids,Triceps Brachii,,Parallette Bars,2,None,0,Inverted,Double Arm,Continuous,Neutral,No Load,No Elevation,Single Exercise,Vertical Push,,,Sagittal Plane,,,Upper Body,Push,Compound,Bilateral,Calisthenics
Double Dumbbell Seated Overhead Press,Beginner,Shoulders,Anterior Deltoids,Triceps Brachii,,Dumbbell,2,Bench (Flat),1,Seated,Double Arm,Continuous,Neutral,Overhead,No Elevation,Single Exercise,Vertical Push,,,Sagittal Plane,,,Upper Body,Push,Compound,Bilateral,Bodybuilding
Double Dumbbell Overhead Press,Beginner,Shoulders,Anterior Deltoids,Triceps Brachii,,Dumbbell,2,None,0,Standing,Double Arm,Continuous,Neutral,Overhead,No Elevation,Single Exercise,Vertical Push,,,Sagittal Plane,,,Upper Body,Push,Compound,Bilateral,Bodybuilding
Single Arm Dumbbell Overhead Carry,Intermediate,Shoulders,Anterior Deltoids,Obliques,,Dumbbell,1,None,0,Walking,Single Arm,Continuous,Neutral,Overhead,No Elevation,Single Exercise,Loaded Carry,,,Sagittal Plane,,,Full Body,Other,Compound,Unilateral,Unsorted*
Bodyweight Freestanding Handstand Push Up,Master,Shoulders,Anterior Deltoids,Triceps Brachii,,Bodyweight,1,None,0,Inverted,Double Arm,Continuous,Flat Palm,No Load,No Elevation,Single Exercise,Vertical Push,,,Sagittal Plane,,,Upper Body,Push,Compound,Bilateral,Calisthenics
Barbell Shrug,Novice,Trapezius,Upper Trapezius,,,Barbell,1,None,0,Standing,Double Arm,Continuous,Pronated,Other,No Elevation,Single Exercise,Scapular Elevation,,,Sagittal Plane,,,Upper Body,Pull,Isolation,Bilateral,Bodybuilding
Double Dumbbell Shrug,Beginner,Trapezius,Upper Trapezius,,,Dumbbell,2,None,0,Standing,Double Arm,Continuous,Neutral,Suitcase,No Elevation,Single Exercise,Scapular Elevation,,,Sagittal Plane,,,Upper Body,Pull,Isolation,Bilateral,Bodybuilding
Cable Face Pull,Novice,Shoulders,Posterior Deltoids,Infraspinatus,Teres Minor,Cable,1,None,0,Standing,Double Arm,Continuous,Neutral,Other,No Elevation,Single Exercise,Shoulder External Rotation,,,Sagittal Plane,,,Upper Body,Pull,Compound,Bilateral,Unsorted*
Cable Seated Face Pull,Novice,Shoulders,Posterior Deltoids,Infraspinatus,Teres Minor,Cable,1,None,0,Seated Floor,Double Arm,Continuous,Neutral,Other,No Elevation,Single Exercise,Shoulder External Rotation,,,Sagittal Plane,,,Upper Body,Pull,Compound,Bilateral,Unsorted*
Double Dumbbell Standing Scaption,Beginner,Shoulders,Serratus Anterior,,,Dumbbell,2,None,0,Standing,Double Arm,Continuous,Neutral,Other,No Elevation,Single Exercise,Shoulder Scapular Plane Elevation,,,,,,Upper Body,Unsorted*,Isolation,Bilateral,Unsorted*
Double Dumbbell Seated Scaption,Beginner,Shoulders,Serratus Anterior,,,Dumbbell,2,Bench (Flat),1,Seated,Double Arm,Continuous,Neutral,Other,No Elevation,Single Exercise,Shoulder Scapular Plane Elevation,,,,,,Upper Body,Unsorted*,Isolation,Bilateral,Unsorted*
Stability Ball Double Dumbbell Seated Scaption,Beginner,Shoulders,Serratus Anterior,,,Stability Ball,1,Dumbbell,2,Seated,Double Arm,Continuous,Neutral,Other,No Elevation,Single Exercise,Shoulder Scapular Plane Elevation,,,,,,Upper Body,Unsorted*,Isolation,Bilateral,Unsorted*
Cable Single Leg Standing Bent Knee Hip External Rotation,Novice,Glutes,Gluteus Maximus,Gluteus Medius,Gluteus Minimus,Cable,1,None,0,Single Leg Standing Bent Knee,No Arms,Continuous,Hand Assisted,Other,No Elevation,Single Exercise,Hip External Rotation,,,Transverse Plane,,,Lower Body,Other,Isolation,Unilateral,Unsorted*
Cable Hip External Rotation,Novice,Glutes,Gluteus Maximus,Gluteus Medius,Gluteus Minimus,Cable,1,None,0,Standing,No Arms,Continuous,Neutral,Other,No Elevation,Single Exercise,Hip External Rotation,,,Transverse Plane,,,Lower Body,Other,Isolation,Bilateral,Unsorted*
Alternating Double Dumbbell Bicep Curl,Beginner,Biceps,Biceps Brachii,Brachialis,Brachioradialis,Dumbbell,2,None,0,Standing,Double Arm,Alternating,Supinated,Other,No Elevation,Single Exercise,Elbow Flexion,,,Sagittal Plane,,,Upper Body,Pull,Isolation,Unilateral,Bodybuilding
Alternating Double Dumbbell Incline Bench Bicep Curl,Beginner,Biceps,Biceps Brachii,Brachialis,Brachioradialis,Dumbbell,2,Bench (Incline),1,Seated,Double Arm,Alternating,Supinated,Other,No Elevation,Single Exercise,Elbow Flexion,,,Sagittal Plane,,,Upper Body,Pull,Isolation,Unilateral,Bodybuilding
Alternating Double Dumbbell Hammer Curl,Beginner,Biceps,Biceps Brachii,Brachialis,Brachioradialis,Dumbbell,2,None,0,Standing,Double Arm,Alternating,Neutral,Other,No Elevation,Single Exercise,Elbow Flexion,,,Sagittal Plane,,,Upper Body,Pull,Isolation,Unilateral,Bodybuilding
Alternating Double Dumbbell Cross Body Hammer Curl,Beginner,Biceps,Biceps Brachii,Brachialis,Brachioradialis,Dumbbell,2,None,0,Standing,Double Arm,Alternating,Neutral,Other,No Elevation,Single Exercise,Elbow Flexion,,,Frontal Plane,,,Upper Body,Pull,Isolation,Unilateral,Bodybuilding
Cable Guillotine Curl,Novice,Biceps,Biceps Brachii,Brachialis,Brachioradialis,Cable,1,None,0,Supine,Double Arm,Continuous,Supinated,Other,No Elevation,Single Exercise,Elbow Flexion,,,Sagittal Plane,,,Upper Body,Pull,Isolation,Bilateral,Bodybuilding
Cable Supine Bicep Curl,Novice,Biceps,Biceps Brachii,Brachialis,Brachioradialis,Cable,1,None,0,Supine,Double Arm,Continuous,Supinated,Other,No Elevation,Single Exercise,Elbow Flexion,,,Sagittal Plane,,,Upper Body,Pull,Isolation,Bilateral,Bodybuilding
Single Arm Dumbbell Incline Bench Preacher Curl,Beginner,Biceps,Biceps Brachii,Brachialis,Brachioradialis,Dumbbell,1,Bench (Incline),1,Standing,Single Arm,Continuous,Supinated,Other,No Elevation,Single Exercise,Elbow Flexion,,,Sagittal Plane,,,Upper Body,Pull,Isolation,Unilateral,Bodybuilding
Dumbbell Crush Grip Bicep Curl,Beginner,Biceps,Biceps Brachii,Brachialis,Brachioradialis,Dumbbell,1,None,0,Standing,Double Arm,Continuous,Crush Grip,Other,No Elevation,Single Exercise,Elbow Flexion,,,Sagittal Plane,,,Upper Body,Pull,Isolation,Bilateral,Bodybuilding
Double Dumbbell Zottman Curl,Beginner,Biceps,Biceps Brachii,Brachialis,Brachioradialis,Dumbbell,2,None,0,Standing,Double Arm,Continuous,Supinated,Other,No Elevation,Single Exercise,Elbow Flexion,,,Sagittal Plane,,,Upper Body,Pull,Isolation,Bilateral,Bodybuilding
Dumbbell Waiter Curl,Beginner,Biceps,Biceps Brachii,Brachialis,Brachioradialis,Dumbbell,1,None,0,Standing,Double Arm,Continuous,Supinated,Other,No Elevation,Single Exercise,Elbow Flexion,,,Sagittal Plane,,,Upper Body,Pull,Isolation,Bilateral,Bodybuilding
High Cable Straight Bar Bicep Curl,Novice,Biceps,Biceps Brachii,Brachialis,Brachioradialis,Cable,1,None,0,Standing,Double Arm,Continuous,Supinated,Other,No Elevation,Single Exercise,Elbow Flexion,,,Sagittal Plane,,,Upper Body,Pull,Isolation,Bilateral,Bodybuilding
Cable Straight Bar Drag Curl,Beginner,Biceps,Biceps Brachii,Brachialis,Brachioradialis,Cable,1,None,0,Standing,Double Arm,Continuous,Supinated,Other,No Elevation,Single Exercise,Elbow Flexion,,,Sagittal Plane,,,Upper Body,Pull,Isolation,Bilateral,Bodybuilding
Double Dumbbell Spider Curl,Novice,Biceps,Biceps Brachii,Brachialis,Brachioradialis,Dumbbell,2,Bench (Incline),1,Prone,Double Arm,Continuous,Supinated,Other,No Elevation,Single Exercise,Elbow Flexion,,,Sagittal Plane,,,Upper Body,Pull,Isolation,Bilateral,Bodybuilding
EZ Bar Spider Curl,Novice,Biceps,Biceps Brachii,Brachialis,Brachioradialis,EZ Bar,1,Bench (Incline),1,Prone,Double Arm,Continuous,Supinated,Other,No Elevation,Single Exercise,Elbow Flexion,,,Sagittal Plane,,,Upper Body,Pull,Isolation,Bilateral,Bodybuilding
Parallette Side Plank,Intermediate,Abdominals,Obliques,Rectus Abdominis,,Parallette Bars,1,None,0,Side Plank,Single Arm,Continuous,Neutral,No Load,No Elevation,Single Exercise,Anti-Lateral Flexion,,,Frontal Plane,,,Midsection,Other,Compound,Unilateral,Calisthenics
Parallette Feet Elevated Push Up,Intermediate,Chest,Pectoralis Major,Triceps Brachii,,Parallette Bars,2,Bench (Flat),1,Prone,Double Arm,Continuous,Neutral,No Load,Feet Elevated,Single Exercise,Horizontal Push,,,Sagittal Plane,,,Upper Body,Push,Compound,Bilateral,Calisthenics
Stability Ball Cable Preacher Curl,Novice,Biceps,Biceps Brachii,Brachialis,Brachioradialis,Stability Ball,1,Cable,1,Prone,Double Arm,Continuous,Supinated,Other,No Elevation,Single Exercise,Elbow Flexion,,,Sagittal Plane,,,Upper Body,Pull,Isolation,Bilateral,Bodybuilding
Single Arm Dumbbell Standing Concentration Curl,Novice,Biceps,Biceps Brachii,Brachialis,Brachioradialis,Dumbbell,1,None,0,Standing,Single Arm,Continuous,Supinated,Other,No Elevation,Single Exercise,Elbow Flexion,,,Frontal Plane,,,Upper Body,Pull,Isolation,Unilateral,Bodybuilding
Reverse Barbell Curl,Novice,Forearms,Brachioradialis,Biceps Brachii,Brachialis,Barbell,1,None,0,Standing,Double Arm,Continuous,Pronated,Other,No Elevation,Single Exercise,Elbow Flexion,,,Sagittal Plane,,,Upper Body,Pull,Isolation,Bilateral,Bodybuilding
EZ Bar Wide Grip Bicep Curl,Novice,Biceps,Biceps Brachii,Brachialis,Brachioradialis,EZ Bar,1,None,0,Standing,Double Arm,Continuous,Supinated,Other,No Elevation,Single Exercise,Elbow Flexion,,,Sagittal Plane,,,Upper Body,Pull,Isolation,Bilateral,Bodybuilding
Cable Rope Hammer Curl,Beginner,Biceps,Biceps Brachii,Brachialis,Brachioradialis,Cable,1,None,0,Standing,Double Arm,Continuous,Neutral,Other,No Elevation,Single Exercise,Elbow Flexion,,,Sagittal Plane,,,Upper Body,Pull,Isolation,Bilateral,Bodybuilding
Single Arm Cable Standing High Bicep Curl,Novice,Biceps,Biceps Brachii,Brachialis,Brachioradialis,Cable,1,None,0,Standing,Single Arm,Continuous,Supinated,Other,No Elevation,Single Exercise,Elbow Flexion,,,Sagittal Plane,,,Upper Body,Pull,Isolation,Unilateral,Bodybuilding
Suspension Bicep Curl,Beginner,Biceps,Biceps Brachii,Brachialis,Brachioradialis,Suspension Trainer,1,None,0,Standing,Double Arm,Continuous,Supinated,No Load,No Elevation,Single Exercise,Elbow Flexion,,,Sagittal Plane,,,Upper Body,Pull,Isolation,Bilateral,Unsorted*
Double Dumbbell Tricep Kickback,Beginner,Triceps,Triceps Brachii,,,Dumbbell,2,None,0,Standing,Double Arm,Continuous,Neutral,Other,No Elevation,Single Exercise,Elbow Extension,,,Sagittal Plane,,,Upper Body,Push,Isolation,Bilateral,Bodybuilding
EZ Bar Seated Overhead Tricep Extension,Novice,Triceps,Triceps Brachii,,,EZ Bar,1,Bench (Flat),1,Seated,Double Arm,Continuous,Pronated,Overhead,No Elevation,Single Exercise,Elbow Extension,,,Sagittal Plane,,,Upper Body,Push,Isolation,Bilateral,Bodybuilding
EZ Bar Standing Overhead Tricep Extension,Novice,Triceps,Triceps Brachii,,,EZ Bar,1,None,0,Standing,Double Arm,Continuous,Pronated,Overhead,No Elevation,Single Exercise,Elbow Extension,,,Sagittal Plane,,,Upper Body,Push,Isolation,Bilateral,Bodybuilding
Dumbbell Seated Overhead Tricep Extension,Beginner,Triceps,Triceps Brachii,,,Dumbbell,1,Bench (Flat),1,Seated,Double Arm,Continuous,Flat Palm,Overhead,No Elevation,Single Exercise,Elbow Extension,,,Sagittal Plane,,,Upper Body,Push,Isolation,Bilateral,Bodybuilding
Dumbbell Overhead Tricep Extension,Beginner,Triceps,Triceps Brachii,,,Dumbbell,1,None,0,Standing,Double Arm,Continuous,Flat Palm,Overhead,No Elevation,Single Exercise,Elbow Extension,,,Sagittal Plane,,,Upper Body,Push,Isolation,Bilateral,Bodybuilding
Bodyweight Diamond Push Up,Novice,Triceps,Triceps Brachii,Pectoralis Major,Anterior Deltoids,Bodyweight,1,None,0,Prone,Double Arm,Continuous,Flat Palm,No Load,No Elevation,Single Exercise,Horizontal Push,,,Sagittal Plane,,,Upper Body,Push,Compound,Bilateral,Calisthenics
Double Dumbbell Close Grip Floor Press,Beginner,Triceps,Triceps Brachii,Pectoralis Major,Anterior Deltoids,Dumbbell,2,None,0,Supine,Double Arm,Continuous,Neutral,Above Chest,No Elevation,Single Exercise,Horizontal Push,,,Sagittal Plane,,,Upper Body,Push,Compound,Bilateral,Bodybuilding
Double Dumbbell Close Grip Bench Press,Beginner,Triceps,Triceps Brachii,Pectoralis Major,Anterior Deltoids,Dumbbell,2,Bench (Flat),1,Supine,Double Arm,Continuous,Neutral,Above Chest,No Elevation,Single Exercise,Horizontal Push,,,Sagittal Plane,,,Upper Body,Push,Compound,Bilateral,Bodybuilding
Double Dumbbell Close Grip Incline Bench Press,Beginner,Triceps,Triceps Brachii,Pectoralis Major,Anterior Deltoids,Dumbbell,2,Bench (Incline),1,Seated,Double Arm,Continuous,Neutral,Above Chest,No Elevation,Single Exercise,Horizontal Push,,,Sagittal Plane,,,Upper Body,Push,Compound,Bilateral,Bodybuilding
EZ Bar Lying Tricep Extension,Novice,Triceps,Triceps Brachii,,,EZ Bar,1,Bench (Flat),1,Supine,Double Arm,Continuous,Pronated,Other,No Elevation,Single Exercise,Elbow Extension,,,Sagittal Plane,,,Upper Body,Push,Compound,Bilateral,Bodybuilding
Stability Ball Feet Elevated Diamond Push Up,Intermediate,Triceps,Triceps Brachii,Pectoralis Major,Anterior Deltoids,Stability Ball,1,None,0,Prone,Double Arm,Continuous,Flat Palm,No Load,Feet Elevated,Single Exercise,Horizontal Push,,,Sagittal Plane,,,Upper Body,Push,Compound,Bilateral,Unsorted*
Bodyweight Tricep Extension,Intermediate,Triceps,Triceps Brachii,,,Bodyweight,1,None,0,Prone,Double Arm,Continuous,Forearm,No Load,No Elevation,Single Exercise,Elbow Extension,,,Sagittal Plane,,,Upper Body,Push,Isolation,Bilateral,Calisthenics
Cable Rope Overhead Tricep Extension,Novice,Triceps,Triceps Brachii,,,Cable,1,None,0,Standing,Double Arm,Continuous,Neutral,Overhead,No Elevation,Single Exercise,Elbow Extension,,,Sagittal Plane,,,Upper Body,Push,Isolation,Bilateral,Bodybuilding
Cable Rope Tricep Pushdown,Beginner,Triceps,Triceps Brachii,,,Cable,1,None,0,Standing,Double Arm,Continuous,Neutral,Other,No Elevation,Single Exercise,Elbow Extension,,,Sagittal Plane,,,Upper Body,Push,Isolation,Bilateral,Bodybuilding
Ring Dips,Advanced,Triceps,Triceps Brachii,Rectus Abdominis,,Gymnastic Rings,2,None,0,Hanging,Double Arm,Continuous,Neutral,No Load,No Elevation,Single Exercise,Vertical Push,,,Sagittal Plane,,,Upper Body,Push,Compound,Bilateral,Calisthenics
Single Arm Cable Reverse Grip Tricep Pushdown,Novice,Triceps,Triceps Brachii,,,Cable,1,None,0,Standing,Single Arm,Continuous,Pronated,Other,No Elevation,Single Exercise,Elbow Extension,,,Sagittal Plane,,,Upper Body,Push,Isolation,Unilateral,Bodybuilding
Double Dumbbell Suitcase Carry,Beginner,Forearms,Brachioradialis,,,Dumbbell,2,None,0,Walking,Double Arm,Continuous,Neutral,Suitcase,No Elevation,Single Exercise,Loaded Carry,,,Sagittal Plane,,,Full Body,Other,Compound,Bilateral,Unsorted*
Barbell Seated Wrist Curl,Intermediate,Forearms,Brachioradialis,,,Barbell,1,Bench (Flat),1,Seated,Double Arm,Continuous,Supinated,Other,No Elevation,Single Exercise,Wrist Flexion,,,Sagittal Plane,,,Upper Body,Pull,Isolation,Bilateral,Unsorted*
EZ Bar Reverse Grip Bicep Curl,Novice,Forearms,Brachioradialis,Biceps Brachii,Brachialis,EZ Bar,1,None,0,Standing,Double Arm,Continuous,Pronated,Other,No Elevation,Single Exercise,Elbow Flexion,,,Sagittal Plane,,,Upper Body,Pull,Isolation,Bilateral,Bodybuilding
Barbell Incline Push Up,Beginner,Chest,Pectoralis Major,Triceps Brachii,Anterior Deltoids,Barbell,1,None,1,Prone,Double Arm,Continuous,Pronated,No Load,No Elevation,Single Exercise,Horizontal Push,,,Sagittal Plane,,,Upper Body,Push,Compound,Bilateral,Calisthenics
Bodyweight Kneeling Push Up,Beginner,Chest,Pectoralis Major,Triceps Brachii,Anterior Deltoids,Bodyweight,1,None,0,Kneeling,Double Arm,Continuous,Flat Palm,No Load,No Elevation,Single Exercise,Horizontal Push,,,Sagittal Plane,,,Upper Body,Push,Compound,Bilateral,Calisthenics
Suspension Push Up,Beginner,Chest,Pectoralis Major,Triceps Brachii,Anterior Deltoids,Suspension Trainer,1,None,0,Standing,Double Arm,Continuous,Pronated,No Load,No Elevation,Single Exercise,Horizontal Push,,,Sagittal Plane,,,Upper Body,Push,Compound,Bilateral,Unsorted*
Suspension Chest Fly,Beginner,Chest,Pectoralis Major,,,Suspension Trainer,1,None,0,Standing,Double Arm,Continuous,Neutral,No Load,No Elevation,Single Exercise,Horizontal Push,,,Sagittal Plane,,,Upper Body,Push,Isolation,Bilateral,Unsorted*
Double Dumbbell Glute Bridge Isometric Floor Press,Novice,Chest,Pectoralis Major,Triceps Brachii,Anterior Deltoids,Dumbbell,2,None,0,Bridge,Double Arm,Continuous,Pronated,Above Chest,No Elevation,Single Exercise,Horizontal Push,Isometric Hold,,Sagittal Plane,,,Full Body,Push,Compound,Bilateral,Bodybuilding
Stability Ball Single Arm Dumbbell Chest Press,Novice,Chest,Pectoralis Major,Triceps Brachii,Anterior Deltoids,Dumbbell,1,None,0,Supine,Single Arm,Continuous,Pronated,Above Chest,No Elevation,Single Exercise,Horizontal Push,,,Sagittal Plane,,,Upper Body,Push,Compound,Unilateral,Bodybuilding
Stability Ball Double Dumbbell Chest Fly,Beginner,Chest,Pectoralis Major,,,Stability Ball,1,Dumbbell,2,Supine,Double Arm,Continuous,Neutral,Above Chest,No Elevation,Single Exercise,Horizontal Push,,,Sagittal Plane,,,Upper Body,Push,Isolation,Bilateral,Unsorted*
Bodyweight Burpee,Intermediate,Chest,Pectoralis Major,Triceps Brachii,Anterior Deltoids,Bodyweight,1,None,0,Standing,Double Arm,Continuous,Flat Palm,No Load,No Elevation,Single Exercise,Horizontal Push,,,Sagittal Plane,,,Full Body,Push,Compound,Bilateral,Unsorted*
Double Dumbbell Devil Press,Advanced,Shoulders,Anterior Deltoids,Pectoralis Major,,Dumbbell,2,None,0,Standing,Double Arm,Continuous,Neutral,Overhead,No Elevation,Single Exercise,Horizontal Push,,,Sagittal Plane,,,Full Body,Push,Compound,Bilateral,Unsorted*
Alternating Single Arm Dumbbell Devil Press,Advanced,Shoulders,Anterior Deltoids,Pectoralis Major,,Dumbbell,1,None,0,Standing,Single Arm,Alternating,Neutral,Overhead,No Elevation,Single Exercise,Horizontal Push,,,Sagittal Plane,,,Full Body,Push,Compound,Unilateral,Unsorted*
Single Arm Dumbbell Hollow Body Chest Press,Intermediate,Chest,Pectoralis Major,Triceps Brachii,Anterior Deltoids,Dumbbell,1,None,0,Supine,Single Arm,Continuous,Pronated,Above Chest,No Elevation,Single Exercise,Horizontal Push,Isometric Hold,,Sagittal Plane,,,Upper Body,Push,Compound,Unilateral,Bodybuilding
Bodyweight Plate Plyometric Push Up,Intermediate,Chest,Pectoralis Major,Triceps Brachii,Anterior Deltoids,Bodyweight,1,None,0,Prone,Double Arm,Continuous,Flat Palm,No Load,No Elevation,Single Exercise,Horizontal Push,,,Sagittal Plane,,,Upper Body,Push,Compound,Bilateral,Plyometric
Stability Ball Dumbbell Pullover,Beginner,Back,Latissimus Dorsi,Pectoralis Major,Triceps Brachii,Stability Ball,1,Dumbbell,1,Supine,Double Arm,Continuous,Flat Palm,Above Chest,No Elevation,Single Exercise,,,,Sagittal Plane,,,Upper Body,Pull,Compound,Bilateral,Bodybuilding
Double Dumbbell Incline Bench Chest Fly,Beginner,Chest,Pectoralis Major,,,Dumbbell,2,Bench (Incline),1,Seated,Double Arm,Continuous,Neutral,Above Chest,No Elevation,Single Exercise,Horizontal Push,,,Sagittal Plane,,,Upper Body,Push,Isolation,Bilateral,Bodybuilding
Bodyweight Single Arm Push Up,Advanced,Chest,Pectoralis Major,Triceps Brachii,Anterior Deltoids,Bodyweight,1,None,0,Prone,Single Arm,Continuous,Flat Palm,No Load,No Elevation,Single Exercise,Horizontal Push,Anti-Rotational,,Sagittal Plane,,,Upper Body,Push,Compound,Unilateral,Calisthenics
Bodyweight Aztec Push Up,Advanced,Chest,Pectoralis Major,Triceps Brachii,Anterior Deltoids,Bodyweight,1,None,0,Prone,Double Arm,Continuous,Flat Palm,No Load,No Elevation,Single Exercise,Horizontal Push,,,Sagittal Plane,,,Upper Body,Push,Compound,Bilateral,Plyometric
Single Arm Ring Grip Push Up,Master,Chest,Pectoralis Major,Triceps Brachii,Anterior Deltoids,Gymnastic Rings,1,None,0,Prone,Single Arm,Continuous,Neutral,No Load,No Elevation,Single Exercise,Horizontal Push,,,Sagittal Plane,,,Upper Body,Push,Compound,Unilateral,Calisthenics
Bodyweight Rolling Squat Burpee,Advanced,Chest,Pectoralis Major,Triceps Brachii,Anterior Deltoids,Bodyweight,1,None,0,Standing,Double Arm,Continuous,Flat Palm,No Load,No Elevation,Single Exercise,,,,Sagittal Plane,,,Full Body,Push,Compound,Bilateral,Plyometric
Ring Grip Push Up,Expert,Chest,Pectoralis Major,Triceps Brachii,Anterior Deltoids,Gymnastic Rings,2,None,0,Prone,Double Arm,Continuous,Neutral,No Load,No Elevation,Single Exercise,Horizontal Push,,,Sagittal Plane,,,Upper Body,Push,Compound,Bilateral,Calisthenics
Suspension Low Row,Beginner,Back,Latissimus Dorsi,,,Suspension Trainer,1,None,0,Standing,Double Arm,Continuous,Neutral,No Load,No Elevation,Single Exercise,Horizontal Pull,,,Sagittal Plane,,,Upper Body,Pull,Compound,Bilateral,Unsorted*
Suspension Mid Row,Beginner,Back,Latissimus Dorsi,,,Suspension Trainer,1,None,0,Standing,Double Arm,Continuous,Pronated,No Load,No Elevation,Single Exercise,Horizontal Pull,,,Sagittal Plane,,,Upper Body,Pull,Compound,Bilateral,Unsorted*
Suspension Face Pull,Novice,Shoulders,Posterior Deltoids,Infraspinatus,Teres Minor,Suspension Trainer,1,None,0,Standing,Double Arm,Continuous,Pronated,No Load,No Elevation,Single Exercise,Shoulder External Rotation,,,Transverse Plane,,,Upper Body,Pull,Compound,Bilateral,Unsorted*
Cable V Grip Seated Low Row,Beginner,Back,Latissimus Dorsi,,,Cable,1,Bench (Flat),1,Seated,Double Arm,Continuous,Neutral,Other,No Elevation,Single Exercise,Horizontal Pull,,,Sagittal Plane,,,Upper Body,Pull,Compound,Bilateral,Bodybuilding
Landmine V Grip Row,Novice,Back,Latissimus Dorsi,,,Landmine,1,None,0,Standing,Double Arm,Continuous,Neutral,Other,No Elevation,Single Exercise,Horizontal Pull,,,Sagittal Plane,,,Upper Body,Pull,Compound,Bilateral,Bodybuilding
Single Arm Landmine Row,Novice,Back,Latissimus Dorsi,,,Landmine,1,None,0,Standing,Single Arm,Continuous,Neutral,Other,No Elevation,Single Exercise,Horizontal Pull,,,Sagittal Plane,,,Upper Body,Pull,Compound,Unilateral,Bodybuilding
Slider Single Arm Kettlebell Suitcase Ipsilateral Reverse Lunge,Novice,Quadriceps,Quadriceps Femoris,Gluteus Maximus,Biceps Femoris,Sliders,1,Kettlebell,1,Standing,Single Arm,Continuous,Neutral,Suitcase,No Elevation,Single Exercise,Knee Dominant,,,Sagittal Plane,,,Lower Body,Push,Compound,Ipsilateral,Bodybuilding
Slider Single Arm Kettlebell Front Rack Contralateral Reverse Lunge,Novice,Quadriceps,Quadriceps Femoris,Gluteus Maximus,Biceps Femoris,Sliders,1,Kettlebell,1,Standing,Single Arm,Continuous,Neutral,Front Rack,No Elevation,Single Exercise,Knee Dominant,,,Sagittal Plane,,,Lower Body,Push,Compound,Contralateral,Bodybuilding
Superband Assisted Bar Wide Grip Pull Up,Novice,Back,Latissimus Dorsi,,,Superband,1,Pull Up Bar,1,Hanging,Double Arm,Continuous,Pronated,No Load,No Elevation,Single Exercise,Vertical Pull,,,Sagittal Plane,,,Upper Body,Pull,Compound,Bilateral,Calisthenics
Resistance Band Half Kneeling Face Pull,Beginner,Shoulders,Posterior Deltoids,Infraspinatus,Teres Minor,Resistance Band,1,None,0,Half Kneeling,Double Arm,Continuous,Pronated,Other,No Elevation,Single Exercise,Shoulder External Rotation,,,Transverse Plane,,,Upper Body,Pull,Compound,Bilateral,Unsorted*
Single Arm Dumbbell Single Leg Contralateral Bent Over Row,Intermediate,Back,Latissimus Dorsi,Rhomboids,Posterior Deltoids,Dumbbell,1,None,0,Single Leg Standing,Single Arm,Continuous,Neutral,Other,No Elevation,Single Exercise,Horizontal Pull,,,Sagittal Plane,,,Upper Body,Pull,Compound,Contralateral,Bodybuilding
Stability Ball Prone Cobra,Novice,Back,Erector Spinae,,,Stability Ball,1,None,0,Prone,Double Arm,Continuous,No Grip,No Load,No Elevation,Single Exercise,Spinal Extension,,,Sagittal Plane,,,Upper Body,Unsorted*,Isolation,Bilateral,Postural
Bodyweight Prone Cobra,Beginner,Back,Erector Spinae,,,Bodyweight,1,None,0,Prone,Double Arm,Continuous,No Grip,No Load,No Elevation,Single Exercise,Spinal Extension,,,Sagittal Plane,,,Upper Body,Unsorted*,Isolation,Bilateral,Postural
Double Dumbbell Pendlay Row,Novice,Back,Latissimus Dorsi,,,Dumbbell,2,None,0,Standing,Double Arm,Continuous,Neutral,Other,No Elevation,Single Exercise,Horizontal Pull,,,Sagittal Plane,,,Upper Body,Pull,Compound,Bilateral,Bodybuilding
Double Dumbbell Single Leg Bent Over Row,Intermediate,Back,Latissimus Dorsi,Rhomboids,Posterior Deltoids,Dumbbell,2,None,0,Single Leg Standing,Double Arm,Continuous,Neutral,Other,No Elevation,Single Exercise,Horizontal Pull,,,Sagittal Plane,,,Upper Body,Pull,Compound,Unilateral,Bodybuilding
Cable Straight Bar Pullover,Novice,Back,Latissimus Dorsi,,,Cable,1,None,0,Standing,Double Arm,Continuous,Pronated,Other,No Elevation,Single Exercise,Horizontal Pull,,,Sagittal Plane,,,Upper Body,Pull,Isolation,Bilateral,Bodybuilding
Single Arm Dumbbell Bird Dog Row,Intermediate,Back,Latissimus Dorsi,Rectus Abdominis,,Dumbbell,1,None,0,Quadruped,Single Arm,Continuous,Neutral,Other,No Elevation,Single Exercise,Horizontal Pull,,,Sagittal Plane,,,Upper Body,Pull,Compound,Unilateral,Bodybuilding
Single Arm Cable Half Kneeling Lat Pulldown,Novice,Back,Latissimus Dorsi,,,Cable,1,None,0,Half Kneeling,Single Arm,Continuous,Neutral,Overhead,No Elevation,Single Exercise,Horizontal Pull,,,Sagittal Plane,,,Upper Body,Pull,Compound,Unilateral,Bodybuilding
Single Arm Cable Half Kneeling Low Row,Novice,Back,Latissimus Dorsi,,,Cable,1,None,0,Half Kneeling,Single Arm,Continuous,Neutral,Other,No Elevation,Single Exercise,Horizontal Pull,,,Sagittal Plane,,,Upper Body,Pull,Compound,Unilateral,Bodybuilding
Single Arm Suspension Low Row,Novice,Back,Latissimus Dorsi,Biceps Brachii,,Suspension Trainer,1,None,0,Standing,Single Arm,Continuous,Neutral,No Load,No Elevation,Single Exercise,Horizontal Pull,Anti-Rotational,,Sagittal Plane,,,Upper Body,Pull,Compound,Unilateral,Unsorted*
Single Arm Dumbbell Suitcase Deadlift,Novice,Back,Latissimus Dorsi,Obliques,,Dumbbell,1,None,0,Standing,Single Arm,Continuous,Neutral,Suitcase,No Elevation,Single Exercise,Anti-Lateral Flexion,Hip Hinge,,Sagittal Plane,,,Full Body,Pull,Compound,Unilateral,Bodybuilding
Slider Single Arm Kettlebell Front Rack Ipsilateral Reverse Lunge,Novice,Quadriceps,Quadriceps Femoris,Gluteus Maximus,Biceps Femoris,Sliders,1,Kettlebell,1,Standing,Single Arm,Continuous,Neutral,Front Rack,No Elevation,Single Exercise,Knee Dominant,,,Sagittal Plane,,,Lower Body,Push,Compound,Ipsilateral,Bodybuilding
Double Dumbbell Incline Bench Prone Row,Novice,Back,Latissimus Dorsi,,,Dumbbell,2,Bench (Incline),1,Prone,Double Arm,Continuous,Neutral,Other,No Elevation,Single Exercise,Horizontal Pull,,,Sagittal Plane,,,Upper Body,Pull,Compound,Bilateral,Bodybuilding
Ring Archer Pull Up,Advanced,Back,Latissimus Dorsi,,,Gymnastic Rings,2,None,0,Hanging,Double Arm,Alternating,Pronated,No Load,No Elevation,Single Exercise,Vertical Pull,,,Frontal Plane,,,Upper Body,Pull,Compound,Unilateral,Calisthenics
Double Dumbbell Renegade Row,Intermediate,Back,Latissimus Dorsi,,,Dumbbell,2,None,0,Prone,Double Arm,Alternating,Neutral,Other,No Elevation,Single Exercise,Horizontal Pull,Anti-Extension,,Sagittal Plane,,,Upper Body,Pull,Compound,Unilateral,Bodybuilding
Barbell Conventional Deadlift,Novice,Back,Latissimus Dorsi,,,Barbell,1,None,0,Standing,Double Arm,Continuous,Pronated,Other,No Elevation,Single Exercise,Hip Hinge,,,Sagittal Plane,,,Full Body,Pull,Compound,Bilateral,Powerlifting
Barbell Sumo Deadlift,Novice,Back,Latissimus Dorsi,Gluteus Maximus,Biceps Femoris,Barbell,1,None,0,Standing,Double Arm,Continuous,Pronated,Other,No Elevation,Single Exercise,Hip Hinge,,,Sagittal Plane,,,Full Body,Pull,Compound,Bilateral,Powerlifting
Barbell Rack Pull,Novice,Back,Latissimus Dorsi,,,Barbell,1,None,0,Standing,Double Arm,Continuous,Pronated,Other,No Elevation,Single Exercise,Hip Hinge,,,Sagittal Plane,,,Full Body,Pull,Compound,Bilateral,Bodybuilding
Barbell Snatch Grip Deadlift,Intermediate,Back,Latissimus Dorsi,,,Barbell,1,None,0,Standing,Double Arm,Continuous,Pronated,Other,No Elevation,Single Exercise,Hip Hinge,,,Sagittal Plane,,,Full Body,Pull,Compound,Bilateral,Bodybuilding
Barbell Pendlay Row,Novice,Back,Latissimus Dorsi,,,Barbell,1,None,0,Standing,Double Arm,Continuous,Pronated,Other,No Elevation,Single Exercise,Horizontal Pull,,,Sagittal Plane,,,Upper Body,Pull,Compound,Bilateral,Bodybuilding
Stability Ball Hyperextension,Novice,Back,Erector Spinae,,,Stability Ball,1,None,0,Prone,Double Arm,Continuous,Head Supported,No Load,No Elevation,Single Exercise,Hip Hinge,,,Sagittal Plane,,,Unsorted*,Unsorted*,Isolation,Bilateral,Unsorted*
Barbell Seated Good Morning,Intermediate,Back,Erector Spinae,,,Barbell,1,Bench (Flat),1,Seated,Double Arm,Continuous,Pronated,Other,No Elevation,Single Exercise,Hip Hinge,,,Sagittal Plane,,,Unsorted*,Unsorted*,Compound,Bilateral,Bodybuilding
Barbell Good Morning,Intermediate,Back,Erector Spinae,,,Barbell,1,None,0,Standing,Double Arm,Continuous,Pronated,Back Rack,No Elevation,Single Exercise,Hip Hinge,,,Sagittal Plane,,,Unsorted*,Unsorted*,Compound,Bilateral,Bodybuilding
Bodyweight Wall Sit,Beginner,Quadriceps,Quadriceps Femoris,Gluteus Maximus,,Bodyweight,1,None,0,Wall Sit,No Arms,Continuous,No Grip,No Load,No Elevation,Single Exercise,Isometric Hold,,,Sagittal Plane,,,Lower Body,Other,Compound,Bilateral,Unsorted*
Bodyweight Wall Slide Squat,Beginner,Quadriceps,Quadriceps Femoris,Gluteus Maximus,,Bodyweight,1,None,0,Standing,No Arms,Continuous,No Grip,No Load,No Elevation,Single Exercise,Knee Dominant,,,Sagittal Plane,,,Lower Body,Push,Compound,Bilateral,Unsorted*
Stability Ball Wall Slide Squat,Beginner,Quadriceps,Quadriceps Femoris,Gluteus Maximus,,Stability Ball,1,None,0,Standing,No Arms,Continuous,No Grip,No Load,No Elevation,Single Exercise,Knee Dominant,,,Sagittal Plane,,,Lower Body,Push,Compound,Bilateral,Unsorted*
Suspension Squat,Beginner,Quadriceps,Quadriceps Femoris,Gluteus Maximus,,Suspension Trainer,1,None,0,Standing,Double Arm,Continuous,Neutral,No Load,No Elevation,Single Exercise,Knee Dominant,,,Sagittal Plane,,,Lower Body,Push,Compound,Bilateral,Unsorted*
Suspension Alternating Reverse Lunge,Beginner,Quadriceps,Quadriceps Femoris,Gluteus Maximus,Biceps Femoris,Suspension Trainer,1,None,0,Standing,Double Arm,Continuous,Neutral,No Load,No Elevation,Single Exercise,Knee Dominant,,,Sagittal Plane,,,Lower Body,Push,Compound,Unilateral,Bodybuilding
Bodyweight Squat to Bench,Beginner,Quadriceps,Quadriceps Femoris,Gluteus Maximus,,Bodyweight,1,Bench (Flat),1,Standing,No Arms,Continuous,No Grip,No Load,No Elevation,Single Exercise,Knee Dominant,,,Sagittal Plane,,,Lower Body,Push,Compound,Bilateral,Calisthenics
Bodyweight Squat,Beginner,Quadriceps,Quadriceps Femoris,Gluteus Maximus,,Bodyweight,1,None,0,Standing,No Arms,Continuous,No Grip,No Load,No Elevation,Single Exercise,Knee Dominant,,,Sagittal Plane,,,Lower Body,Push,Compound,Bilateral,Calisthenics
Bodyweight Hand Assisted Split Squat,Beginner,Quadriceps,Quadriceps Femoris,Gluteus Maximus,,Bodyweight,1,None,0,Split Squat,Single Arm,Continuous,Hand Assisted,No Load,No Elevation,Single Exercise,Knee Dominant,,,Sagittal Plane,,,Lower Body,Push,Compound,Unilateral,Bodybuilding
Bodyweight Walking Lunge,Beginner,Quadriceps,Quadriceps Femoris,Gluteus Maximus,,Bodyweight,1,None,0,Walking,No Arms,Continuous,No Grip,No Load,No Elevation,Single Exercise,Knee Dominant,,,Sagittal Plane,,,Lower Body,Push,Compound,Unilateral,Bodybuilding
Dumbbell Goblet Squat,Beginner,Quadriceps,Quadriceps Femoris,Gluteus Maximus,,Dumbbell,1,None,0,Standing,Double Arm,Continuous,Goblet,Front Rack,No Elevation,Single Exercise,Knee Dominant,,,Sagittal Plane,,,Lower Body,Push,Compound,Bilateral,Bodybuilding
Miniband Romanian Deadlift,Beginner,Hamstrings,Biceps Femoris,Gluteus Maximus,,Miniband,1,None,0,Standing,Double Arm,Continuous,Pronated,No Load,No Elevation,Single Exercise,Hip Hinge,,,Sagittal Plane,,,Lower Body,Pull,Compound,Bilateral,Bodybuilding
Superband Resisted Skater Jump,Intermediate,Abductors,Gluteus Medius,Gluteus Maximus,,Superband,1,None,0,Single Leg Standing,No Arms,Continuous,No Grip,Other,No Elevation,Single Exercise,,,,Frontal Plane,,,Lower Body,Push,Compound,Unilateral,Plyometric
Cable Prone Single Leg Hamstring Curl,Beginner,Hamstrings,Biceps Femoris,Gluteus Maximus,,Cable,1,None,0,Prone,No Arms,Continuous,No Grip,Other,No Elevation,Single Exercise,Knee Dominant,,,Sagittal Plane,,,Lower Body,Pull,Isolation,Unilateral,Bodybuilding
Bodyweight Candlestick Roll Up Tuck Jump,Intermediate,Glutes,Gluteus Maximus,,,Bodyweight,1,None,0,Standing,No Arms,Continuous,No Grip,No Load,No Elevation,Single Exercise,,,,Sagittal Plane,,,Unsorted*,Unsorted*,Compound,Bilateral,Plyometric
Barbell Bench Press,Novice,Chest,Pectoralis Major,Triceps Brachii,Anterior Deltoids,Barbell,1,Bench (Flat),1,Supine,Double Arm,Continuous,Pronated,Above Chest,No Elevation,Single Exercise,Horizontal Push,,,Sagittal Plane,,,Upper Body,Push,Compound,Bilateral,Powerlifting
Barbell Bicep Curl,Novice,Biceps,Biceps Brachii,Brachialis,Brachioradialis,Barbell,1,None,0,Standing,Double Arm,Continuous,Supinated,Other,No Elevation,Single Exercise,Elbow Flexion,,,Sagittal Plane,,,Upper Body,Pull,Isolation,Bilateral,Bodybuilding
Barbell Block Pull Deadlift,Novice,Back,Latissimus Dorsi,,,Barbell,1,None,0,Standing,Double Arm,Continuous,Pronated,Other,No Elevation,Single Exercise,Hip Hinge,,,Sagittal Plane,,,Full Body,Pull,Compound,Bilateral,Bodybuilding
Barbell Box Back Squat,Novice,Quadriceps,Quadriceps Femoris,Gluteus Maximus,,Barbell,1,Plyo Box,1,Standing,Double Arm,Continuous,Pronated,Other,No Elevation,Single Exercise,Knee Dominant,,,Sagittal Plane,,,Lower Body,Push,Compound,Bilateral,Unsorted*
Barbell Deficit Deadlift,Intermediate,Back,Latissimus Dorsi,,,Barbell,1,None,0,Standing,Double Arm,Continuous,Pronated,Other,Feet Elevated,Single Exercise,Hip Hinge,,,Sagittal Plane,,,Full Body,Pull,Compound,Bilateral,Bodybuilding
Barbell Front Rack Squat,Intermediate,Quadriceps,Quadriceps Femoris,Gluteus Maximus,,Barbell,1,None,0,Standing,Double Arm,Continuous,Pronated,Front Rack,No Elevation,Single Exercise,Knee Dominant,,,Sagittal Plane,,,Lower Body,Push,Compound,Bilateral,Olympic Weightlifting
Barbell Glute Bridge,Novice,Glutes,Gluteus Maximus,,,Barbell,1,None,0,Bridge,Double Arm,Continuous,Pronated,Hip Crease,No Elevation,Single Exercise,Hip Extension,,,Sagittal Plane,,,Lower Body,Unsorted*,Compound,Bilateral,Bodybuilding
Barbell Halting Deadlift,Novice,Back,Latissimus Dorsi,,,Barbell,1,None,0,Standing,Double Arm,Continuous,Pronated,Other,No Elevation,Single Exercise,Hip Hinge,,,Sagittal Plane,,,Full Body,Pull,Compound,Bilateral,Bodybuilding
Barbell High Bar Back Squat,Novice,Quadriceps,Quadriceps Femoris,Gluteus Maximus,,Barbell,1,None,0,Standing,Double Arm,Continuous,Pronated,Other,No Elevation,Single Exercise,Knee Dominant,,,Sagittal Plane,,,Lower Body,Push,Compound,Bilateral,Unsorted*
Barbell Low Bar Back Squat,Intermediate,Quadriceps,Quadriceps Femoris,Gluteus Maximus,Biceps Femoris,Barbell,1,None,0,Standing,Double Arm,Continuous,Pronated,Other,No Elevation,Single Exercise,Hip Dominant,,,Sagittal Plane,,,Lower Body,Push,Compound,Bilateral,Powerlifting
Barbell Overhead Press,Novice,Shoulders,Anterior Deltoids,Triceps Brachii,,Barbell,1,None,0,Standing,Double Arm,Continuous,Pronated,Overhead,No Elevation,Single Exercise,Vertical Push,,,Sagittal Plane,,,Upper Body,Push,Compound,Bilateral,Bodybuilding
Barbell Power Clean,Expert,Glutes,Gluteus Maximus,Biceps Femoris,,Barbell,1,None,0,Standing,Double Arm,Continuous,Pronated,Front Rack,No Elevation,Single Exercise,Hip Hinge,,,Sagittal Plane,,,Full Body,Unsorted*,Compound,Bilateral,Olympic Weightlifting
Barbell Power Snatch,Expert,Glutes,Gluteus Maximus,Anterior Deltoids,,Barbell,1,None,0,Standing,Double Arm,Continuous,Pronated,Overhead,No Elevation,Single Exercise,Hip Hinge,,,Sagittal Plane,,,Full Body,Unsorted*,Compound,Bilateral,Olympic Weightlifting
Barbell Push Press,Novice,Shoulders,Anterior Deltoids,Triceps Brachii,,Barbell,1,None,0,Standing,Double Arm,Continuous,Pronated,Overhead,No Elevation,Single Exercise,Vertical Push,,,Sagittal Plane,,,Upper Body,Push,Compound,Bilateral,Unsorted*
Barbell Romanian Deadlift,Novice,Hamstrings,Biceps Femoris,Gluteus Maximus,,Barbell,1,None,0,Standing,Double Arm,Continuous,Pronated,Other,No Elevation,Single Exercise,Hip Hinge,,,Sagittal Plane,,,Lower Body,Pull,Compound,Bilateral,Bodybuilding
Barbell Bent Over Row,Novice,Back,Latissimus Dorsi,Rhomboids,Posterior Deltoids,Barbell,1,None,0,Standing,Double Arm,Continuous,Pronated,Other,No Elevation,Single Exercise,Horizontal Pull,,,Sagittal Plane,,,Upper Body,Pull,Compound,Bilateral,Bodybuilding
Barbell Back Rack Split Squat,Novice,Quadriceps,Quadriceps Femoris,Gluteus Maximus,,Barbell,1,None,0,Split Squat,Double Arm,Continuous,Pronated,Back Rack,No Elevation,Single Exercise,Knee Dominant,,,Sagittal Plane,,,Lower Body,Push,Compound,Unilateral,Bodybuilding
Barbell Stiff Legged Deadlift,Novice,Hamstrings,Biceps Femoris,Gluteus Maximus,,Barbell,1,None,0,Standing,Double Arm,Continuous,Pronated,Other,No Elevation,Single Exercise,Hip Hinge,,,Sagittal Plane,,,Lower Body,Pull,Compound,Bilateral,Bodybuilding
Barbell Sumo Back Squat,Novice,Glutes,Gluteus Maximus,Quadriceps Femoris,,Barbell,1,None,0,Standing,Double Arm,Continuous,Pronated,Back Rack,No Elevation,Single Exercise,Knee Dominant,,,Sagittal Plane,,,Lower Body,Push,Compound,Bilateral,Unsorted*
Bodyweight Pistol Squat,Advanced,Quadriceps,Quadriceps Femoris,Gluteus Maximus,,Bodyweight,1,None,0,Single Leg Standing,No Arms,Continuous,No Grip,No Load,No Elevation,Single Exercise,Knee Dominant,,,Sagittal Plane,,,Lower Body,Push,Compound,Unilateral,Calisthenics
Bodyweight Skater Squat,Intermediate,Quadriceps,Quadriceps Femoris,Gluteus Maximus,,Bodyweight,1,None,0,Single Leg Standing,No Arms,Continuous,No Grip,No Load,No Elevation,Single Exercise,Knee Dominant,,,Sagittal Plane,,,Lower Body,Push,Compound,Unilateral,Calisthenics
Cable Pull Through,Beginner,Glutes,Gluteus Maximus,,,Cable,1,None,0,Standing,Double Arm,Continuous,Neutral,Other,No Elevation,Single Exercise,Hip Hinge,,,Sagittal Plane,,,Lower Body,Unsorted*,Compound,Bilateral,Bodybuilding
Double Dumbbell Suitcase Bulgarian Split Squat,Intermediate,Quadriceps,Quadriceps Femoris,Gluteus Maximus,,Dumbbell,2,Bench (Flat),1,Single Leg Supported,Double Arm,Continuous,Neutral,Suitcase,Foot Elevated (Rear),Single Exercise,Knee Dominant,,,Sagittal Plane,,,Lower Body,Push,Compound,Unilateral,Bodybuilding
Double Dumbbell Suitcase Box Step Up,Novice,Quadriceps,Quadriceps Femoris,Gluteus Maximus,,Dumbbell,2,Plyo Box,1,Standing,Double Arm,Continuous,Neutral,Suitcase,Foot Elevated (Front),Single Exercise,Knee Dominant,,,Sagittal Plane,,,Lower Body,Push,Compound,Unilateral,Bodybuilding
Double Dumbbell Suitcase Deficit Split Squat,Novice,Quadriceps,Quadriceps Femoris,Gluteus Maximus,,Dumbbell,2,None,0,Split Squat,Double Arm,Continuous,Neutral,Suitcase,Feet Elevated,Single Exercise,Knee Dominant,,,Sagittal Plane,,,Lower Body,Push,Compound,Unilateral,Bodybuilding
Double Dumbbell Suitcase Alternating Forward Lunge,Novice,Quadriceps,Quadriceps Femoris,Gluteus Maximus,,Dumbbell,2,None,0,Standing,Double Arm,Continuous,Neutral,Suitcase,No Elevation,Single Exercise,Knee Dominant,,,Sagittal Plane,,,Lower Body,Push,Compound,Unilateral,Bodybuilding
Double Dumbbell Suitcase Alternating Reverse Lunge,Novice,Quadriceps,Quadriceps Femoris,Gluteus Maximus,Biceps Femoris,Dumbbell,2,None,0,Standing,Double Arm,Continuous,Neutral,Suitcase,No Elevation,Single Exercise,Knee Dominant,,,Sagittal Plane,,,Lower Body,Push,Compound,Unilateral,Bodybuilding
Double Dumbbell Seated Reverse Fly,Beginner,Shoulders,Posterior Deltoids,,,Dumbbell,2,Bench (Flat),1,Seated,Double Arm,Continuous,Neutral,Other,No Elevation,Single Exercise,Horizontal Pull,,,Frontal Plane,,,Upper Body,Pull,Isolation,Bilateral,Bodybuilding
Double Dumbbell Suitcase Split Squat,Novice,Quadriceps,Quadriceps Femoris,Gluteus Maximus,,Dumbbell,2,None,0,Split Squat,Double Arm,Continuous,Neutral,Suitcase,No Elevation,Single Exercise,Knee Dominant,,,Sagittal Plane,,,Lower Body,Push,Compound,Unilateral,Bodybuilding
Double Dumbbell Front Rack Alternating Box Step Up,Novice,Quadriceps,Quadriceps Femoris,Gluteus Maximus,,Dumbbell,2,Plyo Box,1,Standing,Double Arm,Continuous,Neutral,Front Rack,Foot Elevated (Front),Single Exercise,Knee Dominant,,,Sagittal Plane,,,Lower Body,Push,Compound,Unilateral,Bodybuilding
Bodyweight Face the Wall Squat,Beginner,Quadriceps,Quadriceps Femoris,Gluteus Maximus,,Bodyweight,1,None,0,Standing,No Arms,Continuous,No Grip,No Load,No Elevation,Single Exercise,Knee Dominant,,,Sagittal Plane,,,Lower Body,Push,Compound,Bilateral,Unsorted*
Bodyweight Feet Elevated Glute Bridge,Novice,Glutes,Gluteus Maximus,,,Bodyweight,1,Bench (Flat),1,Bridge,No Arms,Continuous,No Grip,No Load,Feet Elevated,Single Exercise,Hip Extension,,,Sagittal Plane,,,Lower Body,Unsorted*,Compound,Bilateral,Bodybuilding
Slider Single Arm Kettlebell Bottoms Up Front Rack Contralateral Reverse Lunge,Intermediate,Quadriceps,Quadriceps Femoris,Gluteus Maximus,Biceps Femoris,Sliders,1,Kettlebell,1,Standing,Single Arm,Continuous,Bottoms Up,Front Rack,No Elevation,Single Exercise,Knee Dominant,,,Sagittal Plane,,,Lower Body,Push,Compound,Contralateral,Bodybuilding
Slider Single Arm Kettlebell Bottoms Up Front Rack Ipsilateral Reverse Lunge,Intermediate,Quadriceps,Quadriceps Femoris,Gluteus Maximus,Biceps Femoris,Sliders,1,Kettlebell,1,Standing,Single Arm,Continuous,Bottoms Up,Front Rack,No Elevation,Single Exercise,Knee Dominant,,,Sagittal Plane,,,Lower Body,Push,Compound,Ipsilateral,Bodybuilding
Slider Single Arm Kettlebell Overhead Contralateral Reverse Lunge,Intermediate,Quadriceps,Quadriceps Femoris,Gluteus Maximus,Biceps Femoris,Sliders,1,Kettlebell,1,Standing,Single Arm,Continuous,Pronated,Overhead,No Elevation,Single Exercise,Knee Dominant,,,Sagittal Plane,,,Lower Body,Push,Compound,Contralateral,Bodybuilding
Slider Single Arm Kettlebell Overhead Ipsilateral Reverse Lunge,Intermediate,Quadriceps,Quadriceps Femoris,Gluteus Maximus,Biceps Femoris,Sliders,1,Kettlebell,1,Standing,Single Arm,Continuous,Pronated,Overhead,No Elevation,Single Exercise,Knee Dominant,,,Sagittal Plane,,,Lower Body,Push,Compound,Ipsilateral,Bodybuilding
Slider Single Arm Kettlebell Bottoms Up Overhead Contralateral Reverse Lunge,Advanced,Quadriceps,Quadriceps Femoris,Gluteus Maximus,Biceps Femoris,Sliders,1,Kettlebell,1,Standing,Single Arm,Continuous,Bottoms Up,Overhead,No Elevation,Single Exercise,Knee Dominant,,,Sagittal Plane,,,Lower Body,Push,Compound,Contralateral,Bodybuilding
Slider Single Arm Kettlebell Bottoms Up Overhead Ipsilateral Reverse Lunge,Advanced,Quadriceps,Quadriceps Femoris,Gluteus Maximus,Biceps Femoris,Sliders,1,Kettlebell,1,Standing,Single Arm,Continuous,Bottoms Up,Overhead,No Elevation,Single Exercise,Knee Dominant,,,Sagittal Plane,,,Lower Body,Push,Compound,Ipsilateral,Bodybuilding
Slider Kettlebell Goblet Reverse Lunge,Novice,Quadriceps,Quadriceps Femoris,Gluteus Maximus,Biceps Femoris,Sliders,1,Kettlebell,1,Standing,Double Arm,Continuous,Goblet,Front Rack,No Elevation,Single Exercise,Knee Dominant,,,Sagittal Plane,,,Lower Body,Push,Compound,Unilateral,Bodybuilding
Miniband Thigh Monster Walk,Beginner,Abductors,Gluteus Medius,Gluteus Minimus,Tensor Fasciae Latae,Miniband,1,None,0,Walking,No Arms,Continuous,No Grip,No Load,No Elevation,Single Exercise,Hip Abduction,,,Transverse Plane,,,Lower Body,Other,Compound,Unilateral,Bodybuilding
Bodyweight Quadruped Hip Extension,Beginner,Glutes,Gluteus Maximus,,,Bodyweight,1,None,0,Quadruped,Double Arm,Continuous,Flat Palm,No Load,No Elevation,Single Exercise,Hip Extension,,,Sagittal Plane,,,Lower Body,Unsorted*,Isolation,Unilateral,Unsorted*
Suspension Pistol Squat,Intermediate,Quadriceps,Quadriceps Femoris,Gluteus Maximus,,Suspension Trainer,1,None,0,Single Leg Standing,Double Arm,Continuous,Neutral,No Load,No Elevation,Single Exercise,Knee Dominant,,,Sagittal Plane,,,Lower Body,Push,Compound,Unilateral,Balance
Suspension Skater Squat,Novice,Quadriceps,Quadriceps Femoris,Gluteus Maximus,,Suspension Trainer,1,None,0,Single Leg Standing,Double Arm,Continuous,Neutral,No Load,No Elevation,Single Exercise,Knee Dominant,,,Sagittal Plane,,,Lower Body,Push,Compound,Unilateral,Balance
Bodyweight Tuck Jump,Novice,Quadriceps,Quadriceps Femoris,Gluteus Maximus,,Bodyweight,1,None,0,Standing,No Arms,Continuous,No Grip,No Load,No Elevation,Single Exercise,,,,Sagittal Plane,,,Lower Body,Unsorted*,Compound,Bilateral,Plyometric
Bodyweight Alternating Single Leg Wall Sit,Novice,Quadriceps,Quadriceps Femoris,Gluteus Maximus,,Bodyweight,1,None,0,Standing,No Arms,Continuous,No Grip,No Load,No Elevation,Single Exercise,Isometric Hold,,,Sagittal Plane,,,Lower Body,Other,Compound,Unilateral,Unsorted*
Bodyweight Single Leg Romanian Deadlift Jump,Intermediate,Hamstrings,Biceps Femoris,Gluteus Maximus,,Bodyweight,1,None,0,Single Leg Standing,No Arms,Continuous,No Grip,No Load,No Elevation,Single Exercise,Hip Hinge,,,Sagittal Plane,,,Lower Body,Other,Compound,Unilateral,Plyometric
Double Dumbbell Overhead Walking Lunge,Intermediate,Quadriceps,Quadriceps Femoris,Gluteus Maximus,,Dumbbell,2,None,0,Walking,Double Arm,Continuous,Neutral,Overhead,No Elevation,Single Exercise,Knee Dominant,,,Sagittal Plane,,,Lower Body,Push,Compound,Unilateral,Bodybuilding
Stability Ball Double Dumbbell Suitcase Bulgarian Split Squat,Intermediate,Quadriceps,Quadriceps Femoris,Gluteus Maximus,,Stability Ball,1,Dumbbell,2,Single Leg Supported,Double Arm,Continuous,Neutral,Suitcase,Foot Elevated (Rear),Single Exercise,Knee Dominant,,,Sagittal Plane,,,Lower Body,Push,Compound,Unilateral,Bodybuilding
Bodyweight Leg Extension,Novice,Quadriceps,Quadriceps Femoris,,,Bodyweight,1,None,0,Tall Kneeling,No Arms,Continuous,No Grip,No Load,No Elevation,Single Exercise,Knee Dominant,,,Sagittal Plane,,,Lower Body,Unsorted*,Isolation,Bilateral,Unsorted*
Bodyweight Alternating Lateral Bench Jump,Novice,Glutes,Gluteus Maximus,,,Bodyweight,1,Bench (Flat),1,Standing,No Arms,Continuous,No Grip,No Load,No Elevation,Single Exercise,,,,Frontal Plane,,,Lower Body,Unsorted*,Compound,Unilateral,Plyometric
Single Arm Dumbbell Front Rack Squat,Novice,Quadriceps,Quadriceps Femoris,Gluteus Maximus,,Dumbbell,1,None,0,Standing,Single Arm,Continuous,Neutral,Front Rack,No Elevation,Single Exercise,Knee Dominant,,,Sagittal Plane,,,Lower Body,Push,Compound,Unilateral,Bodybuilding
Bodyweight Skater Jump,Intermediate,Abductors,Gluteus Medius,Adductor Magnus,,Bodyweight,1,None,0,Single Leg Standing,No Arms,Continuous,No Grip,No Load,No Elevation,Single Exercise,,,,Frontal Plane,,,Lower Body,Push,Compound,Unilateral,Plyometric
Slider Single Arm Dumbbell Front Rack Contralateral Reverse Lunge,Novice,Quadriceps,Quadriceps Femoris,Gluteus Maximus,Biceps Femoris,Sliders,1,Dumbbell,1,Standing,Single Arm,Continuous,Neutral,Front Rack,No Elevation,Single Exercise,Knee Dominant,,,Sagittal Plane,,,Lower Body,Push,Compound,Contralateral,Bodybuilding
Cable Prone Bench Hamstring Curl,Novice,Hamstrings,Biceps Femoris,Gluteus Maximus,,Cable,1,Bench (Flat),1,Prone,No Arms,Continuous,No Grip,Other,No Elevation,Single Exercise,Knee Dominant,,,Sagittal Plane,,,Lower Body,Pull,Isolation,Bilateral,Bodybuilding
Bodyweight Bulgarian Split Squat Jump,Intermediate,Quadriceps,Quadriceps Femoris,,,Bodyweight,1,Bench (Flat),1,Single Leg Supported,No Arms,Continuous,No Grip,No Load,Foot Elevated (Rear),Single Exercise,Knee Dominant,,,Sagittal Plane,,,Lower Body,Push,Compound,Unilateral,Plyometric
Cable Standing Single Leg Hamstring Curl,Novice,Hamstrings,Biceps Femoris,Gluteus Maximus,,Cable,1,None,0,Single Leg Standing,No Arms,Continuous,Hand Assisted,Other,No Elevation,Single Exercise,Knee Dominant,,,Sagittal Plane,,,Lower Body,Pull,Isolation,Unilateral,Bodybuilding
Bodyweight Nordic Hamstring Curl,Advanced,Hamstrings,Biceps Femoris,Gluteus Maximus,,Bodyweight,1,None,0,Tall Kneeling,No Arms,Continuous,No Grip,No Load,No Elevation,Single Exercise,Knee Dominant,,,Sagittal Plane,,,Lower Body,Pull,Isolation,Bilateral,Unsorted*
Superband Assisted Pistol Squat,Intermediate,Quadriceps,Quadriceps Femoris,Gluteus Maximus,,Superband,1,None,0,Single Leg Standing,Double Arm,Continuous,Neutral,Other,No Elevation,Single Exercise,Knee Dominant,,,Sagittal Plane,,,Lower Body,Push,Compound,Unilateral,Balance
Slider Double Kettlebell Bottoms Up Front Rack Reverse Lunge,Intermediate,Quadriceps,Quadriceps Femoris,Gluteus Maximus,Biceps Femoris,Sliders,1,Kettlebell,2,Standing,Double Arm,Continuous,Bottoms Up,Front Rack,No Elevation,Single Exercise,Knee Dominant,,,Sagittal Plane,,,Lower Body,Push,Compound,Unilateral,Bodybuilding
Double Dumbbell Front Rack Squat,Novice,Quadriceps,Quadriceps Femoris,Gluteus Maximus,,Dumbbell,2,None,0,Standing,Double Arm,Continuous,Neutral,Front Rack,No Elevation,Single Exercise,Knee Dominant,,,Sagittal Plane,,,Lower Body,Push,Compound,Bilateral,Bodybuilding
Double Dumbbell Suitcase Walking Lunge,Novice,Quadriceps,Quadriceps Femoris,Gluteus Maximus,,Dumbbell,2,None,0,Walking,Double Arm,Continuous,Neutral,Suitcase,No Elevation,Single Exercise,Knee Dominant,,,Sagittal Plane,,,Lower Body,Push,Compound,Unilateral,Bodybuilding
Barbell Back Rack Walking Lunge,Intermediate,Quadriceps,Quadriceps Femoris,Gluteus Maximus,,Barbell,2,None,0,Walking,Double Arm,Continuous,Pronated,Back Rack,No Elevation,Single Exercise,Knee Dominant,,,Sagittal Plane,,,Lower Body,Push,Compound,Unilateral,Bodybuilding
Bodyweight Box Pistol Squat,Novice,Quadriceps,Quadriceps Femoris,Gluteus Maximus,,Bodyweight,1,Plyo Box,1,Single Leg Standing,No Arms,Continuous,No Grip,No Load,No Elevation,Single Exercise,Knee Dominant,,,Sagittal Plane,,,Lower Body,Push,Compound,Unilateral,Calisthenics
Barbell Overhead Squat,Intermediate,Quadriceps,Quadriceps Femoris,Gluteus Maximus,,Barbell,2,None,0,Standing,Double Arm,Continuous,Pronated,Overhead,No Elevation,Single Exercise,Knee Dominant,,,Sagittal Plane,,,Lower Body,Push,Compound,Bilateral,Unsorted*
Slider Double Kettlebell Bottoms Up Overhead Reverse Lunge,Advanced,Quadriceps,Quadriceps Femoris,Gluteus Maximus,Biceps Femoris,Sliders,1,Kettlebell,2,Standing,Double Arm,Continuous,Bottoms Up,Overhead,No Elevation,Single Exercise,Knee Dominant,,,Sagittal Plane,,,Lower Body,Push,Compound,Unilateral,Bodybuilding
Landmine Goblet Squat,Novice,Quadriceps,Quadriceps Femoris,Gluteus Maximus,,Landmine,1,None,0,Standing,Double Arm,Continuous,Goblet,Front Rack,No Elevation,Single Exercise,Knee Dominant,,,Sagittal Plane,,,Lower Body,Push,Compound,Bilateral,Bodybuilding
Stability Ball Hamstring Curl,Novice,Hamstrings,Biceps Femoris,Gluteus Maximus,,Stability Ball,1,None,0,Supine,No Arms,Continuous,No Grip,Other,Feet Elevated,Single Exercise,Knee Dominant,,,Sagittal Plane,,,Lower Body,Pull,Isolation,Bilateral,Unsorted*
Slider Hamstring Curl,Novice,Hamstrings,Biceps Femoris,Gluteus Maximus,,Sliders,2,None,0,Supine,No Arms,Continuous,No Grip,No Load,No Elevation,Single Exercise,Knee Dominant,,,Sagittal Plane,,,Lower Body,Pull,Isolation,Bilateral,Unsorted*
Bodyweight Hamstring Walkout,Novice,Hamstrings,Biceps Femoris,Gluteus Maximus,,Bodyweight,1,None,0,Bridge,No Arms,Continuous,No Grip,No Load,No Elevation,Single Exercise,Knee Dominant,,,Sagittal Plane,,,Lower Body,Unsorted*,Compound,Unilateral,Unsorted*
Slider Dumbbell Goblet Reverse Lunge,Novice,Quadriceps,Quadriceps Femoris,Gluteus Maximus,Biceps Femoris,Sliders,1,Dumbbell,1,Standing,Double Arm,Continuous,Goblet,Front Rack,No Elevation,Single Exercise,Knee Dominant,,,Sagittal Plane,,,Lower Body,Push,Compound,Unilateral,Bodybuilding
Bodyweight Dragon Squat,Expert,Quadriceps,Quadriceps Femoris,Gluteus Maximus,,Bodyweight,1,None,0,Single Leg Standing,No Arms,Continuous,No Grip,No Load,No Elevation,Single Exercise,Knee Dominant,,,Frontal Plane,,,Lower Body,Push,Compound,Unilateral,Calisthenics
Single Arm Dumbbell Front Rack Ipsilateral Cossack Squat to Overhead Press,Intermediate,Shoulders,Anterior Deltoids,Quadriceps Femoris,Adductor Magnus,Dumbbell,1,None,0,Standing,Single Arm,Continuous,Neutral,Overhead,No Elevation,Combo Exercise,Knee Dominant,Vertical Push,,Frontal Plane,Sagittal Plane,,Full Body,Push,Compound,Ipsilateral,Bodybuilding
Stability Ball Single Leg Hamstring Curl,Intermediate,Hamstrings,Biceps Femoris,Gluteus Maximus,,Stability Ball,1,None,0,Supine,No Arms,Continuous,No Grip,No Load,Foot Elevated,Single Exercise,Knee Dominant,,,Sagittal Plane,,,Lower Body,Pull,Isolation,Unilateral,Unsorted*
Barbell Single Leg Romanian Deadlift,Intermediate,Hamstrings,Biceps Femoris,Gluteus Maximus,,Barbell,1,None,0,Single Leg Standing,Double Arm,Continuous,Pronated,Other,No Elevation,Single Exercise,Hip Hinge,,,Sagittal Plane,,,Lower Body,Pull,Compound,Unilateral,Bodybuilding
Double Dumbbell Suitcase Lateral Lunge,Novice,Quadriceps,Quadriceps Femoris,Gluteus Maximus,,Dumbbell,2,None,0,Standing,Double Arm,Continuous,Neutral,Suitcase,No Elevation,Single Exercise,Knee Dominant,,,Frontal Plane,,,Lower Body,Unsorted*,Compound,Unilateral,Unsorted*
Barbell Zombie Walking Lunge,Advanced,Quadriceps,Quadriceps Femoris,Gluteus Maximus,,Barbell,1,None,0,Walking,Double Arm,Continuous,No Grip,Front Rack,No Elevation,Single Exercise,Knee Dominant,,,Sagittal Plane,,,Lower Body,Push,Compound,Unilateral,Bodybuilding
Barbell Overhead Walking Lunge,Expert,Quadriceps,Quadriceps Femoris,Gluteus Maximus,,Barbell,1,None,0,Walking,Double Arm,Continuous,Pronated,Overhead,No Elevation,Single Exercise,Knee Dominant,,,Sagittal Plane,,,Lower Body,Push,Compound,Unilateral,Bodybuilding
Barbell Squat Clean,Expert,Quadriceps,Quadriceps Femoris,Gluteus Maximus,,Barbell,1,None,0,Standing,Double Arm,Continuous,Pronated,Front Rack,No Elevation,Single Exercise,Knee Dominant,Hip Hinge,,Sagittal Plane,,,Full Body,Unsorted*,Compound,Bilateral,Olympic Weightlifting
Single Arm Landmine Split Clean to Split Jerk,Expert,Shoulders,Anterior Deltoids,Triceps Brachii,,Landmine,1,None,0,Staggered Stance,Single Arm,Continuous,Pronated,Overhead,No Elevation,Combo Exercise,Vertical Push,Knee Dominant,,Sagittal Plane,,,Full Body,Unsorted*,Compound,Unilateral,Unsorted*
Single Arm Landmine Hack Squat,Intermediate,Quadriceps,Quadriceps Femoris,Gluteus Maximus,,Landmine,1,None,0,Standing,Single Arm,Continuous,Neutral,Shoulder,No Elevation,Single Exercise,Knee Dominant,,,Sagittal Plane,,,Lower Body,Push,Compound,Unilateral,Bodybuilding
Single Arm Landmine Shoulder Press,Intermediate,Shoulders,Anterior Deltoids,,,Landmine,1,None,0,Standing,Single Arm,Continuous,Neutral,Overhead,No Elevation,Single Exercise,Vertical Push,,,Sagittal Plane,,,Upper Body,Push,Compound,Unilateral,Unsorted*
Alternating Single Arm Landmine Shoulder Press,Intermediate,Shoulders,Anterior Deltoids,,,Landmine,1,None,0,Standing,Single Arm,Alternating,Neutral,Overhead,No Elevation,Single Exercise,Vertical Push,,,Sagittal Plane,,,Upper Body,Push,Compound,Unilateral,Unsorted*
Single Arm Landmine Half Kneeling Shoulder Press,Intermediate,Shoulders,Anterior Deltoids,,,Landmine,1,None,0,Half Kneeling,Single Arm,Continuous,Neutral,Overhead,No Elevation,Single Exercise,Vertical Push,,,Sagittal Plane,,,Upper Body,Push,Compound,Unilateral,Unsorted*
Single Arm Landmine Tall Kneeling Shoulder Press,Intermediate,Shoulders,Anterior Deltoids,,,Landmine,1,None,0,Tall Kneeling,Single Arm,Continuous,Neutral,Overhead,No Elevation,Single Exercise,Vertical Push,,,Sagittal Plane,,,Upper Body,Push,Compound,Unilateral,Unsorted*
Single Arm Landmine Meadows Row,Novice,Back,Latissimus Dorsi,,,Landmine,1,None,0,Standing,Single Arm,Continuous,Pronated,Other,No Elevation,Single Exercise,Horizontal Pull,,,Sagittal Plane,,,Upper Body,Pull,Compound,Unilateral,Bodybuilding
Single Arm Landmine Z Press,Intermediate,Shoulders,Anterior Deltoids,,,Landmine,1,None,0,Seated Floor,Single Arm,Continuous,Neutral,Overhead,No Elevation,Single Exercise,Vertical Push,,,Sagittal Plane,,,Upper Body,Push,Compound,Unilateral,Bodybuilding
Barbell Z Press,Intermediate,Shoulders,Anterior Deltoids,Triceps Brachii,,Barbell,1,None,0,Seated Floor,Double Arm,Continuous,Pronated,Overhead,No Elevation,Single Exercise,Vertical Push,,,Sagittal Plane,,,Upper Body,Push,Compound,Bilateral,Bodybuilding
Landmine Half Kneeling Oblique Twist,Intermediate,Abdominals,Obliques,,,Landmine,1,None,0,Half Kneeling,Double Arm,Continuous,Neutral,Other,No Elevation,Single Exercise,Rotational,,,Transverse Plane,,,Midsection,Other,Compound,Bilateral,Unsorted*
Cable Straight Bar Seated Bicep Curl,Novice,Biceps,Biceps Brachii,Brachialis,Brachioradialis,Cable,1,Bench (Flat),1,Seated,Double Arm,Continuous,Supinated,Other,No Elevation,Single Exercise,Elbow Flexion,,,Sagittal Plane,,,Upper Body,Pull,Isolation,Bilateral,Bodybuilding
Single Arm Dumbbell Seated Concentration Curl,Beginner,Biceps,Biceps Brachii,Brachialis,Brachioradialis,Dumbbell,1,Bench (Flat),1,Seated,Single Arm,Continuous,Supinated,Other,No Elevation,Single Exercise,Elbow Flexion,,,Sagittal Plane,,,Upper Body,Pull,Isolation,Unilateral,Bodybuilding
Alternating Double Dumbbell Seated Bicep Curl,Beginner,Biceps,Biceps Brachii,Brachialis,Brachioradialis,Dumbbell,2,Bench (Flat),1,Seated,Double Arm,Alternating,Supinated,Other,No Elevation,Single Exercise,Elbow Flexion,,,Sagittal Plane,,,Upper Body,Pull,Isolation,Unilateral,Bodybuilding
Single Arm Suspension Bicep Curl,Intermediate,Biceps,Biceps Brachii,Brachialis,Brachioradialis,Suspension Trainer,1,None,0,Standing,Single Arm,Continuous,Supinated,No Load,No Elevation,Single Exercise,Elbow Flexion,,,Sagittal Plane,,,Upper Body,Pull,Isolation,Unilateral,Unsorted*
Stability Ball Single Arm Plank,Expert,Abdominals,Rectus Abdominis,,,Stability Ball,1,None,0,Prone,Single Arm,Continuous,Forearm,No Load,No Elevation,Single Exercise,Anti-Rotational,Anti-Extension,,Sagittal Plane,,,Midsection,Other,Compound,Unilateral,Unsorted*
Stability Ball Feet Elevated Single Arm Plank,Expert,Abdominals,Rectus Abdominis,,,Stability Ball,1,None,0,Prone,Single Arm,Continuous,Forearm,No Load,Feet Elevated,Single Exercise,Anti-Rotational,Anti-Extension,,Sagittal Plane,,,Midsection,Other,Compound,Unilateral,Unsorted*
Landmine Zercher Skater Squat,Intermediate,Quadriceps,Quadriceps Femoris,Gluteus Maximus,,Landmine,1,None,0,Single Leg Standing,Double Arm,Continuous,No Grip,Zercher,No Elevation,Single Exercise,Knee Dominant,,,Sagittal Plane,,,Lower Body,Push,Compound,Unilateral,Balance
Single Arm Landmine Front Rack Contralateral Reverse Lunge to Shoulder Press,Intermediate,Shoulders,Anterior Deltoids,Triceps Brachii,,Landmine,1,None,0,Standing,Single Arm,Continuous,Neutral,Overhead,No Elevation,Combo Exercise,Knee Dominant,Vertical Push,,Sagittal Plane,,,Full Body,Push,Compound,Contralateral,Unsorted*
Landmine Thruster,Novice,Shoulders,Anterior Deltoids,Quadriceps Femoris,,Landmine,1,None,0,Standing,Double Arm,Continuous,Neutral,Overhead,No Elevation,Single Exercise,Vertical Push,Knee Dominant,,Sagittal Plane,,,Full Body,Push,Compound,Bilateral,Bodybuilding
Landmine Romanian Deadlift,Novice,Hamstrings,Biceps Femoris,Gluteus Maximus,,Landmine,1,None,0,Standing,Double Arm,Continuous,Neutral,Other,No Elevation,Single Exercise,Hip Hinge,,,Sagittal Plane,,,Lower Body,Unsorted*,Compound,Bilateral,Bodybuilding
Landmine Single Leg Romanian Deadlift,Intermediate,Hamstrings,Biceps Femoris,Gluteus Maximus,,Landmine,1,None,0,Single Leg Standing,Single Arm,Continuous,Pronated,Other,No Elevation,Single Exercise,Hip Hinge,,,Sagittal Plane,,,Lower Body,Unsorted*,Compound,Unilateral,Bodybuilding
Landmine Tall Kneeling Oblique Twist,Intermediate,Abdominals,Obliques,Rectus Abdominis,,Landmine,1,None,0,Tall Kneeling,Double Arm,Continuous,Neutral,Other,No Elevation,Single Exercise,Rotational,,,Transverse Plane,,,Midsection,Other,Compound,Bilateral,Unsorted*
Landmine Feet Elevated Russian Twist,Intermediate,Abdominals,Obliques,Rectus Abdominis,,Landmine,1,None,0,Seated Floor,Double Arm,Continuous,Neutral,Other,No Elevation,Single Exercise,Rotational,,,Transverse Plane,,,Midsection,Other,Compound,Bilateral,Unsorted*
Single Arm Landmine Thruster,Intermediate,Shoulders,Anterior Deltoids,Quadriceps Femoris,,Landmine,1,None,0,Standing,Single Arm,Continuous,Neutral,Overhead,No Elevation,Single Exercise,Vertical Push,Knee Dominant,,Sagittal Plane,,,Full Body,Push,Compound,Unilateral,Bodybuilding
Cable Tall Kneeling Overhead Tricep Extension,Novice,Triceps,Triceps Brachii,,,Cable,1,None,0,Tall Kneeling,Double Arm,Continuous,Neutral,Overhead,No Elevation,Single Exercise,Elbow Extension,,,Sagittal Plane,,,Upper Body,Push,Isolation,Bilateral,Bodybuilding
Cable Rope Bench Skull Crusher,Novice,Triceps,Triceps Brachii,,,Cable,1,Bench (Flat),1,Supine,Double Arm,Continuous,Neutral,Other,No Elevation,Single Exercise,Elbow Extension,,,Sagittal Plane,,,Upper Body,Push,Isolation,Bilateral,Bodybuilding
Barbell Power Clean to Overhead Press,Expert,Shoulders,Anterior Deltoids,Triceps Brachii,,Barbell,1,None,0,Standing,Double Arm,Continuous,Pronated,Overhead,No Elevation,Combo Exercise,Hip Hinge,Vertical Push,,Sagittal Plane,,,Full Body,Push & Pull,Compound,Bilateral,Olympic Weightlifting
Single Arm Dumbbell Seated Cuban Press,Novice,Shoulders,Posterior Deltoids,Infraspinatus,Teres Minor,Dumbbell,1,Bench (Flat),1,Seated,Single Arm,Continuous,Pronated,Overhead,No Elevation,Single Exercise,Shoulder External Rotation,,,Transverse Plane,,,Upper Body,Push & Pull,Compound,Unilateral,Unsorted*
Landmine Zercher Curtsy Lunge,Intermediate,Quadriceps,Quadriceps Femoris,Gluteus Maximus,,Landmine,1,None,0,Standing,Double Arm,Continuous,No Grip,Zercher,No Elevation,Single Exercise,Knee Dominant,,,Frontal Plane,,,Lower Body,Push,Compound,Unilateral,Bodybuilding
Barbell Back Rack Alternating Cossack Squat,Intermediate,Quadriceps,Quadriceps Femoris,Adductor Magnus,Gluteus Maximus,Barbell,1,None,0,Standing,Double Arm,Continuous,Pronated,Back Rack,No Elevation,Single Exercise,Knee Dominant,,,Frontal Plane,,,Lower Body,Push,Compound,Unilateral,Bodybuilding
Barbell Front Rack Alternating Cossack Squat,Intermediate,Quadriceps,Quadriceps Femoris,Adductor Magnus,Gluteus Maximus,Barbell,1,None,0,Standing,Double Arm,Continuous,Pronated,Front Rack,No Elevation,Single Exercise,Knee Dominant,,,Frontal Plane,,,Lower Body,Push,Compound,Unilateral,Bodybuilding
Slider Double Kettlebell Overhead Lateral Lunge,Intermediate,Adductors,Adductor Magnus,,,Sliders,1,Kettlebell,2,Standing,Double Arm,Continuous,Pronated,Overhead,No Elevation,Single Exercise,Hip Adduction,,,Frontal Plane,,,Lower Body,Other,Compound,Unilateral,Bodybuilding
Dumbbell Goblet Alternating Cossack Squat,Novice,Quadriceps,Quadriceps Femoris,Adductor Magnus,Gluteus Maximus,Dumbbell,1,None,0,Standing,Double Arm,Continuous,Goblet,Front Rack,No Elevation,Single Exercise,Knee Dominant,,,Frontal Plane,,,Lower Body,Push,Compound,Unilateral,Bodybuilding
Bodyweight Alternating Cossack Squat,Beginner,Quadriceps,Quadriceps Femoris,Adductor Magnus,Gluteus Maximus,Bodyweight,1,None,0,Standing,No Arms,Continuous,No Grip,No Load,No Elevation,Single Exercise,Knee Dominant,,,Frontal Plane,,,Lower Body,Push,Compound,Unilateral,Bodybuilding
Bodyweight Knee Over Toe Split Squat,Beginner,Quadriceps,Quadriceps Femoris,Gluteus Maximus,,Bodyweight,1,None,0,Knee Over Toe Split Squat,No Arms,Continuous,No Grip,No Load,No Elevation,Single Exercise,Knee Dominant,,,Sagittal Plane,,,Lower Body,Push,Compound,Unilateral,Bodybuilding
Barbell Back Rack Knee Over Toe Split Squat,Intermediate,Quadriceps,Quadriceps Femoris,Gluteus Maximus,,Barbell,1,None,0,Knee Over Toe Split Squat,Double Arm,Continuous,Pronated,Back Rack,No Elevation,Single Exercise,Knee Dominant,,,Sagittal Plane,,,Lower Body,Push,Compound,Unilateral,Bodybuilding
Barbell Front Rack Knee Over Toe Split Squat,Intermediate,Quadriceps,Quadriceps Femoris,Gluteus Maximus,,Barbell,1,None,0,Knee Over Toe Split Squat,Double Arm,Continuous,Pronated,Front Rack,No Elevation,Single Exercise,Knee Dominant,,,Sagittal Plane,,,Lower Body,Push,Compound,Unilateral,Bodybuilding
Barbell Overhead Knee Over Toe Split Squat,Advanced,Quadriceps,Quadriceps Femoris,Gluteus Maximus,,Barbell,1,None,0,Knee Over Toe Split Squat,Double Arm,Continuous,Pronated,Overhead,No Elevation,Single Exercise,Knee Dominant,,,Sagittal Plane,,,Lower Body,Push,Compound,Unilateral,Bodybuilding
Single Arm Barbell Overhead Press,Expert,Shoulders,Anterior Deltoids,Triceps Brachii,,Barbell,1,None,0,Standing,Single Arm,Continuous,Pronated,Overhead,No Elevation,Single Exercise,Vertical Push,,,Sagittal Plane,,,Upper Body,Push,Compound,Unilateral,Bodybuilding
Barbell Single Leg Bent Knee Bicep Curl,Advanced,Biceps,Biceps Brachii,Brachialis,Brachioradialis,Barbell,1,None,0,Single Leg Standing,Double Arm,Continuous,Supinated,Other,No Elevation,Single Exercise,Elbow Flexion,,,Sagittal Plane,,,Upper Body,Pull,Isolation,Unilateral,Bodybuilding
Slider Knee Tuck,Novice,Abdominals,Rectus Abdominis,,,Sliders,2,None,0,Prone,Double Arm,Continuous,Flat Palm,No Load,No Elevation,Single Exercise,Spinal Flexion,,,Sagittal Plane,,,Midsection,Other,Compound,Bilateral,Unsorted*
Bodyweight Wall Facing Handstand,Novice,Shoulders,Anterior Deltoids,Triceps Brachii,,Bodyweight,1,None,0,Inverted,Double Arm,Continuous,Flat Palm,No Load,No Elevation,Single Exercise,Isometric Hold,,,Sagittal Plane,,,Upper Body,Other,Compound,Bilateral,Calisthenics
Bodyweight Freestanding Handstand,Advanced,Shoulders,Anterior Deltoids,Triceps Brachii,,Bodyweight,1,None,0,Inverted,Double Arm,Continuous,Flat Palm,No Load,No Elevation,Single Exercise,Isometric Hold,,,Sagittal Plane,,,Upper Body,Other,Compound,Bilateral,Calisthenics
Suspension Atomic Push Up,Intermediate,Chest,Pectoralis Major,Rectus Abdominis,,Suspension Trainer,1,None,0,Prone,Double Arm,Continuous,Flat Palm,No Load,Feet Elevated,Single Exercise,Horizontal Push,,,Sagittal Plane,,,Upper Body,Push,Compound,Bilateral,Unsorted*
Suspension Pike,Intermediate,Abdominals,Rectus Abdominis,,,Suspension Trainer,1,None,0,Prone,Double Arm,Continuous,Flat Palm,No Load,Feet Elevated,Single Exercise,Spinal Flexion,,,Sagittal Plane,,,Midsection,Other,Compound,Bilateral,Unsorted*
Suspension Side Plank Reach Through,Advanced,Abdominals,Obliques,Rectus Abdominis,,Suspension Trainer,1,None,0,Side Plank,Single Arm,Continuous,Flat Palm,No Load,No Elevation,Single Exercise,Anti-Lateral Flexion,Spinal Rotational,,Transverse Plane,,,Midsection,Other,Compound,Unilateral,Unsorted*
Bodyweight Cocoon Crunch,Intermediate,Abdominals,Rectus Abdominis,,,Bodyweight,1,None,0,Supine,Double Arm,Continuous,No Grip,No Load,No Elevation,Single Exercise,Spinal Flexion,,,Sagittal Plane,,,Midsection,Other,Compound,Bilateral,Unsorted*
Ab Wheel Standing Rollout,Expert,Abdominals,Rectus Abdominis,,,Ab Wheel,1,None,0,Standing,Double Arm,Continuous,Pronated,Other,No Elevation,Single Exercise,Anti-Extension,,,Sagittal Plane,,,Midsection,Other,Compound,Bilateral,Unsorted*
Cable Fire Hydrant,Novice,Glutes,Gluteus Maximus,Gluteus Medius,Gluteus Minimus,Cable,1,None,0,Quadruped,No Arms,Continuous,Flat Palm,Other,No Elevation,Single Exercise,Hip External Rotation,,,Transverse Plane,,,Lower Body,Other,Isolation,Unilateral,Bodybuilding
Cable Tall Kneeling Pull Through,Novice,Glutes,Gluteus Maximus,,,Cable,1,None,0,Tall Kneeling,Double Arm,Continuous,Neutral,Other,No Elevation,Single Exercise,Hip Hinge,,,Sagittal Plane,,,Lower Body,Unsorted*,Compound,Bilateral,Bodybuilding
Stability Ball Bent Knee Reverse Hyperextension,Novice,Glutes,Gluteus Maximus,,,Stability Ball,1,None,0,Prone,Double Arm,Continuous,Flat Palm,No Load,No Elevation,Single Exercise,Hip Extension,,,Sagittal Plane,,,Lower Body,Unsorted*,Isolation,Bilateral,Bodybuilding
Bodyweight Bench Bent Knee Reverse Hyperextension,Novice,Glutes,Gluteus Maximus,,,Bodyweight,1,Bench (Flat),1,Prone,Double Arm,Continuous,Neutral,No Load,No Elevation,Single Exercise,Hip Extension,,,Sagittal Plane,,,Lower Body,Unsorted*,Isolation,Bilateral,Bodybuilding
Parallette Tuck L Sit,Intermediate,Abdominals,Rectus Abdominis,,,Parallette Bars,2,None,0,Tuck L Sit,Double Arm,Continuous,Neutral,No Load,No Elevation,Single Exercise,Isometric Hold,,,Sagittal Plane,,,Midsection,Other,Compound,Bilateral,Calisthenics
Parallette Close Grip Push Up,Novice,Triceps,Triceps Brachii,Pectoralis Major,,Parallette Bars,1,None,0,Prone,Double Arm,Continuous,Pronated,No Load,No Elevation,Single Exercise,Horizontal Push,,,Sagittal Plane,,,Upper Body,Push,Compound,Bilateral,Calisthenics
Parallette Feet Elevated Close Grip Push Up,Intermediate,Chest,Triceps Brachii,Pectoralis Major,,Parallette Bars,1,Bench (Flat),1,Prone,Double Arm,Continuous,Pronated,No Load,Feet Elevated,Single Exercise,Horizontal Push,,,Sagittal Plane,,,Upper Body,Push,Compound,Bilateral,Calisthenics
Parallette Single Leg L Sit,Intermediate,Abdominals,Rectus Abdominis,,,Parallette Bars,2,None,0,L Sit,Double Arm,Continuous,Neutral,No Load,No Elevation,Single Exercise,Isometric Hold,,,Sagittal Plane,,,Midsection,Other,Compound,Unilateral,Calisthenics
Stability Ball Bottoms Up,Intermediate,Abdominals,Rectus Abdominis,,,Stability Ball,1,None,0,Supine,No Arms,Continuous,No Grip,Other,No Elevation,Single Exercise,Hip Flexion,,,Sagittal Plane,,,Midsection,Other,Compound,Bilateral,Unsorted*
Stability Ball Windshield Wiper,Novice,Abdominals,Obliques,Rectus Abdominis,,Stability Ball,1,None,0,Supine,No Arms,Continuous,No Grip,No Load,No Elevation,Single Exercise,Rotational,,,Transverse Plane,,,Midsection,Other,Compound,Bilateral,Unsorted*
Stability Ball Tall Kneeling Balance,Intermediate,Abdominals,Rectus Abdominis,,,Stability Ball,1,None,0,Tall Kneeling,No Arms,Continuous,No Grip,No Load,No Elevation,Single Exercise,Isometric Hold,,,Sagittal Plane,,,Midsection,Other,Compound,Bilateral,Balance
Stability Ball Oblique Crunch,Beginner,Abdominals,Obliques,,,Stability Ball,1,None,0,Supine,No Arms,Continuous,Head Supported,No Load,No Elevation,Single Exercise,Rotational,Spinal Flexion,,Transverse Plane,,,Midsection,Other,Compound,Bilateral,Unsorted*
Stability Ball Elbow Plank,Novice,Abdominals,Rectus Abdominis,,,Stability Ball,1,None,0,Prone,Double Arm,Continuous,Forearm,Other,No Elevation,Single Exercise,Anti-Extension,,,Frontal Plane,,,Midsection,Other,Compound,Bilateral,Unsorted*
Slider Double Kettlebell Suitcase Lateral Lunge,Novice,Adductors,Adductor Magnus,,,Sliders,1,Kettlebell,2,Standing,Double Arm,Continuous,Neutral,Suitcase,No Elevation,Single Exercise,Hip Adduction,,,Frontal Plane,,,Lower Body,Other,Compound,Unilateral,Bodybuilding
Slider Kettlebell Horn Grip Lateral Lunge,Novice,Adductors,Adductor Magnus,,,Sliders,1,Kettlebell,1,Standing,Double Arm,Continuous,Horn Grip,Front Rack,No Elevation,Single Exercise,Hip Adduction,,,Frontal Plane,,,Lower Body,Other,Compound,Unilateral,Bodybuilding
Single Arm Dumbbell Turkish Sit Up,Intermediate,Abdominals,Rectus Abdominis,,,Dumbbell,1,None,0,Supine,Single Arm,Continuous,Pronated,Overhead,No Elevation,Single Exercise,Spinal Flexion,,,Sagittal Plane,,,Midsection,Other,Compound,Unilateral,Unsorted*
Single Arm Landmine Turkish Sit Up,Intermediate,Abdominals,Rectus Abdominis,,,Landmine,1,None,0,Supine,Single Arm,Continuous,Neutral,Overhead,No Elevation,Single Exercise,Spinal Flexion,,,Sagittal Plane,,,Midsection,Other,Compound,Unilateral,Unsorted*
Double Kettlebell Front Rack Cyclist Squat,Novice,Quadriceps,Quadriceps Femoris,Gluteus Maximus,,Kettlebell,2,Slant Board,1,Standing,Double Arm,Continuous,Neutral,Front Rack,Heels Elevated,Single Exercise,Knee Dominant,,,Sagittal Plane,,,Lower Body,Push,Compound,Bilateral,Bodybuilding
Double Dumbbell Turkish Sit Up,Intermediate,Abdominals,Rectus Abdominis,,,Dumbbell,2,None,0,Supine,Double Arm,Continuous,Pronated,Overhead,No Elevation,Single Exercise,Spinal Flexion,,,Sagittal Plane,,,Midsection,Other,Compound,Bilateral,Unsorted*
Single Arm Kettlebell Front Rack Cyclist Squat,Novice,Quadriceps,Quadriceps Femoris,Gluteus Maximus,,Kettlebell,1,Slant Board,1,Standing,Single Arm,Continuous,Neutral,Front Rack,Heels Elevated,Single Exercise,Knee Dominant,,,Sagittal Plane,,,Lower Body,Push,Compound,Unilateral,Bodybuilding
Single Arm Kettlebell Overhead Cyclist Squat,Intermediate,Quadriceps,Quadriceps Femoris,Gluteus Maximus,,Kettlebell,1,Slant Board,1,Standing,Single Arm,Continuous,Pronated,Overhead,Heels Elevated,Single Exercise,Knee Dominant,,,Sagittal Plane,,,Lower Body,Push,Compound,Unilateral,Bodybuilding
Double Dumbbell Front Rack Alternating Cossack Squat,Novice,Quadriceps,Quadriceps Femoris,Adductor Magnus,Gluteus Maximus,Dumbbell,2,None,0,Standing,Double Arm,Continuous,Neutral,Front Rack,No Elevation,Single Exercise,Knee Dominant,,,Frontal Plane,,,Lower Body,Push,Compound,Unilateral,Bodybuilding
Kettlebell Horn Grip Cyclist Squat,Novice,Quadriceps,Quadriceps Femoris,Gluteus Maximus,,Kettlebell,1,Slant Board,1,Standing,Double Arm,Continuous,Horn Grip,Front Rack,Heels Elevated,Single Exercise,Knee Dominant,,,Sagittal Plane,,,Lower Body,Push,Compound,Bilateral,Bodybuilding
Kettlebell Bottoms Up Horn Grip Cyclist Squat,Novice,Quadriceps,Quadriceps Femoris,Gluteus Maximus,,Kettlebell,1,Slant Board,1,Standing,Double Arm,Continuous,Bottoms Up Horn Grip,Front Rack,Heels Elevated,Single Exercise,Knee Dominant,,,Sagittal Plane,,,Lower Body,Push,Compound,Bilateral,Bodybuilding
Single Arm Kettlebell Bottoms Up Front Rack Cyclist Squat,Intermediate,Quadriceps,Quadriceps Femoris,Gluteus Maximus,,Kettlebell,1,Slant Board,1,Standing,Single Arm,Continuous,Bottoms Up,Front Rack,Heels Elevated,Single Exercise,Knee Dominant,,,Sagittal Plane,,,Lower Body,Push,Compound,Unilateral,Bodybuilding
Double Kettlebell Overhead Cyclist Squat,Intermediate,Quadriceps,Quadriceps Femoris,Gluteus Maximus,,Kettlebell,2,Slant Board,1,Standing,Double Arm,Continuous,Pronated,Overhead,Heels Elevated,Single Exercise,Knee Dominant,,,Sagittal Plane,,,Lower Body,Push,Compound,Bilateral,Bodybuilding
Double Kettlebell Bottoms Up Overhead Cyclist Squat,Advanced,Quadriceps,Quadriceps Femoris,Gluteus Maximus,,Kettlebell,2,Slant Board,1,Standing,Double Arm,Continuous,Bottoms Up,Overhead,Heels Elevated,Single Exercise,Knee Dominant,,,Sagittal Plane,,,Lower Body,Push,Compound,Bilateral,Bodybuilding
Double Kettlebell Bottoms Up Front Rack Cyclist Squat,Intermediate,Quadriceps,Quadriceps Femoris,Gluteus Maximus,,Kettlebell,2,Slant Board,1,Standing,Double Arm,Continuous,Bottoms Up,Front Rack,Heels Elevated,Single Exercise,Knee Dominant,,,Sagittal Plane,,,Lower Body,Push,Compound,Bilateral,Bodybuilding
Single Arm Kettlebell Bottoms Up Overhead Cyclist Squat,Advanced,Quadriceps,Quadriceps Femoris,Gluteus Maximus,,Kettlebell,1,Slant Board,1,Standing,Single Arm,Continuous,Bottoms Up,Overhead,Heels Elevated,Single Exercise,Knee Dominant,,,Sagittal Plane,,,Lower Body,Push,Compound,Unilateral,Bodybuilding
Bodyweight Archer Push Up,Intermediate,Chest,Pectoralis Major,,,Bodyweight,1,None,0,Prone,Double Arm,Alternating,Flat Palm,No Load,No Elevation,Single Exercise,Horizontal Push,,,Frontal Plane,,,Upper Body,Push,Compound,Unilateral,Calisthenics
Parallette Archer Push Up,Intermediate,Chest,Pectoralis Major,,,Parallette Bars,2,None,0,Prone,Double Arm,Alternating,Neutral,No Load,No Elevation,Single Exercise,Horizontal Push,,,Frontal Plane,,,Upper Body,Push,Compound,Unilateral,Calisthenics
Parallette Wide Push Up,Novice,Chest,Pectoralis Major,,,Parallette Bars,2,None,0,Prone,Double Arm,Continuous,Neutral,No Load,No Elevation,Single Exercise,Horizontal Push,,,Sagittal Plane,,,Upper Body,Push,Compound,Bilateral,Calisthenics
Double Dumbbell Suitcase Knee Over Toe Split Squat,Novice,Quadriceps,Quadriceps Femoris,Gluteus Maximus,,Dumbbell,2,None,0,Knee Over Toe Split Squat,Double Arm,Continuous,Neutral,Suitcase,No Elevation,Single Exercise,Knee Dominant,,,Sagittal Plane,,,Lower Body,Push,Compound,Unilateral,Bodybuilding
Alternating Double Dumbbell Front Raise,Beginner,Shoulders,Anterior Deltoids,Pectoralis Major,Biceps Brachii,Dumbbell,2,None,0,Standing,Double Arm,Alternating,Pronated,Other,No Elevation,Single Exercise,Shoulder Flexion,,,Sagittal Plane,,,Upper Body,Push,Isolation,Unilateral,Bodybuilding
Barbell Front Raise,Novice,Shoulders,Anterior Deltoids,Pectoralis Major,Biceps Brachii,Barbell,1,None,0,Standing,Double Arm,Continuous,Pronated,Other,No Elevation,Single Exercise,Shoulder Flexion,,,Sagittal Plane,,,Upper Body,Push,Isolation,Bilateral,Bodybuilding
Single Arm Cable Front Raise,Novice,Shoulders,Anterior Deltoids,Pectoralis Major,Biceps Brachii,Cable,1,None,0,Standing,Single Arm,Continuous,Pronated,Other,No Elevation,Single Exercise,Shoulder Flexion,,,Sagittal Plane,,,Upper Body,Push,Isolation,Unilateral,Bodybuilding
Cable Straight Bar Front Raise,Novice,Shoulders,Anterior Deltoids,Pectoralis Major,Biceps Brachii,Cable,1,None,0,Standing,Double Arm,Continuous,Pronated,Other,No Elevation,Single Exercise,Shoulder Flexion,,,Sagittal Plane,,,Upper Body,Push,Isolation,Bilateral,Bodybuilding
Cable Half Kneeling Pallof Press,Novice,Abdominals,Obliques,Rectus Abdominis,,Cable,1,None,0,Half Kneeling,Double Arm,Continuous,Neutral,Other,No Elevation,Single Exercise,Anti-Rotational,,,Sagittal Plane,,,Midsection,Unsorted*,Isolation,Bilateral,Unsorted*
Single Arm Kettlebell Cyclist Thruster,Novice,Shoulders,Anterior Deltoids,Quadriceps Femoris,,Kettlebell,1,Slant Board,1,Standing,Single Arm,Continuous,Pronated,Overhead,Heels Elevated,Single Exercise,Vertical Push,Knee Dominant,,Sagittal Plane,,,Full Body,Push,Compound,Unilateral,Bodybuilding
Double Kettlebell Cyclist Thruster,Novice,Shoulders,Anterior Deltoids,Quadriceps Femoris,,Kettlebell,2,Slant Board,1,Standing,Double Arm,Continuous,Pronated,Overhead,Heels Elevated,Single Exercise,Vertical Push,Knee Dominant,,Sagittal Plane,,,Full Body,Push,Compound,Bilateral,Bodybuilding
Alternating Double Kettlebell Cyclist Thruster,Novice,Shoulders,Anterior Deltoids,Quadriceps Femoris,,Kettlebell,2,Slant Board,1,Standing,Double Arm,Alternating,Pronated,Overhead,Heels Elevated,Single Exercise,Vertical Push,Knee Dominant,,Sagittal Plane,,,Full Body,Push,Compound,Unilateral,Bodybuilding
Single Arm Kettlebell Bottoms Up Cyclist Thruster,Intermediate,Shoulders,Anterior Deltoids,Quadriceps Femoris,,Kettlebell,1,Slant Board,1,Standing,Single Arm,Continuous,Bottoms Up,Overhead,Heels Elevated,Single Exercise,Vertical Push,Knee Dominant,,Sagittal Plane,,,Full Body,Push,Compound,Unilateral,Bodybuilding
Double Kettlebell Bottoms Up Cyclist Thruster,Intermediate,Shoulders,Anterior Deltoids,Quadriceps Femoris,,Kettlebell,2,Slant Board,1,Standing,Double Arm,Continuous,Bottoms Up,Overhead,Heels Elevated,Single Exercise,Vertical Push,Knee Dominant,,Sagittal Plane,,,Full Body,Push,Compound,Bilateral,Bodybuilding
Alternating Double Kettlebell Bottoms Up Cyclist Thruster,Intermediate,Shoulders,Anterior Deltoids,Quadriceps Femoris,,Kettlebell,2,Slant Board,1,Standing,Double Arm,Alternating,Bottoms Up,Overhead,Heels Elevated,Single Exercise,Vertical Push,Knee Dominant,,Sagittal Plane,,,Full Body,Push,Compound,Unilateral,Bodybuilding
Barbell Kneeling Rollout,Intermediate,Abdominals,Rectus Abdominis,,,Barbell,1,None,0,Kneeling,Double Arm,Continuous,Pronated,Other,No Elevation,Single Exercise,Anti-Extension,,,Sagittal Plane,,,Midsection,Other,Compound,Bilateral,Unsorted*
Barbell Close Grip Bench Press,Novice,Triceps,Triceps Brachii,Pectoralis Major,,Barbell,1,Bench (Flat),1,Supine,Double Arm,Continuous,Pronated,Above Chest,No Elevation,Single Exercise,Horizontal Push,,,Sagittal Plane,,,Upper Body,Push,Compound,Bilateral,Bodybuilding
Single Arm Suspension Push Up,Intermediate,Chest,Pectoralis Major,Triceps Brachii,Rectus Abdominis,Suspension Trainer,1,None,0,Standing,Single Arm,Continuous,Pronated,No Load,No Elevation,Single Exercise,Anti-Rotational,,,Sagittal Plane,,,Upper Body,Push,Compound,Unilateral,Unsorted*
Cable Tall Kneeling Pallof Press,Novice,Abdominals,Obliques,Rectus Abdominis,,Cable,1,None,0,Tall Kneeling,Double Arm,Continuous,Neutral,Other,No Elevation,Single Exercise,Anti-Rotational,,,Sagittal Plane,,,Midsection,Other,Isolation,Bilateral,Unsorted*
Single Arm Cable Bicep Curl,Novice,Biceps,Biceps Brachii,Brachialis,Brachioradialis,Cable,1,None,0,Standing,Single Arm,Continuous,Supinated,Other,No Elevation,Single Exercise,Elbow Flexion,,,Sagittal Plane,,,Upper Body,Pull,Isolation,Unilateral,Bodybuilding
Single Arm Cable Shotgun Row,Novice,Back,Latissimus Dorsi,Biceps Brachii,,Cable,1,None,0,Staggered Stance,Single Arm,Continuous,Pronated,Other,No Elevation,Single Exercise,Horizontal Pull,,,Sagittal Plane,,,Upper Body,Pull,Compound,Unilateral,Bodybuilding
Barbell Hang Power Clean,Intermediate,Glutes,Gluteus Maximus,,,Barbell,1,None,0,Standing,Double Arm,Continuous,Pronated,Front Rack,No Elevation,Single Exercise,Hip Hinge,,,Sagittal Plane,,,Full Body,Unsorted*,Compound,Bilateral,Olympic Weightlifting
Landmine Goblet Alternating Cossack Squat,Intermediate,Quadriceps,Quadriceps Femoris,Adductor Magnus,Gluteus Maximus,Landmine,1,None,0,Standing,Double Arm,Continuous,Goblet,Front Rack,No Elevation,Single Exercise,Knee Dominant,,,Frontal Plane,,,Lower Body,Push,Compound,Unilateral,Bodybuilding
Landmine Low Hold Alternating Cossack Squat,Intermediate,Quadriceps,Quadriceps Femoris,Adductor Magnus,Gluteus Maximus,Landmine,1,None,0,Standing,Double Arm,Continuous,Neutral,Low Hold,No Elevation,Single Exercise,Knee Dominant,,,Frontal Plane,,,Lower Body,Push,Compound,Unilateral,Bodybuilding
Ring Shoulder Stand,Expert,Shoulders,Anterior Deltoids,Triceps Brachii,Rectus Abdominis,Gymnastic Rings,2,None,0,Inverted,Double Arm,Continuous,Neutral,No Load,No Elevation,Single Exercise,Isometric Hold,,,Sagittal Plane,,,Upper Body,Other,Compound,Bilateral,Calisthenics
Ring Strap Handstand,Expert,Shoulders,Anterior Deltoids,Triceps Brachii,Rectus Abdominis,Gymnastic Rings,2,None,0,Inverted,Double Arm,Continuous,Neutral,No Load,No Elevation,Single Exercise,Isometric Hold,,,Sagittal Plane,,,Upper Body,Other,Compound,Bilateral,Calisthenics
Ring Handstand,Expert,Shoulders,Anterior Deltoids,Triceps Brachii,Rectus Abdominis,Gymnastic Rings,2,None,0,Inverted,Double Arm,Continuous,Neutral,No Load,No Elevation,Single Exercise,Isometric Hold,,,Sagittal Plane,,,Upper Body,Other,Compound,Bilateral,Calisthenics
Ring Bulgarian Handstand Push Up,Master,Shoulders,Anterior Deltoids,Triceps Brachii,,Gymnastic Rings,2,None,0,Inverted,Double Arm,Continuous,Pronated,No Load,No Elevation,Single Exercise,Vertical Push,,,Sagittal Plane,,,Upper Body,Push,Compound,Bilateral,Calisthenics
Ring Strap Handstand Push Up,Expert,Shoulders,Anterior Deltoids,Triceps Brachii,,Gymnastic Rings,2,None,0,Inverted,Double Arm,Continuous,Neutral,No Load,No Elevation,Single Exercise,Vertical Push,,,Sagittal Plane,,,Upper Body,Push,Compound,Bilateral,Calisthenics
Ring Freestanding Handstand Push Up,Master,Shoulders,Anterior Deltoids,Triceps Brachii,,Gymnastic Rings,2,None,0,Inverted,Double Arm,Continuous,Neutral,No Load,No Elevation,Single Exercise,Vertical Push,,,Sagittal Plane,,,Upper Body,Push,Compound,Bilateral,Calisthenics
Bodyweight Bent Arm Press Handstand,Master,Shoulders,Anterior Deltoids,Triceps Brachii,,Bodyweight,1,None,0,Inverted,Double Arm,Continuous,Flat Palm,No Load,No Elevation,Single Exercise,Vertical Push,,,Sagittal Plane,,,Upper Body,Push,Compound,Bilateral,Calisthenics
Parallette L Sit to Bent Arm Press Handstand,Master,Shoulders,Anterior Deltoids,Triceps Brachii,,Parallette Bars,2,None,0,Inverted,Double Arm,Continuous,Neutral,No Load,No Elevation,Combo Exercise,Vertical Push,,,Sagittal Plane,,,Upper Body,Push,Compound,Bilateral,Calisthenics
Bodyweight Chest Roll to Straight Body Press Handstand,Master,Shoulders,Anterior Deltoids,Triceps Brachii,,Bodyweight,1,None,0,Inverted,Double Arm,Continuous,Flat Palm,No Load,No Elevation,Combo Exercise,Vertical Push,,,Sagittal Plane,,,Upper Body,Push,Compound,Bilateral,Calisthenics
Ring Bent Arm Bent Body Press Handstand,Master,Shoulders,Anterior Deltoids,Triceps Brachii,,Gymnastic Rings,2,None,0,Inverted,Double Arm,Continuous,Neutral,No Load,No Elevation,Single Exercise,Vertical Push,,,Sagittal Plane,,,Upper Body,Push,Compound,Bilateral,Calisthenics
Ring Dip to Handstand,Master,Triceps,Triceps Brachii,Anterior Deltoids,,Gymnastic Rings,2,None,0,Inverted,Double Arm,Continuous,Neutral,No Load,No Elevation,Combo Exercise,Vertical Push,,,Sagittal Plane,,,Upper Body,Push,Compound,Bilateral,Calisthenics
Ring Handstand to Elbow Lever to Handstand,Master,Shoulders,Anterior Deltoids,Triceps Brachii,,Gymnastic Rings,2,None,0,Inverted,Double Arm,Continuous,Neutral,No Load,No Elevation,Combo Exercise,Isometric Hold,,,Sagittal Plane,,,Upper Body,Unsorted*,Compound,Bilateral,Calisthenics
Ring Dip Straight Body Press to Handstand,Master,Shoulders,Anterior Deltoids,Triceps Brachii,,Gymnastic Rings,2,None,0,Inverted,Double Arm,Continuous,Neutral,No Load,No Elevation,Combo Exercise,Vertical Push,,,Sagittal Plane,,,Upper Body,Push,Compound,Bilateral,Calisthenics
Bodyweight Wall Eccentric Straddle Press Handstand,Advanced,Shoulders,Anterior Deltoids,Triceps Brachii,,Bodyweight,1,None,0,Inverted,Double Arm,Continuous,Flat Palm,No Load,No Elevation,Single Exercise,Vertical Push,,,Sagittal Plane,,,Upper Body,Push,Compound,Bilateral,Calisthenics
Bodyweight Straddle Press Handstand,Expert,Shoulders,Anterior Deltoids,Triceps Brachii,,Bodyweight,1,None,0,Inverted,Double Arm,Continuous,Flat Palm,No Load,No Elevation,Single Exercise,Vertical Push,,,Sagittal Plane,,,Upper Body,Push,Compound,Bilateral,Calisthenics
Bodyweight Pike Press Handstand,Expert,Shoulders,Anterior Deltoids,Triceps Brachii,,Bodyweight,1,None,0,Inverted,Double Arm,Continuous,Flat Palm,No Load,No Elevation,Single Exercise,Vertical Push,,,Sagittal Plane,,,Upper Body,Push,Compound,Bilateral,Calisthenics
Parallette L Sit to Straddle Press Handstand,Expert,Shoulders,Anterior Deltoids,Triceps Brachii,,Parallette Bars,2,None,0,Inverted,Double Arm,Continuous,Neutral,No Load,No Elevation,Combo Exercise,Vertical Push,,,Sagittal Plane,,,Upper Body,Push,Compound,Bilateral,Calisthenics
Parallette L Sit to Pike Press Handstand,Expert,Shoulders,Anterior Deltoids,Triceps Brachii,Rectus Abdominis,Parallette Bars,2,None,0,Inverted,Double Arm,Continuous,Neutral,No Load,No Elevation,Combo Exercise,Vertical Push,,,Sagittal Plane,,,Upper Body,Push,Compound,Bilateral,Calisthenics
Ring Straight Arm L Sit Straddle Press Handstand,Master,Shoulders,Anterior Deltoids,Triceps Brachii,,Gymnastic Rings,2,None,0,Inverted,Double Arm,Continuous,Supinated,No Load,No Elevation,Single Exercise,Vertical Push,,,Sagittal Plane,,,Upper Body,Push,Compound,Bilateral,Calisthenics
Ring Straight Arm Pike Press Handstand,Master,Shoulders,Anterior Deltoids,Triceps Brachii,,Gymnastic Rings,2,None,0,Inverted,Double Arm,Continuous,Neutral,No Load,No Elevation,Single Exercise,Vertical Push,,,Sagittal Plane,,,Upper Body,Push,Compound,Bilateral,Calisthenics
Bodyweight Tuck L Sit,Advanced,Abdominals,Rectus Abdominis,,,Bodyweight,1,None,0,Tuck L Sit,Double Arm,Continuous,Flat Palm,No Load,No Elevation,Single Exercise,Isometric Hold,,,Sagittal Plane,,,Midsection,Other,Compound,Bilateral,Calisthenics
Parallette Straddle L Sit,Advanced,Abdominals,Rectus Abdominis,,,Parallette Bars,2,None,0,L Sit,Double Arm,Continuous,Neutral,No Load,No Elevation,Single Exercise,Isometric Hold,,,Sagittal Plane,,,Midsection,Other,Compound,Bilateral,Calisthenics
Ring Turned Out L Sit,Expert,Abdominals,Rectus Abdominis,,,Gymnastic Rings,2,None,0,L Sit,Double Arm,Continuous,Supinated,No Load,No Elevation,Single Exercise,Isometric Hold,,,Sagittal Plane,,,Midsection,Other,Compound,Bilateral,Calisthenics
Ring Skin The Cat,Intermediate,Shoulders,Anterior Deltoids,,,Gymnastic Rings,2,None,0,Hanging,Double Arm,Continuous,Pronated,No Load,No Elevation,Single Exercise,Vertical Pull,,,Sagittal Plane,,,Upper Body,Pull,Compound,Bilateral,Calisthenics
Bodyweight Manna,Grand Master,Abdominals,Rectus Abdominis,,,Bodyweight,1,None,0,Other,Double Arm,Continuous,Flat Palm,No Load,No Elevation,Single Exercise,Isometric Hold,,,Sagittal Plane,,,Unsorted*,Unsorted*,Compound,Bilateral,Unsorted*
Ring Tuck Back Lever,Advanced,Abdominals,Rectus Abdominis,,,Gymnastic Rings,2,None,0,Hanging,Double Arm,Continuous,Pronated,No Load,No Elevation,Single Exercise,Isometric Hold,,,Sagittal Plane,,,Unsorted*,Other,Compound,Bilateral,Calisthenics
Ring Advanced Tuck Back Lever,Advanced,Abdominals,Rectus Abdominis,,,Gymnastic Rings,2,None,0,Hanging,Double Arm,Continuous,Pronated,No Load,No Elevation,Single Exercise,Isometric Hold,,,Sagittal Plane,,,Unsorted*,Other,Compound,Bilateral,Calisthenics
Ring Straddle Back Lever,Expert,Abdominals,Rectus Abdominis,,,Gymnastic Rings,2,None,0,Hanging,Double Arm,Continuous,Pronated,No Load,No Elevation,Single Exercise,Isometric Hold,,,Sagittal Plane,,,Unsorted*,Other,Compound,Bilateral,Calisthenics
Ring Half Lay Back Lever,Advanced,Abdominals,Rectus Abdominis,,,Gymnastic Rings,2,None,0,Hanging,Double Arm,Continuous,Pronated,No Load,No Elevation,Single Exercise,Isometric Hold,,,Sagittal Plane,,,Unsorted*,Other,Compound,Bilateral,Calisthenics
Ring Single Leg Out Back Lever,Advanced,Abdominals,Rectus Abdominis,,,Gymnastic Rings,2,None,0,Hanging,Double Arm,Continuous,Pronated,No Load,No Elevation,Single Exercise,Isometric Hold,,,Sagittal Plane,,,Unsorted*,Other,Compound,Unilateral,Calisthenics
Ring Full Back Lever,Expert,Abdominals,Rectus Abdominis,,,Gymnastic Rings,2,None,0,Hanging,Double Arm,Continuous,Pronated,No Load,No Elevation,Single Exercise,Isometric Hold,,,Sagittal Plane,,,Unsorted*,Other,Compound,Bilateral,Calisthenics
Ring Back Lever Pullout,Master,Abdominals,Rectus Abdominis,,,Gymnastic Rings,2,None,0,Hanging,Double Arm,Continuous,Pronated,No Load,No Elevation,Single Exercise,Vertical Pull,,,Sagittal Plane,,,Upper Body,Pull,Compound,Bilateral,Calisthenics
Ring German Hang Pullout,Master,Abdominals,Rectus Abdominis,,,Gymnastic Rings,2,None,0,Hanging,Double Arm,Continuous,Pronated,No Load,No Elevation,Single Exercise,Vertical Pull,,,Sagittal Plane,,,Upper Body,Pull,Compound,Bilateral,Calisthenics
Ring Handstand Lower to Back Lever,Master,Abdominals,Rectus Abdominis,,,Gymnastic Rings,2,None,0,Inverted,Double Arm,Continuous,Neutral,No Load,No Elevation,Combo Exercise,Isometric Hold,,,Sagittal Plane,,,Unsorted*,Unsorted*,Compound,Bilateral,Calisthenics
Ring Tuck Front Lever,Advanced,Abdominals,Rectus Abdominis,,,Gymnastic Rings,2,None,0,Hanging,Double Arm,Continuous,Pronated,No Load,No Elevation,Single Exercise,Isometric Hold,,,Sagittal Plane,,,Unsorted*,Other,Compound,Bilateral,Calisthenics
Ring Advanced Tuck Front Lever,Advanced,Abdominals,Rectus Abdominis,,,Gymnastic Rings,2,None,0,Hanging,Double Arm,Continuous,Pronated,No Load,No Elevation,Single Exercise,Isometric Hold,,,Sagittal Plane,,,Unsorted*,Other,Compound,Bilateral,Calisthenics
Ring Straddle Front Lever,Advanced,Abdominals,Rectus Abdominis,,,Gymnastic Rings,2,None,0,Hanging,Double Arm,Continuous,Pronated,No Load,No Elevation,Single Exercise,Isometric Hold,,,Sagittal Plane,,,Unsorted*,Other,Compound,Bilateral,Calisthenics
Ring Half Lay Front Lever,Advanced,Abdominals,Rectus Abdominis,,,Gymnastic Rings,2,None,0,Hanging,Double Arm,Continuous,Pronated,No Load,No Elevation,Single Exercise,Isometric Hold,,,Sagittal Plane,,,Unsorted*,Other,Compound,Bilateral,Calisthenics
Ring Single Leg Out Front Lever,Advanced,Abdominals,Rectus Abdominis,,,Gymnastic Rings,2,None,0,Hanging,Double Arm,Continuous,Pronated,No Load,No Elevation,Single Exercise,Isometric Hold,,,Sagittal Plane,,,Unsorted*,Other,Compound,Unilateral,Calisthenics
Ring Full Front Lever,Expert,Abdominals,Rectus Abdominis,,,Gymnastic Rings,2,None,0,Hanging,Double Arm,Continuous,Pronated,No Load,No Elevation,Single Exercise,Isometric Hold,,,Sagittal Plane,,,Unsorted*,Other,Compound,Bilateral,Calisthenics
Ring Front Lever Pull to Inverted Hang,Expert,Abdominals,Rectus Abdominis,,,Gymnastic Rings,2,None,0,Hanging,Double Arm,Continuous,Pronated,No Load,No Elevation,Combo Exercise,Isometric Hold,,,Sagittal Plane,,,Unsorted*,Other,Compound,Bilateral,Calisthenics
Ring Inverted Hang,Advanced,Abdominals,Rectus Abdominis,,,Gymnastic Rings,2,None,0,Hanging,Double Arm,Continuous,Pronated,No Load,No Elevation,Single Exercise,Isometric Hold,,,Sagittal Plane,,,Unsorted*,Other,Compound,Bilateral,Calisthenics
Single Arm Barbell Kneeling Rollout,Expert,Abdominals,Rectus Abdominis,,,Barbell,1,None,0,Kneeling,Single Arm,Continuous,Pronated,Other,No Elevation,Single Exercise,Anti-Extension,,,Sagittal Plane,,,Midsection,Other,Compound,Unilateral,Unsorted*
Single Arm Barbell Standing Rollout,Master,Abdominals,Rectus Abdominis,,,Barbell,1,None,0,Standing,Double Arm,Continuous,Pronated,Other,No Elevation,Single Exercise,Anti-Extension,,,Sagittal Plane,,,Midsection,Other,Compound,Unilateral,Unsorted*
Ring Circle Front Lever,Expert,Abdominals,Rectus Abdominis,,,Gymnastic Rings,2,None,0,Hanging,Double Arm,Continuous,Pronated,No Load,No Elevation,Single Exercise,Isometric Hold,,,Transverse Plane,,,Midsection,Other,Compound,Bilateral,Calisthenics
Ring Tuck Front Lever Pull Up,Expert,Back,Latissimus Dorsi,,,Gymnastic Rings,2,None,0,Hanging,Double Arm,Continuous,Pronated,No Load,No Elevation,Single Exercise,Horizontal Pull,,,Sagittal Plane,,,Upper Body,Pull,Compound,Bilateral,Calisthenics
Ring Advanced Tuck Front Lever Pull Up,Expert,Back,Latissimus Dorsi,,,Gymnastic Rings,2,None,0,Hanging,Double Arm,Continuous,Pronated,No Load,No Elevation,Single Exercise,Horizontal Pull,,,Sagittal Plane,,,Upper Body,Pull,Compound,Bilateral,Calisthenics
Ring Straddle Front Lever Pull Up,Expert,Back,Latissimus Dorsi,,,Gymnastic Rings,2,None,0,Hanging,Double Arm,Continuous,Pronated,No Load,No Elevation,Single Exercise,Horizontal Pull,,,Sagittal Plane,,,Upper Body,Pull,Compound,Bilateral,Calisthenics
Ring Dead Hang to Front Lever Pull Up,Master,Back,Latissimus Dorsi,,,Gymnastic Rings,2,None,0,Hanging,Double Arm,Continuous,Pronated,No Load,No Elevation,Combo Exercise,Horizontal Pull,,,Sagittal Plane,,,Upper Body,Pull,Compound,Bilateral,Calisthenics
Ring Full Front Lever Pull Up,Master,Back,Latissimus Dorsi,,,Gymnastic Rings,2,None,0,Hanging,Double Arm,Continuous,Pronated,No Load,No Elevation,Single Exercise,Horizontal Pull,,,Sagittal Plane,,,Upper Body,Pull,Compound,Bilateral,Calisthenics
Ring Feet Elevated Row,Intermediate,Back,Latissimus Dorsi,Biceps Brachii,,Gymnastic Rings,2,Bench (Flat),1,Supine,Double Arm,Continuous,Neutral,No Load,Feet Elevated,Single Exercise,Horizontal Pull,,,Sagittal Plane,,,Upper Body,Pull,Compound,Bilateral,Calisthenics
Ring Feet Elevated Bulgarian Row,Intermediate,Back,Latissimus Dorsi,Biceps Brachii,,Gymnastic Rings,2,Bench (Flat),1,Supine,Double Arm,Continuous,Pronated,No Load,Feet Elevated,Single Exercise,Horizontal Pull,,,Sagittal Plane,,,Upper Body,Pull,Compound,Bilateral,Calisthenics
Ring Feet Elevated Archer Row,Intermediate,Back,Latissimus Dorsi,Biceps Brachii,,Gymnastic Rings,2,Bench (Flat),1,Supine,Double Arm,Alternating,Neutral,No Load,Feet Elevated,Single Exercise,Horizontal Pull,,,Sagittal Plane,,,Upper Body,Pull,Compound,Unilateral,Calisthenics
Single Arm Ring Feet Elevated Row,Advanced,Back,Latissimus Dorsi,Biceps Brachii,,Gymnastic Rings,1,Bench (Flat),1,Supine,Single Arm,Continuous,Neutral,No Load,Feet Elevated,Single Exercise,Horizontal Pull,,,Sagittal Plane,,,Upper Body,Pull,Compound,Unilateral,Calisthenics
Ring L Sit Pull Up,Advanced,Back,Latissimus Dorsi,Biceps Brachii,Rectus Abdominis,Gymnastic Rings,2,None,0,Hanging,Double Arm,Continuous,Pronated,No Load,No Elevation,Single Exercise,Vertical Pull,Isometric Hold,,Sagittal Plane,,,Upper Body,Pull,Compound,Bilateral,Calisthenics
Ring Bulgarian Pull Up,Advanced,Back,Latissimus Dorsi,Biceps Brachii,,Gymnastic Rings,2,None,0,Hanging,Double Arm,Continuous,Pronated,No Load,No Elevation,Single Exercise,Vertical Pull,,,Sagittal Plane,,,Upper Body,Pull,Compound,Bilateral,Calisthenics
Ring Bulgarian L Sit Pull Up,Advanced,Back,Latissimus Dorsi,Biceps Brachii,,Gymnastic Rings,2,None,0,Hanging,Double Arm,Continuous,Pronated,No Load,No Elevation,Single Exercise,Vertical Pull,,,Sagittal Plane,,,Upper Body,Pull,Compound,Bilateral,Calisthenics
Ring Plank,Novice,Abdominals,Rectus Abdominis,,,Gymnastic Rings,2,None,0,Prone,Double Arm,Continuous,Neutral,No Load,No Elevation,Single Exercise,Anti-Extension,,,Sagittal Plane,,,Midsection,Other,Compound,Bilateral,Calisthenics
Single Arm Ring Plank,Intermediate,Abdominals,Rectus Abdominis,,,Gymnastic Rings,1,None,0,Prone,Single Arm,Continuous,Neutral,No Load,No Elevation,Single Exercise,Anti-Rotational,Anti-Extension,,Sagittal Plane,,,Midsection,Other,Compound,Unilateral,Calisthenics
Ring Push Up,Intermediate,Chest,Pectoralis Major,Triceps Brachii,,Gymnastic Rings,2,None,0,Prone,Double Arm,Continuous,Neutral,No Load,No Elevation,Single Exercise,Horizontal Push,,,Sagittal Plane,,,Upper Body,Push,Compound,Bilateral,Calisthenics
Single Arm Ring Push Up,Expert,Chest,Pectoralis Major,Triceps Brachii,,Gymnastic Rings,1,None,0,Prone,Single Arm,Continuous,Neutral,No Load,No Elevation,Single Exercise,Horizontal Push,Anti-Rotational,,Sagittal Plane,,,Upper Body,Push,Compound,Unilateral,Calisthenics
Ring Support Hold,Advanced,Abdominals,Rectus Abdominis,,,Gymnastic Rings,2,None,0,Hanging,Double Arm,Continuous,Neutral,No Load,No Elevation,Single Exercise,Isometric Hold,,,Sagittal Plane,,,Unsorted*,Other,Compound,Bilateral,Calisthenics
Ring Side Plank,Advanced,Abdominals,Obliques,Rectus Abdominis,,Gymnastic Rings,1,None,0,Side Plank,Single Arm,Continuous,Neutral,No Load,No Elevation,Single Exercise,Anti-Lateral Flexion,,,Frontal Plane,,,Midsection,Other,Compound,Unilateral,Calisthenics
Ring L Sit Muscle Up,Expert,Back,Latissimus Dorsi,,,Gymnastic Rings,2,None,0,Hanging,Double Arm,Continuous,False Grip,No Load,No Elevation,Single Exercise,Vertical Pull,Vertical Push,,Sagittal Plane,,,Upper Body,Push & Pull,Compound,Bilateral,Calisthenics
Ring Strict Muscle Up,Expert,Back,Latissimus Dorsi,,,Gymnastic Rings,2,None,0,Hanging,Double Arm,Continuous,False Grip,No Load,No Elevation,Single Exercise,Vertical Pull,Vertical Push,,Sagittal Plane,,,Upper Body,Push & Pull,Compound,Bilateral,Calisthenics
Ring Chest Fly,Intermediate,Chest,Pectoralis Major,,,Gymnastic Rings,2,None,0,Prone,Double Arm,Continuous,Neutral,No Load,No Elevation,Single Exercise,Horizontal Push,,,Sagittal Plane,,,Upper Body,Push,Isolation,Bilateral,Unsorted*
Single Arm Barbell Bicep Curl,Advanced,Biceps,Biceps Brachii,Brachialis,Brachioradialis,Barbell,1,None,0,Standing,Single Arm,Continuous,Supinated,Other,No Elevation,Single Exercise,Elbow Flexion,,,Sagittal Plane,,,Upper Body,Pull,Isolation,Unilateral,Bodybuilding
Bodyweight Hollow Rock,Intermediate,Abdominals,Rectus Abdominis,,,Bodyweight,1,None,0,Supine,Double Arm,Continuous,No Grip,No Load,No Elevation,Single Exercise,Isometric Hold,,,Sagittal Plane,,,Midsection,Other,Compound,Bilateral,Unsorted*
Single Arm Dumbbell Power Snatch,Intermediate,Glutes,Gluteus Maximus,Anterior Deltoids,,Dumbbell,1,None,0,Standing,Single Arm,Continuous,Pronated,Overhead,No Elevation,Single Exercise,Hip Hinge,,,Sagittal Plane,,,Full Body,Unsorted*,Compound,Unilateral,Unsorted*
Alternating Single Arm Dumbbell Power Snatch,Intermediate,Glutes,Gluteus Maximus,Anterior Deltoids,,Dumbbell,1,None,0,Standing,Single Arm,Alternating,Neutral,Overhead,No Elevation,Single Exercise,Hip Hinge,,,Sagittal Plane,,,Full Body,Unsorted*,Compound,Unilateral,Unsorted*
Single Arm Dumbbell Squat Snatch,Intermediate,Quadriceps,Quadriceps Femoris,Quadriceps Femoris,,Dumbbell,1,None,0,Standing,Single Arm,Continuous,Pronated,Overhead,No Elevation,Single Exercise,Knee Dominant,Hip Hinge,,Sagittal Plane,,,Full Body,Unsorted*,Compound,Unilateral,Unsorted*
Alternating Single Arm Dumbbell Squat Snatch,Intermediate,Quadriceps,Quadriceps Femoris,Quadriceps Femoris,,Dumbbell,1,None,0,Standing,Single Arm,Alternating,Neutral,Overhead,No Elevation,Single Exercise,Knee Dominant,Hip Hinge,,Sagittal Plane,,,Full Body,Unsorted*,Compound,Unilateral,Unsorted*
Single Arm Cable Single Leg Romanian Deadlift,Intermediate,Hamstrings,Biceps Femoris,Gluteus Maximus,,Cable,1,None,0,Single Leg Standing,Single Arm,Continuous,Neutral,Other,No Elevation,Single Exercise,Hip Hinge,,,Sagittal Plane,,,Lower Body,Pull,Compound,Unilateral,Bodybuilding
Double Kettlebell Suitcase Cyclist Squat,Novice,Quadriceps,Quadriceps Femoris,Gluteus Maximus,,Kettlebell,2,Slant Board,1,Standing,Double Arm,Continuous,Neutral,Suitcase,Heels Elevated,Single Exercise,Knee Dominant,,,Sagittal Plane,,,Lower Body,Push,Compound,Bilateral,Bodybuilding
Single Arm Kettlebell Suitcase Cyclist Squat,Novice,Quadriceps,Quadriceps Femoris,Gluteus Maximus,,Kettlebell,1,Slant Board,1,Standing,Single Arm,Continuous,Neutral,Suitcase,Heels Elevated,Single Exercise,Knee Dominant,,,Sagittal Plane,,,Lower Body,Push,Compound,Unilateral,Bodybuilding
Double Kettlebell Front Rack Box Step Up,Novice,Quadriceps,Quadriceps Femoris,Gluteus Maximus,,Kettlebell,2,Plyo Box,1,Standing,Double Arm,Continuous,Neutral,Front Rack,Foot Elevated (Front),Single Exercise,Knee Dominant,,,Sagittal Plane,,,Lower Body,Push,Compound,Unilateral,Bodybuilding
Cable Wide Grip Lat Pulldown,Beginner,Back,Latissimus Dorsi,Biceps Brachii,,Cable,1,Bench (Flat),1,Seated,Double Arm,Continuous,Pronated,Overhead,No Elevation,Single Exercise,Vertical Pull,,,Sagittal Plane,,,Upper Body,Pull,Compound,Bilateral,Bodybuilding
Cable Reverse Grip Lat Pulldown,Beginner,Back,Latissimus Dorsi,Biceps Brachii,,Cable,1,Bench (Flat),1,Seated,Double Arm,Continuous,Supinated,Overhead,No Elevation,Single Exercise,Vertical Pull,,,Sagittal Plane,,,Upper Body,Pull,Compound,Bilateral,Bodybuilding
Cable V Grip Seated Lat Pulldown,Beginner,Back,Latissimus Dorsi,Biceps Brachii,,Cable,1,Bench (Flat),1,Seated,Double Arm,Continuous,Neutral,Overhead,No Elevation,Single Exercise,Vertical Pull,,,Sagittal Plane,,,Upper Body,Pull,Compound,Bilateral,Bodybuilding
Cable Half Kneeling Face Pull,Novice,Shoulders,Posterior Deltoids,Infraspinatus,Teres Minor,Cable,1,None,0,Half Kneeling,Double Arm,Continuous,Neutral,Other,No Elevation,Single Exercise,Shoulder External Rotation,,,Sagittal Plane,,,Upper Body,Pull,Compound,Bilateral,Unsorted*
Single Arm Landmine Split Squat Isometric Shoulder Press,Expert,Shoulders,Anterior Deltoids,,,Landmine,1,None,0,Split Squat Isometric,Single Arm,Continuous,Neutral,Overhead,No Elevation,Single Exercise,Vertical Push,,,Sagittal Plane,,,Upper Body,Push,Compound,Unilateral,Balance
Double Dumbbell Seated Good Morning,Novice,Back,Erector Spinae,Biceps Femoris,Gluteus Maximus,Dumbbell,2,Bench (Flat),1,Seated,Double Arm,Continuous,Neutral,Other,No Elevation,Single Exercise,Hip Hinge,,,Sagittal Plane,,,Unsorted*,Unsorted*,Compound,Bilateral,Bodybuilding
Bodyweight Hip Thrust,Beginner,Glutes,Gluteus Maximus,,,Bodyweight,1,Bench (Flat),1,Bridge,No Arms,Continuous,No Grip,No Load,No Elevation,Single Exercise,Hip Extension,,,Sagittal Plane,,,Lower Body,Unsorted*,Compound,Bilateral,Bodybuilding
Double Kettlebell Front Rack Box Pistol Squat,Intermediate,Quadriceps,Quadriceps Femoris,Gluteus Maximus,,Kettlebell,2,Plyo Box,1,Single Leg Standing,Double Arm,Continuous,Neutral,Front Rack,No Elevation,Single Exercise,Knee Dominant,,,Sagittal Plane,,,Lower Body,Push,Compound,Unilateral,Balance
Single Arm Dumbbell Bench Press,Beginner,Chest,Pectoralis Major,Triceps Brachii,,Dumbbell,1,Bench (Flat),1,Supine,Single Arm,Continuous,Pronated,Above Chest,No Elevation,Single Exercise,Horizontal Push,,,Sagittal Plane,,,Upper Body,Push,Compound,Unilateral,Bodybuilding
Double Dumbbell Bench Press,Beginner,Chest,Pectoralis Major,Triceps Brachii,,Dumbbell,2,Bench (Flat),1,Supine,Double Arm,Continuous,Pronated,Above Chest,No Elevation,Single Exercise,Horizontal Push,,,Sagittal Plane,,,Upper Body,Push,Compound,Bilateral,Bodybuilding
Double Dumbbell Incline Bench Press,Beginner,Chest,Pectoralis Major,Triceps Brachii,,Dumbbell,2,Bench (Incline),1,Seated,Double Arm,Continuous,Pronated,Above Chest,No Elevation,Single Exercise,Horizontal Push,,,Sagittal Plane,,,Upper Body,Push,Compound,Bilateral,Bodybuilding
Stability Ball Double Dumbbell W Raise,Novice,Shoulders,Posterior Deltoids,,,Stability Ball,1,Dumbbell,2,Prone,Double Arm,Continuous,Pronated,Other,No Elevation,Single Exercise,Horizontal Pull,,,Sagittal Plane,,,Upper Body,Pull,Isolation,Bilateral,Unsorted*
Ring Side Plank Reach Through,Expert,Abdominals,Obliques,Rectus Abdominis,,Gymnastic Rings,1,None,0,Side Plank,Single Arm,Continuous,Neutral,No Load,No Elevation,Single Exercise,Anti-Lateral Flexion,Spinal Rotational,,Transverse Plane,,,Midsection,Other,Compound,Unilateral,Calisthenics
Single Arm Dumbbell Overhead Contralateral Bulgarian Split Squat,Advanced,Quadriceps,Quadriceps Femoris,Gluteus Maximus,,Dumbbell,1,Bench (Flat),1,Single Leg Supported,Single Arm,Continuous,Neutral,Overhead,Foot Elevated (Rear),Single Exercise,Knee Dominant,,,Sagittal Plane,,,Lower Body,Push,Compound,Contralateral,Bodybuilding
Single Arm Dumbbell Overhead Contralateral Knee Over Toe Split Squat,Intermediate,Quadriceps,Quadriceps Femoris,Gluteus Maximus,,Dumbbell,1,None,0,Knee Over Toe Split Squat,Single Arm,Continuous,Neutral,Overhead,No Elevation,Single Exercise,Knee Dominant,,,Sagittal Plane,,,Lower Body,Push,Compound,Contralateral,Bodybuilding
Double Kettlebell Suitcase Box Step Up,Novice,Quadriceps,Quadriceps Femoris,Gluteus Maximus,,Kettlebell,2,Plyo Box,1,Standing,Double Arm,Continuous,Neutral,Suitcase,Foot Elevated (Front),Single Exercise,Knee Dominant,,,Sagittal Plane,,,Lower Body,Push,Compound,Unilateral,Bodybuilding
Single Arm Kettlebell Suitcase Contralateral Box Step Up,Novice,Quadriceps,Quadriceps Femoris,Gluteus Maximus,,Kettlebell,1,Plyo Box,1,Standing,Single Arm,Continuous,Neutral,Suitcase,Foot Elevated (Front),Single Exercise,Knee Dominant,,,Sagittal Plane,,,Lower Body,Push,Compound,Contralateral,Bodybuilding
Single Arm Kettlebell Suitcase Ipsilateral Box Step Up,Novice,Quadriceps,Quadriceps Femoris,Gluteus Maximus,,Kettlebell,1,Plyo Box,1,Standing,Single Arm,Continuous,Neutral,Suitcase,Foot Elevated (Front),Single Exercise,Knee Dominant,,,Sagittal Plane,,,Lower Body,Push,Compound,Ipsilateral,Bodybuilding
Single Arm Kettlebell Front Rack Contralateral Box Step Up,Novice,Quadriceps,Quadriceps Femoris,Gluteus Maximus,,Kettlebell,1,Plyo Box,1,Standing,Single Arm,Continuous,Neutral,Front Rack,Foot Elevated (Front),Single Exercise,Knee Dominant,,,Sagittal Plane,,,Lower Body,Push,Compound,Contralateral,Bodybuilding
Single Arm Kettlebell Front Rack Ipsilateral Box Step Up,Novice,Quadriceps,Quadriceps Femoris,Gluteus Maximus,,Kettlebell,1,Plyo Box,1,Standing,Single Arm,Continuous,Neutral,Front Rack,Foot Elevated (Front),Single Exercise,Knee Dominant,,,Sagittal Plane,,,Lower Body,Push,Compound,Ipsilateral,Bodybuilding
Double Kettlebell Overhead Box Step Up,Intermediate,Quadriceps,Quadriceps Femoris,Gluteus Maximus,,Kettlebell,2,Plyo Box,1,Standing,Double Arm,Continuous,Pronated,Overhead,Foot Elevated (Front),Single Exercise,Knee Dominant,,,Sagittal Plane,,,Lower Body,Push,Compound,Unilateral,Bodybuilding
Single Arm Kettlebell Overhead Contralateral Box Step Up,Intermediate,Quadriceps,Quadriceps Femoris,Gluteus Maximus,,Kettlebell,1,Plyo Box,1,Standing,Single Arm,Continuous,Pronated,Overhead,Foot Elevated (Front),Single Exercise,Knee Dominant,,,Sagittal Plane,,,Lower Body,Push,Compound,Contralateral,Bodybuilding
Single Arm Kettlebell Overhead Ipsilateral Box Step Up,Intermediate,Quadriceps,Quadriceps Femoris,Gluteus Maximus,,Kettlebell,1,Plyo Box,1,Standing,Single Arm,Continuous,Pronated,Overhead,Foot Elevated (Front),Single Exercise,Knee Dominant,,,Sagittal Plane,,,Lower Body,Push,Compound,Ipsilateral,Bodybuilding
Double Kettlebell Bottoms Up Front Rack Box Step Up,Intermediate,Quadriceps,Quadriceps Femoris,Gluteus Maximus,,Kettlebell,2,Plyo Box,1,Standing,Double Arm,Continuous,Bottoms Up,Front Rack,Foot Elevated (Front),Single Exercise,Knee Dominant,,,Sagittal Plane,,,Lower Body,Push,Compound,Unilateral,Bodybuilding
Single Arm Kettlebell Bottoms Up Front Rack Contralateral Box Step Up,Intermediate,Quadriceps,Quadriceps Femoris,Gluteus Maximus,,Kettlebell,1,Plyo Box,1,Standing,Single Arm,Continuous,Bottoms Up,Front Rack,Foot Elevated (Front),Single Exercise,Knee Dominant,,,Sagittal Plane,,,Lower Body,Push,Compound,Contralateral,Bodybuilding
Single Arm Kettlebell Bottoms Up Front Rack Ipsilateral Box Step Up,Intermediate,Quadriceps,Quadriceps Femoris,Gluteus Maximus,,Kettlebell,1,Plyo Box,1,Standing,Single Arm,Continuous,Bottoms Up,Front Rack,Foot Elevated (Front),Single Exercise,Knee Dominant,,,Sagittal Plane,,,Lower Body,Push,Compound,Ipsilateral,Bodybuilding
Double Kettlebell Bottoms Up Overhead Box Step Up,Advanced,Quadriceps,Quadriceps Femoris,Gluteus Maximus,,Kettlebell,2,Plyo Box,1,Standing,Double Arm,Continuous,Bottoms Up,Overhead,Foot Elevated (Front),Single Exercise,Knee Dominant,,,Sagittal Plane,,,Lower Body,Push,Compound,Unilateral,Bodybuilding
Single Arm Kettlebell Bottoms Up Overhead Contralateral Box Step Up,Advanced,Quadriceps,Quadriceps Femoris,Gluteus Maximus,,Kettlebell,1,Plyo Box,1,Standing,Single Arm,Continuous,Bottoms Up,Overhead,Foot Elevated (Front),Single Exercise,Knee Dominant,,,,,,Lower Body,Push,Compound,Contralateral,Bodybuilding
Single Arm Kettlebell Bottoms Up Overhead Ipsilateral Box Step Up,Advanced,Quadriceps,Quadriceps Femoris,Gluteus Maximus,,Kettlebell,1,Plyo Box,1,Standing,Single Arm,Continuous,Bottoms Up,Overhead,Foot Elevated (Front),Single Exercise,Knee Dominant,,,Sagittal Plane,,,Lower Body,Push,Compound,Ipsilateral,Bodybuilding
Kettlebell Half Kneeling Low to High Chop,Intermediate,Abdominals,Obliques,Rectus Abdominis,,Kettlebell,1,None,0,Half Kneeling,Double Arm,Continuous,Horn Grip,Other,No Elevation,Single Exercise,Rotational,,,Transverse Plane,,,Midsection,Other,Compound,Unilateral,Unsorted*
Single Arm Kettlebell Windmill,Intermediate,Abdominals,Obliques,,,Kettlebell,1,None,0,Standing,Single Arm,Continuous,Pronated,Overhead,No Elevation,Single Exercise,Rotational,,,Transverse Plane,,,Midsection,Other,Compound,Unilateral,Grinds
Kettlebell Russian Twist,Novice,Abdominals,Obliques,Rectus Abdominis,,Kettlebell,1,None,0,Seated Floor,Double Arm,Continuous,Horn Grip,Other,No Elevation,Single Exercise,Rotational,,,Transverse Plane,,,Midsection,Other,Compound,Bilateral,Unsorted*
Alternating Single Arm Kettlebell Plank Pull Through,Intermediate,Abdominals,Rectus Abdominis,Obliques,,Kettlebell,1,None,0,Prone,Single Arm,Alternating,Pronated,Other,No Elevation,Single Exercise,Anti-Extension,Anti-Rotational,,Sagittal Plane,Frontal Plane,,Midsection,Other,Compound,Unilateral,Unsorted*
Single Arm Kettlebell Single Leg Standing Bent Knee Around The World,Intermediate,Abdominals,Rectus Abdominis,,,Kettlebell,1,None,0,Single Leg Standing Bent Knee,Single Arm,Continuous,Pronated,Other,No Elevation,Single Exercise,,,,Transverse Plane,,,Midsection,Other,Compound,Unilateral,Balance
Single Arm Kettlebell Swing,Novice,Glutes,Gluteus Maximus,Biceps Femoris,,Kettlebell,1,None,1,Standing,Single Arm,Continuous,Pronated,Other,No Elevation,Single Exercise,Hip Hinge,,,Sagittal Plane,,,Full Body,Unsorted*,Compound,Unilateral,Ballistics
Double Kettlebell Suitcase Feet Elevated Calf Raise,Novice,Calves,Gastrocnemius,Soleus,,Kettlebell,2,None,0,Standing,Double Arm,Continuous,Neutral,Suitcase,Toes Elevated,Single Exercise,Ankle Plantar Flexion,,,Sagittal Plane,,,Lower Body,Push,Isolation,Bilateral,Bodybuilding
Single Arm Kettlebell Bent Over Row,Novice,Back,Latissimus Dorsi,Rhomboids,Posterior Deltoids,Kettlebell,1,None,0,Standing,Single Arm,Continuous,Neutral,Other,No Elevation,Single Exercise,Horizontal Pull,Anti-Rotational,,Sagittal Plane,,,Upper Body,Pull,Compound,Unilateral,Bodybuilding
Double Kettlebell Gorilla Row,Novice,Back,Latissimus Dorsi,,,Kettlebell,2,None,0,Standing,Double Arm,Alternating,Neutral,Other,No Elevation,Single Exercise,Horizontal Pull,,,Sagittal Plane,,,Upper Body,Pull,Compound,Unilateral,Bodybuilding
Single Arm Kettlebell Suitcase Deadlift,Novice,Back,Latissimus Dorsi,Obliques,,Kettlebell,1,None,0,Standing,Single Arm,Continuous,Neutral,Suitcase,No Elevation,Single Exercise,Anti-Lateral Flexion,Hip Hinge,,Sagittal Plane,,,Full Body,Pull,Compound,Unilateral,Bodybuilding
Single Arm Kettlebell Clean,Intermediate,Glutes,Gluteus Maximus,,,Kettlebell,1,None,0,Standing,Single Arm,Continuous,Neutral,Front Rack,No Elevation,Single Exercise,Hip Hinge,,,Sagittal Plane,,,Full Body,Unsorted*,Compound,Unilateral,Ballistics
Single Arm Kettlebell Clean to Overhead Press,Intermediate,Shoulders,Anterior Deltoids,Gluteus Maximus,,Kettlebell,1,None,0,Standing,Single Arm,Continuous,Pronated,Overhead,No Elevation,Combo Exercise,Hip Hinge,Vertical Push,,Sagittal Plane,,,Full Body,Unsorted*,Compound,Unilateral,Ballistics
Kettlebell Alternating Halo,Novice,Shoulders,Posterior Deltoids,Medial Deltoids,,Kettlebell,1,None,0,Standing,Double Arm,Continuous,Bottoms Up Horn Grip,Other,No Elevation,Single Exercise,Rotational,,,Transverse Plane,,,Upper Body,Pull,Compound,Bilateral,Mobility
Single Arm Kettlebell Overhead Press,Novice,Shoulders,Anterior Deltoids,Triceps Brachii,,Kettlebell,1,None,0,Standing,Single Arm,Continuous,Pronated,Overhead,No Elevation,Single Exercise,Vertical Push,,,Sagittal Plane,,,Upper Body,Push,Compound,Unilateral,Bodybuilding
Single Arm Kettlebell Snatch,Intermediate,Shoulders,Anterior Deltoids,Gluteus Maximus,,Kettlebell,1,None,0,Standing,Single Arm,Continuous,Pronated,Overhead,No Elevation,Single Exercise,Hip Hinge,,,Sagittal Plane,,,Full Body,Unsorted*,Compound,Unilateral,Ballistics
Kettlebell Sumo Deadlift,Beginner,Back,Latissimus Dorsi,Gluteus Maximus,Biceps Femoris,Kettlebell,1,None,0,Standing,Double Arm,Continuous,Pronated,Other,No Elevation,Single Exercise,Hip Hinge,,,Sagittal Plane,,,Full Body,Pull,Compound,Bilateral,Bodybuilding
Single Arm Kettlebell Turkish Get Up,Intermediate,Abdominals,Obliques,Rectus Abdominis,,Kettlebell,1,None,0,Supine,Single Arm,Continuous,Pronated,Overhead,No Elevation,Single Exercise,Rotational,,,Transverse Plane,Sagittal Plane,,Full Body,Other,Compound,Unilateral,Grinds
Kettlebell Goblet Squat,Beginner,Quadriceps,Quadriceps Femoris,Gluteus Maximus,,Kettlebell,1,None,0,Standing,Double Arm,Continuous,Goblet,Front Rack,No Elevation,Single Exercise,Knee Dominant,,,Sagittal Plane,,,Lower Body,Push,Compound,Bilateral,Unsorted*
Single Arm Kettlebell Overhead Squat,Intermediate,Quadriceps,Quadriceps Femoris,Gluteus Maximus,,Kettlebell,2,None,0,Standing,Single Arm,Continuous,Pronated,Overhead,No Elevation,Single Exercise,Knee Dominant,,,Sagittal Plane,,,Lower Body,Push,Compound,Unilateral,Unsorted*
Double Kettlebell Front Rack Alternating Cossack Squat,Novice,Quadriceps,Quadriceps Femoris,Adductor Magnus,Gluteus Maximus,Kettlebell,2,None,0,Standing,Double Arm,Continuous,Neutral,Front Rack,No Elevation,Single Exercise,Knee Dominant,,,Frontal Plane,,,Lower Body,Push,Compound,Unilateral,Bodybuilding
Double Kettlebell Feet Elevated Decline Push Up,Intermediate,Chest,Pectoralis Major,Triceps Brachii,,Kettlebell,2,Bench (Flat),1,Prone,Double Arm,Continuous,Neutral,No Load,Feet Elevated,Single Exercise,Horizontal Push,,,Sagittal Plane,,,Upper Body,Push,Compound,Bilateral,Calisthenics
Single Arm Kettlebell Turkish Sit Up,Intermediate,Abdominals,Rectus Abdominis,,,Kettlebell,1,None,0,Supine,Single Arm,Continuous,Pronated,Overhead,No Elevation,Single Exercise,Spinal Flexion,,,Sagittal Plane,,,Midsection,Other,Compound,Unilateral,Unsorted*
Double Kettlebell Turkish Sit Up,Intermediate,Abdominals,Rectus Abdominis,,,Kettlebell,2,None,0,Supine,Double Arm,Continuous,Pronated,Overhead,No Elevation,Single Exercise,Spinal Flexion,,,Sagittal Plane,,,Midsection,Other,Compound,Bilateral,Unsorted*
Double Kettlebell Turkish Sit Up to Z Press,Intermediate,Abdominals,Rectus Abdominis,Anterior Deltoids,,Kettlebell,2,None,0,Seated Floor,Double Arm,Continuous,Neutral,Overhead,No Elevation,Combo Exercise,Spinal Flexion,Vertical Push,,Sagittal Plane,,,Midsection,Push,Compound,Bilateral,Bodybuilding
Double Kettlebell Bottoms Up Front Rack Alternating Cossack Squat,Intermediate,Quadriceps,Quadriceps Femoris,Adductor Magnus,Gluteus Maximus,Kettlebell,2,None,0,Standing,Double Arm,Continuous,Bottoms Up,Front Rack,No Elevation,Single Exercise,Knee Dominant,,,Frontal Plane,,,Lower Body,Push,Compound,Unilateral,Bodybuilding
Double Kettlebell Swing,Intermediate,Glutes,Gluteus Maximus,Biceps Femoris,,Kettlebell,2,None,0,Standing,Double Arm,Continuous,Pronated,Other,No Elevation,Single Exercise,Hip Hinge,,,Sagittal Plane,,,Full Body,Unsorted*,Compound,Bilateral,Ballistics
Double Kettlebell Front Rack Squat,Novice,Quadriceps,Quadriceps Femoris,Gluteus Maximus,,Kettlebell,2,None,0,Standing,Double Arm,Continuous,Neutral,Front Rack,No Elevation,Single Exercise,Knee Dominant,,,Sagittal Plane,,,Lower Body,Push,Compound,Bilateral,Bodybuilding
Single Arm Kettlebell Front Rack Squat,Novice,Quadriceps,Quadriceps Femoris,Gluteus Maximus,,Kettlebell,1,None,0,Standing,Single Arm,Continuous,Neutral,Front Rack,No Elevation,Single Exercise,Knee Dominant,,,Sagittal Plane,,,Lower Body,Push,Compound,Unilateral,Bodybuilding
Single Arm Kettlebell Front Rack Contralateral Split Squat,Novice,Quadriceps,Quadriceps Femoris,Gluteus Maximus,,Kettlebell,1,None,0,Split Squat,Single Arm,Continuous,Neutral,Front Rack,No Elevation,Single Exercise,Knee Dominant,,,Sagittal Plane,,,Lower Body,Push,Compound,Contralateral,Bodybuilding
Single Arm Kettlebell Front Rack Carry,Novice,Abdominals,Rectus Abdominis,,,Kettlebell,1,None,0,Walking,Single Arm,Continuous,Neutral,Front Rack,No Elevation,Single Exercise,Loaded Carry,,,Sagittal Plane,,,Full Body,Other,Compound,Unilateral,Unsorted*
Double Kettlebell Bottoms Up Overhead Alternating Cossack Squat,Advanced,Quadriceps,Quadriceps Femoris,Adductor Magnus,Gluteus Maximus,Kettlebell,2,None,0,Standing,Double Arm,Continuous,Bottoms Up,Overhead,No Elevation,Single Exercise,Knee Dominant,,,Frontal Plane,,,Lower Body,Push,Compound,Unilateral,Bodybuilding
Single Arm Kettlebell Squat Clean,Intermediate,Quadriceps,Quadriceps Femoris,Gluteus Maximus,,Kettlebell,1,None,0,Standing,Single Arm,Continuous,Neutral,Front Rack,No Elevation,Single Exercise,Knee Dominant,Hip Hinge,,Sagittal Plane,,,Full Body,Unsorted*,Compound,Unilateral,Ballistics
Kettlebell Horn Grip Bicep Curl,Novice,Biceps,Biceps Brachii,Brachialis,Brachioradialis,Kettlebell,1,None,0,Standing,Double Arm,Continuous,Bottoms Up Horn Grip,Other,No Elevation,Single Exercise,Elbow Flexion,,,Sagittal Plane,,,Upper Body,Pull,Isolation,Bilateral,Bodybuilding
Single Arm Kettlebell Bottoms Up Front Rack Carry,Intermediate,Abdominals,Rectus Abdominis,,,Kettlebell,1,None,0,Walking,Single Arm,Continuous,Bottoms Up,Front Rack,No Elevation,Single Exercise,Loaded Carry,,,Sagittal Plane,,,Full Body,Other,Compound,Unilateral,Unsorted*
Double Kettlebell Bottoms Up Front Rack Carry,Intermediate,Abdominals,Rectus Abdominis,,,Kettlebell,2,None,0,Walking,Double Arm,Continuous,Bottoms Up,Front Rack,No Elevation,Single Exercise,Loaded Carry,,,Sagittal Plane,,,Full Body,Other,Compound,Bilateral,Unsorted*
Double Kettlebell Bottoms Up Overhead Walking Lunge,Intermediate,Quadriceps,Quadriceps Femoris,Gluteus Maximus,,Kettlebell,2,None,0,Walking,Double Arm,Continuous,Bottoms Up,Overhead,No Elevation,Single Exercise,Knee Dominant,,,Sagittal Plane,,,Lower Body,Push,Compound,Unilateral,Bodybuilding
Single Arm Kettlebell Bottoms Up Front Rack Walking Lunge,Intermediate,Quadriceps,Quadriceps Femoris,Gluteus Maximus,,Kettlebell,1,None,0,Walking,Single Arm,Continuous,Bottoms Up,Front Rack,No Elevation,Single Exercise,Knee Dominant,,,Sagittal Plane,,,Lower Body,Push,Compound,Unilateral,Bodybuilding
Single Arm Kettlebell Bottoms Up Half Kneeling Contralateral Overhead Press,Intermediate,Shoulders,Anterior Deltoids,Triceps Brachii,,Kettlebell,1,None,0,Half Kneeling,Single Arm,Continuous,Bottoms Up,Overhead,No Elevation,Single Exercise,Vertical Push,,,Sagittal Plane,,,Upper Body,Push,Compound,Contralateral,Bodybuilding
Double Kettlebell Single Leg Romanian Deadlift,Intermediate,Hamstrings,Biceps Femoris,Gluteus Maximus,,Kettlebell,2,None,0,Single Leg Standing,Double Arm,Continuous,Neutral,Other,No Elevation,Single Exercise,Hip Hinge,,,Sagittal Plane,,,Lower Body,Pull,Compound,Unilateral,Bodybuilding
Double Kettlebell Romanian Deadlift,Beginner,Hamstrings,Biceps Femoris,Gluteus Maximus,,Kettlebell,2,None,0,Standing,Double Arm,Continuous,Pronated,Other,No Elevation,Single Exercise,Hip Hinge,,,Sagittal Plane,,,Lower Body,Pull,Compound,Bilateral,Bodybuilding
Single Arm Kettlebell Contralateral Single Leg Romanian Deadlift,Intermediate,Hamstrings,Biceps Femoris,Gluteus Maximus,,Kettlebell,1,None,0,Single Leg Standing,Single Arm,Continuous,Neutral,Other,No Elevation,Single Exercise,Hip Hinge,,,Sagittal Plane,,,Lower Body,Pull,Compound,Contralateral,Bodybuilding
Single Arm Kettlebell Bottoms Up Overhead Squat,Advanced,Quadriceps,Quadriceps Femoris,Gluteus Maximus,,Kettlebell,1,None,0,Standing,Single Arm,Continuous,Bottoms Up,Overhead,No Elevation,Single Exercise,Knee Dominant,,,Sagittal Plane,,,Lower Body,Push,Compound,Unilateral,Bodybuilding
Parallette Alternating Shoulder Tap Push Up,Intermediate,Chest,Pectoralis Major,Triceps Brachii,,Parallette Bars,2,None,0,Prone,Double Arm,Alternating,Neutral,No Load,No Elevation,Single Exercise,Horizontal Push,,,Sagittal Plane,,,Upper Body,Push,Compound,Unilateral,Calisthenics
Parallette Tuck Planche,Advanced,Abdominals,Rectus Abdominis,Biceps Brachii,,Parallette Bars,2,None,0,Other,Double Arm,Continuous,Neutral,No Load,No Elevation,Single Exercise,Isometric Hold,,,Sagittal Plane,,,Midsection,Other,Compound,Bilateral,Calisthenics
Parallette Dive Bomber Push Up,Intermediate,Chest,Pectoralis Major,Triceps Brachii,,Parallette Bars,2,None,0,Prone,Double Arm,Continuous,Neutral,No Load,No Elevation,Single Exercise,Horizontal Push,,,Sagittal Plane,,,Upper Body,Push,Compound,Bilateral,Calisthenics
Bodyweight Dive Bomber Push Up,Intermediate,Chest,Pectoralis Major,Triceps Brachii,,Bodyweight,1,None,0,Prone,Double Arm,Continuous,Flat Palm,No Load,No Elevation,Single Exercise,Horizontal Push,,,Sagittal Plane,,,Upper Body,Push,Compound,Bilateral,Calisthenics
Parallette L Sit to Tuck Planche,Expert,Abdominals,Rectus Abdominis,,,Parallette Bars,2,None,0,L Sit,Double Arm,Continuous,Neutral,No Load,No Elevation,Combo Exercise,Isometric Hold,,,Sagittal Plane,,,Midsection,Other,Compound,Bilateral,Calisthenics
Double Dumbbell Prone Row,Novice,Back,Latissimus Dorsi,,,Dumbbell,2,Bench (Flat),1,Prone,Double Arm,Continuous,Neutral,Other,No Elevation,Single Exercise,Horizontal Pull,,,Sagittal Plane,,,Upper Body,Pull,Compound,Bilateral,Bodybuilding
Landmine Standing Oblique Twist,Intermediate,Abdominals,Obliques,,,Landmine,1,None,0,Standing,Double Arm,Continuous,Neutral,Other,No Elevation,Single Exercise,Rotational,,,Transverse Plane,,,Midsection,Other,Compound,Bilateral,Unsorted*
Cable Rope Tall Kneeling High to Low Chop,Intermediate,Abdominals,Obliques,Rectus Abdominis,,Cable,1,None,0,Tall Kneeling,Double Arm,Continuous,Pronated,Other,No Elevation,Single Exercise,Rotational,,,Transverse Plane,,,Midsection,Other,Compound,Bilateral,Unsorted*
Single Arm Parallette Plank,Intermediate,Abdominals,Rectus Abdominis,,,Parallette Bars,1,None,0,Prone,Single Arm,Continuous,Neutral,No Load,No Elevation,Single Exercise,Anti-Rotational,,,Sagittal Plane,,,Midsection,Other,Compound,Unilateral,Calisthenics
Single Arm Suspension Plank,Intermediate,Abdominals,Rectus Abdominis,,,Suspension Trainer,1,None,0,Prone,Single Arm,Continuous,Pronated,No Load,No Elevation,Single Exercise,Anti-Rotational,,,Sagittal Plane,,,Midsection,Other,Compound,Unilateral,Unsorted*
Battle Rope Russian Twist,Novice,Abdominals,Obliques,Rectus Abdominis,,Battle Ropes,1,None,0,Seated Floor,Double Arm,Continuous,Neutral,Other,No Elevation,Single Exercise,Rotational,,,Transverse Plane,,,Midsection,Other,Compound,Bilateral,Unsorted*
Bodyweight Bird Dog Knee to Elbow,Beginner,Abdominals,Rectus Abdominis,Obliques,,Bodyweight,1,None,0,Quadruped,Single Arm,Continuous,Flat Palm,No Load,No Elevation,Single Exercise,Anti-Rotational,Spinal Rotational,,Sagittal Plane,Transverse Plane,,Midsection,Other,Compound,Contralateral,Unsorted*
Slam Ball Feet Elevated Russian Twist,Intermediate,Abdominals,Obliques,Rectus Abdominis,,Slam Ball,1,None,0,Seated Floor,Double Arm,Continuous,Neutral,Other,No Elevation,Single Exercise,Rotational,,,Transverse Plane,,,Midsection,Other,Compound,Bilateral,Unsorted*
Medicine Ball Feet Elevated Russian Twist,Novice,Abdominals,Obliques,Rectus Abdominis,,Medicine Ball,1,None,0,Seated Floor,Double Arm,Continuous,Neutral,Other,No Elevation,Single Exercise,Rotational,,,Transverse Plane,,,Midsection,Other,Compound,Bilateral,Unsorted*
Double Kettlebell Z Press,Novice,Shoulders,Anterior Deltoids,Triceps Brachii,,Kettlebell,2,None,0,Seated Floor,Double Arm,Continuous,Pronated,Overhead,No Elevation,Single Exercise,Vertical Push,,,Sagittal Plane,,,Upper Body,Push,Compound,Bilateral,Bodybuilding
Bodyweight Forearm Plank Knee to Elbow,Intermediate,Abdominals,Rectus Abdominis,,,Bodyweight,1,None,0,Prone,Double Arm,Continuous,Forearm,No Load,No Elevation,Single Exercise,Anti-Extension,,,Sagittal Plane,,,Midsection,Other,Compound,Unilateral,Calisthenics
Bodyweight Loaded Beast to Alternating Kick Through,Intermediate,Abdominals,Rectus Abdominis,,,Bodyweight,1,None,0,Knee Hover Quadruped,Double Arm,Alternating,Flat Palm,No Load,No Elevation,Single Exercise,,,,Sagittal Plane,,,Midsection,Other,Compound,Unilateral,Animal Flow
Ring False Grip Pull Up,Advanced,Back,Latissimus Dorsi,,,Gymnastic Rings,2,None,0,Hanging,Double Arm,Continuous,False Grip,No Load,No Elevation,Single Exercise,Vertical Pull,,,Sagittal Plane,,,Upper Body,Pull,Compound,Bilateral,Calisthenics
Double Kettlebell Clean,Intermediate,Glutes,Gluteus Maximus,,,Kettlebell,2,None,0,Standing,Double Arm,Continuous,Neutral,Front Rack,No Elevation,Single Exercise,Hip Hinge,,,Sagittal Plane,,,Full Body,Unsorted*,Compound,Bilateral,Ballistics
Double Kettlebell Snatch,Intermediate,Glutes,Gluteus Maximus,Anterior Deltoids,,Kettlebell,2,None,0,Standing,Double Arm,Continuous,Pronated,Overhead,No Elevation,Single Exercise,Hip Hinge,,,Sagittal Plane,,,Full Body,Unsorted*,Compound,Bilateral,Ballistics
Battle Rope Feet Elevated Russian Twist,Intermediate,Abdominals,Obliques,Rectus Abdominis,,Battle Ropes,1,None,0,Seated Floor,Double Arm,Continuous,Neutral,Other,No Elevation,Single Exercise,Rotational,,,Transverse Plane,,,Midsection,Other,Compound,Bilateral,Unsorted*
Superband Dead Bug,Novice,Abdominals,Rectus Abdominis,,,Superband,1,None,0,Supine,Double Arm,Continuous,Pronated,Other,No Elevation,Single Exercise,Anti-Extension,,,Sagittal Plane,,,Midsection,Other,Compound,Contralateral,Unsorted*
Parallette V Sit,Expert,Abdominals,Rectus Abdominis,,,Parallette Bars,2,None,0,V Sit Seated,Double Arm,Continuous,Neutral,No Load,No Elevation,Single Exercise,Isometric Hold,,,Sagittal Plane,,,Midsection,Other,Compound,Bilateral,Unsorted*
Barbell Staggered Stance Push Press,Intermediate,Shoulders,Anterior Deltoids,Triceps Brachii,,Barbell,1,None,0,Staggered Stance,Double Arm,Continuous,Pronated,Overhead,No Elevation,Single Exercise,Vertical Push,,,Sagittal Plane,,,Upper Body,Push,Compound,Bilateral,Unsorted*
Double Kettlebell Push Press,Novice,Shoulders,Anterior Deltoids,Triceps Brachii,,Kettlebell,2,None,0,Standing,Double Arm,Continuous,Pronated,Overhead,No Elevation,Single Exercise,Vertical Push,,,Sagittal Plane,,,Upper Body,Push,Compound,Bilateral,Bodybuilding
Double Kettlebell Split Jerk,Intermediate,Shoulders,Anterior Deltoids,Triceps Brachii,Gluteus Minimus,Kettlebell,2,None,0,Staggered Stance,Double Arm,Continuous,Pronated,Overhead,No Elevation,Single Exercise,Vertical Push,Hip Hinge,,Sagittal Plane,,,Full Body,Push,Compound,Unilateral,Unsorted*
Double Kettlebell High Pull,Intermediate,Shoulders,Posterior Deltoids,,,Kettlebell,2,None,0,Standing,Double Arm,Continuous,Pronated,Other,No Elevation,Single Exercise,Horizontal Pull,Hip Hinge,,Sagittal Plane,,,Full Body,Pull,Compound,Bilateral,Ballistics
Superband Standing Pallof Press,Beginner,Abdominals,Obliques,Rectus Abdominis,,Superband,1,None,0,Standing,Double Arm,Continuous,Neutral,Other,No Elevation,Single Exercise,Anti-Rotational,,,Frontal Plane,,,Midsection,Other,Isolation,Bilateral,Unsorted*
Superband Half Kneeling Pallof Press,Novice,Abdominals,Obliques,Rectus Abdominis,,Superband,1,None,0,Half Kneeling,Double Arm,Continuous,Neutral,Other,No Elevation,Single Exercise,Anti-Rotational,,,Frontal Plane,,,Midsection,Other,Isolation,Unilateral,Unsorted*
Superband Single Leg Standing Bent Knee Hip External Rotation,Novice,Glutes,Gluteus Maximus,Gluteus Medius,Gluteus Minimus,Superband,1,None,0,Single Leg Standing Bent Knee,No Arms,Continuous,Hand Assisted,Other,No Elevation,Single Exercise,Hip External Rotation,,,Transverse Plane,,,Lower Body,Unsorted*,Isolation,Unilateral,Unsorted*
Barbell Prone Row,Novice,Back,Latissimus Dorsi,,,Barbell,1,Bench (Flat),1,Prone,Double Arm,Continuous,Pronated,Other,No Elevation,Single Exercise,Horizontal Pull,,,Sagittal Plane,,,Upper Body,Pull,Compound,Bilateral,Bodybuilding
Double Dumbbell Renegade Row Push Up,Intermediate,Back,Latissimus Dorsi,,,Dumbbell,2,None,0,Prone,Double Arm,Alternating,Neutral,Other,No Elevation,Single Exercise,Horizontal Pull,Horizontal Push,Anti-Extension,Sagittal Plane,,,Upper Body,Push & Pull,Compound,Unilateral,Bodybuilding
Single Arm Landmine Row to Rotational Press,Intermediate,Shoulders,Anterior Deltoids,Triceps Brachii,,Landmine,1,None,0,Standing,Single Arm,Continuous,Pronated,Overhead,No Elevation,Combo Exercise,Rotational,,,Transverse Plane,,,Full Body,Push & Pull,Compound,Unilateral,Bodybuilding
Bodyweight Hand Assisted Skater Squat,Novice,Quadriceps,Quadriceps Femoris,Gluteus Maximus,,Bodyweight,1,None,0,Single Leg Standing,Single Arm,Continuous,Hand Assisted,No Load,No Elevation,Single Exercise,Knee Dominant,,,Sagittal Plane,,,Lower Body,Push,Compound,Unilateral,Calisthenics
Superband Pull Through,Beginner,Glutes,Gluteus Maximus,,,Superband,1,None,0,Standing,Double Arm,Continuous,Pronated,Other,No Elevation,Single Exercise,Hip Hinge,,,Sagittal Plane,,,Lower Body,Unsorted*,Compound,Bilateral,Unsorted*
Miniband Quadruped Hip Extension,Beginner,Glutes,Gluteus Maximus,,,Miniband,1,None,0,Quadruped,No Arms,Continuous,Flat Palm,No Load,No Elevation,Single Exercise,Hip Extension,,,Sagittal Plane,,,Lower Body,Unsorted*,Isolation,Unilateral,Bodybuilding
Cable Hip Adduction,Novice,Adductors,Adductor Magnus,,,Cable,1,None,0,Standing,No Arms,Continuous,Hand Assisted,Other,No Elevation,Single Exercise,Hip Adduction,,,Frontal Plane,,,Lower Body,Other,Isolation,Unilateral,Unsorted*
Superband Tall Kneeling Pallof Press,Novice,Abdominals,Obliques,Rectus Abdominis,,Superband,1,None,0,Tall Kneeling,Double Arm,Continuous,Neutral,Other,No Elevation,Single Exercise,Anti-Rotational,,,Frontal Plane,,,Midsection,Other,Isolation,Bilateral,Unsorted*
Slider Eccentric Hamstring Curl,Beginner,Hamstrings,Biceps Femoris,Gluteus Maximus,,Sliders,2,None,0,Supine,No Arms,Continuous,No Grip,No Load,No Elevation,Single Exercise,Knee Dominant,,,Sagittal Plane,,,Lower Body,Pull,Isolation,Bilateral,Unsorted*
Landmine Low Hold Lateral Lunge,Novice,Quadriceps,Quadriceps Femoris,Gluteus Maximus,,Landmine,1,None,0,Standing,Double Arm,Continuous,Neutral,Low Hold,No Elevation,Single Exercise,Knee Dominant,,,Frontal Plane,,,Lower Body,Push,Compound,Unilateral,Unsorted*
Double Kettlebell Sumo Deadlift,Beginner,Back,Latissimus Dorsi,Gluteus Maximus,Biceps Femoris,Kettlebell,2,None,0,Standing,Double Arm,Continuous,Pronated,Other,No Elevation,Single Exercise,Hip Hinge,,,Sagittal Plane,,,Full Body,Pull,Compound,Bilateral,Bodybuilding
Single Arm Dumbbell Cuban Press,Novice,Shoulders,Posterior Deltoids,Infraspinatus,Teres Minor,Dumbbell,1,None,0,Standing,Single Arm,Continuous,Pronated,Overhead,No Elevation,Single Exercise,Shoulder External Rotation,,,Transverse Plane,,,Upper Body,Push & Pull,Compound,Unilateral,Unsorted*
Slider Parallette Knee Tuck,Novice,Abdominals,Rectus Abdominis,,,Sliders,2,Parallette Bars,2,Prone,Double Arm,Continuous,Neutral,No Load,No Elevation,Single Exercise,Spinal Flexion,,,Sagittal Plane,,,Midsection,Other,Compound,Bilateral,Unsorted*
Barbell Reverse Grip Front Raise,Intermediate,Shoulders,Anterior Deltoids,Pectoralis Major,,Barbell,1,None,0,Standing,Double Arm,Continuous,Supinated,Other,No Elevation,Single Exercise,Shoulder Flexion,,,Sagittal Plane,,,Upper Body,Push,Isolation,Bilateral,Bodybuilding
Ring Feet Elevated Pike Push Up,Advanced,Shoulders,Anterior Deltoids,Triceps Brachii,,Gymnastic Rings,2,Bench (Flat),1,Inverted,Double Arm,Continuous,Neutral,No Load,Feet Elevated,Single Exercise,Vertical Push,,,Sagittal Plane,,,Upper Body,Push,Compound,Bilateral,Calisthenics
Parallette Straddle Press to Handstand,Expert,Shoulders,Anterior Deltoids,Triceps Brachii,,Parallette Bars,2,None,0,Inverted,Double Arm,Continuous,Neutral,No Load,No Elevation,Combo Exercise,Vertical Push,,,Sagittal Plane,,,Upper Body,Unsorted*,Compound,Bilateral,Calisthenics
Ring L Sit,Advanced,Abdominals,Rectus Abdominis,,,Gymnastic Rings,2,None,0,Hanging,Double Arm,Continuous,Neutral,No Load,No Elevation,Single Exercise,Isometric Hold,,,Sagittal Plane,,,Midsection,Other,Compound,Bilateral,Calisthenics
Ring Tuck Back Lever with Alternating Single Leg Extensions,Advanced,Abdominals,Rectus Abdominis,,,Gymnastic Rings,2,None,0,Hanging,Double Arm,Continuous,Pronated,No Load,No Elevation,Single Exercise,Isometric Hold,,,Sagittal Plane,,,Upper Body,Other,Compound,Unilateral,Calisthenics
Ring Tuck Front Lever with Alternating Single Leg Extensions,Advanced,Abdominals,Rectus Abdominis,,,Gymnastic Rings,2,None,0,Hanging,Double Arm,Continuous,Pronated,No Load,No Elevation,Single Exercise,Isometric Hold,,,Sagittal Plane,,,Upper Body,Other,Compound,Unilateral,Calisthenics
Double Kettlebell Bent Over Row,Beginner,Back,Latissimus Dorsi,Rhomboids,Posterior Deltoids,Kettlebell,2,None,0,Standing,Double Arm,Continuous,Neutral,Other,No Elevation,Single Exercise,Horizontal Pull,,,Sagittal Plane,,,Upper Body,Pull,Compound,Bilateral,Bodybuilding
Double Kettlebell Bottoms Up Front Rack Squat,Intermediate,Quadriceps,Quadriceps Femoris,Gluteus Maximus,,Kettlebell,2,None,0,Standing,Double Arm,Continuous,Bottoms Up,Front Rack,No Elevation,Single Exercise,Knee Dominant,,,Sagittal Plane,,,Lower Body,Push,Compound,Bilateral,Bodybuilding
Barbell Back Rack Cyclist Squat,Intermediate,Quadriceps,Quadriceps Femoris,Gluteus Maximus,,Barbell,1,Slant Board,1,Standing,Double Arm,Continuous,Pronated,Other,Heels Elevated,Single Exercise,Knee Dominant,,,Sagittal Plane,,,Lower Body,Push,Compound,Bilateral,Bodybuilding
Gravity Boots Inverted Crunch,Advanced,Abdominals,Rectus Abdominis,,,Bodyweight,1,Gravity Boots,1,Inverted,No Arms,Continuous,Head Supported,No Load,No Elevation,Single Exercise,Spinal Flexion,,,Sagittal Plane,,,Midsection,Other,Compound,Bilateral,Unsorted*
Double Kettlebell Front Rack Knee Over Toe Split Squat,Novice,Quadriceps,Quadriceps Femoris,Gluteus Maximus,,Kettlebell,2,None,0,Knee Over Toe Split Squat,Double Arm,Continuous,Neutral,Front Rack,No Elevation,Single Exercise,Knee Dominant,,,Sagittal Plane,,,Lower Body,Push,Compound,Unilateral,Bodybuilding
Double Kettlebell Overhead Knee Over Toe Split Squat,Intermediate,Quadriceps,Quadriceps Femoris,Gluteus Maximus,,Kettlebell,2,None,0,Knee Over Toe Split Squat,Double Arm,Continuous,Pronated,Overhead,No Elevation,Single Exercise,Knee Dominant,,,Sagittal Plane,,,Lower Body,Push,Compound,Bilateral,Bodybuilding
Barbell Back Rack Box Step Up,Intermediate,Quadriceps,Quadriceps Femoris,Gluteus Maximus,,Barbell,1,Plyo Box,1,Standing,Double Arm,Continuous,Pronated,Back Rack,Foot Elevated (Front),Single Exercise,Knee Dominant,,,Sagittal Plane,,,Lower Body,Push,Compound,Unilateral,Bodybuilding
Barbell Front Rack Box Step Up,Intermediate,Quadriceps,Quadriceps Femoris,Gluteus Maximus,,Barbell,1,Plyo Box,1,Standing,Double Arm,Continuous,Pronated,Front Rack,Foot Elevated (Front),Single Exercise,Knee Dominant,,,Sagittal Plane,,,Lower Body,Push,Compound,Unilateral,Bodybuilding
Barbell Standing Rollout,Advanced,Abdominals,Rectus Abdominis,,,Barbell,1,None,0,Standing,Double Arm,Continuous,Pronated,Other,No Elevation,Single Exercise,Anti-Extension,,,Sagittal Plane,,,Midsection,Other,Compound,Bilateral,Unsorted*
Stability Ball Cable Russian Twist,Novice,Abdominals,Obliques,Rectus Abdominis,,Stability Ball,1,Cable,1,Supine,Double Arm,Continuous,Neutral,Other,No Elevation,Single Exercise,Rotational,,,Transverse Plane,,,Midsection,Other,Compound,Bilateral,Unsorted*
Miniband Frog Pump,Beginner,Glutes,Gluteus Maximus,,,Miniband,1,None,0,Bridge,No Arms,Continuous,No Grip,No Load,No Elevation,Single Exercise,Hip Extension,,,Sagittal Plane,,,Lower Body,Unsorted*,Compound,Bilateral,Bodybuilding
Miniband Knee Hover Quadruped Fire Hydrant,Advanced,Glutes,Gluteus Maximus,Gluteus Medius,Gluteus Minimus,Miniband,1,None,0,Knee Hover Quadruped,Double Arm,Continuous,Flat Palm,No Load,No Elevation,Single Exercise,Hip External Rotation,Isometric Hold,,Transverse Plane,,,Lower Body,Other,Isolation,Unilateral,Bodybuilding
Bodyweight Fire Hydrant,Beginner,Glutes,Gluteus Maximus,Gluteus Medius,Gluteus Minimus,Bodyweight,1,None,0,Quadruped,Double Arm,Continuous,Flat Palm,No Load,No Elevation,Single Exercise,Hip External Rotation,,,Transverse Plane,,,Lower Body,Other,Isolation,Unilateral,Unsorted*
Bodyweight Knee Hover Quadruped Fire Hydrant,Intermediate,Glutes,Gluteus Maximus,Gluteus Medius,Gluteus Minimus,Bodyweight,1,None,0,Knee Hover Quadruped,Double Arm,Continuous,Flat Palm,No Load,No Elevation,Single Exercise,Hip External Rotation,Isometric Hold,,Transverse Plane,,,Lower Body,Other,Isolation,Unilateral,Unsorted*
Barbell Seated Reverse Grip Wrist Curl,Intermediate,Forearms,Brachioradialis,,,Barbell,1,Bench (Flat),1,Seated,Double Arm,Continuous,Pronated,Other,No Elevation,Single Exercise,Wrist Extension,,,Sagittal Plane,,,Upper Body,Pull,Isolation,Bilateral,Unsorted*
Bodyweight Seated Wall Angels,Beginner,Shoulders,Posterior Deltoids,Infraspinatus,Teres Minor,Bodyweight,1,None,0,Seated Floor,Double Arm,Continuous,No Grip,No Load,No Elevation,Single Exercise,Vertical Push,,,Sagittal Plane,,,Upper Body,Push,Compound,Bilateral,Unsorted*
Bodyweight Bent Knee Copenhagen Plank Side Raise,Intermediate,Adductors,Adductor Magnus,,,Bodyweight,1,Bench (Flat),1,Side Plank,Single Arm,Continuous,Forearm,No Load,Foot Elevated (Side),Single Exercise,Hip Adduction,Isometric Hold,,Frontal Plane,,,Lower Body,Other,Compound,Unilateral,Unsorted*
Bodyweight Kneeling Side Plank,Beginner,Abdominals,Obliques,Rectus Abdominis,,Bodyweight,1,None,0,Side Plank,Single Arm,Continuous,Forearm,No Load,No Elevation,Single Exercise,Anti-Lateral Flexion,,,Frontal Plane,,,Midsection,Other,Compound,Unilateral,Calisthenics
Bodyweight Hand Assisted Hip Airplane,Novice,Glutes,Gluteus Medius,Gluteus Minimus,,Bodyweight,1,None,0,Standing,Double Arm,Continuous,Hand Assisted,No Load,No Elevation,Single Exercise,Hip External Rotation,Hip Internal Rotation,,Transverse Plane,,,Lower Body,Unsorted*,Compound,Unilateral,Unsorted*
Superband Single Leg Tibialis Raise,Beginner,Shins,Tibialis Anterior,,,Superband,1,None,0,Seated Floor,No Arms,Continuous,No Grip,Other,No Elevation,Single Exercise,Ankle Dorsiflexion,,,Sagittal Plane,,,Lower Body,Unsorted*,Isolation,Unilateral,Unsorted*
Barbell Zercher Squat,Advanced,Quadriceps,Quadriceps Femoris,Gluteus Maximus,,Barbell,1,None,0,Standing,Double Arm,Continuous,No Grip,Zercher,No Elevation,Single Exercise,Knee Dominant,,,Sagittal Plane,,,Lower Body,Push,Compound,Bilateral,Unsorted*
Barbell Squat Snatch,Expert,Quadriceps,Quadriceps Femoris,Quadriceps Femoris,,Barbell,1,None,0,Standing,Double Arm,Continuous,Pronated,Overhead,No Elevation,Single Exercise,Knee Dominant,Hip Hinge,,Sagittal Plane,,,Full Body,Unsorted*,Compound,Bilateral,Olympic Weightlifting
Single Arm Kettlebell Push Jerk,Novice,Shoulders,Anterior Deltoids,Triceps Brachii,Gluteus Minimus,Kettlebell,1,None,0,Standing,Single Arm,Continuous,Pronated,Overhead,No Elevation,Single Exercise,Vertical Push,,,Sagittal Plane,,,Upper Body,Push,Compound,Unilateral,Unsorted*
Barbell Squat Clean to Split Jerk,Expert,Shoulders,Anterior Deltoids,Gluteus Maximus,,Barbell,1,None,0,Staggered Stance,Double Arm,Continuous,Pronated,Overhead,No Elevation,Combo Exercise,Vertical Push,Hip Hinge,Knee Dominant,Sagittal Plane,,,Full Body,Push & Pull,Compound,Unilateral,Olympic Weightlifting
Barbell Incline Bench Press,Novice,Chest,Pectoralis Major,Triceps Brachii,,Barbell,1,Bench (Incline),1,Seated,Double Arm,Continuous,Pronated,Above Chest,No Elevation,Single Exercise,Horizontal Push,,,Sagittal Plane,,,Upper Body,Push,Compound,Bilateral,Bodybuilding
Barbell Hang Squat Clean to Thruster,Advanced,Shoulders,Anterior Deltoids,Quadriceps Femoris,,Barbell,1,None,0,Standing,Double Arm,Continuous,Pronated,Overhead,No Elevation,Combo Exercise,Vertical Push,Knee Dominant,,Sagittal Plane,,,Full Body,Unsorted*,Compound,Bilateral,Unsorted*
Barbell Squat Clean Thruster,Advanced,Shoulders,Anterior Deltoids,Quadriceps Femoris,,Barbell,1,None,0,Standing,Double Arm,Continuous,Pronated,Overhead,No Elevation,Combo Exercise,Vertical Push,Knee Dominant,,Sagittal Plane,,,Full Body,Unsorted*,Compound,Bilateral,Unsorted*
Bodyweight Copenhagen Plank,Novice,Adductors,Adductor Magnus,,,Bodyweight,1,Bench (Flat),1,Side Plank,Single Arm,Continuous,Forearm,No Load,Foot Elevated (Side),Single Exercise,Hip Adduction,,,Frontal Plane,,,Lower Body,Other,Compound,Unilateral,Unsorted*
Bodyweight Bent Knee Copenhagen Plank,Novice,Adductors,Adductor Magnus,,,Bodyweight,1,Bench (Flat),1,Side Plank,Single Arm,Continuous,Forearm,No Load,Foot Elevated (Side),Single Exercise,Hip Adduction,,,Frontal Plane,,,Lower Body,Other,Compound,Unilateral,Unsorted*
Parallette Kneeling Close Grip Push Up,Beginner,Triceps,Triceps Brachii,Pectoralis Major,,Parallette Bars,1,None,0,Prone,Double Arm,Continuous,Pronated,No Load,No Elevation,Single Exercise,Horizontal Push,,,Sagittal Plane,,,Upper Body,Push,Compound,Bilateral,Calisthenics
Miniband Single Leg Hip Thrust,Novice,Glutes,Gluteus Maximus,,,Miniband,1,Bench (Flat),1,Single Leg Bridge,No Arms,Continuous,No Grip,No Load,No Elevation,Single Exercise,Hip Extension,,,Sagittal Plane,,,Lower Body,Unsorted*,Compound,Unilateral,Bodybuilding
Barbell Deficit Snatch Grip Deadlift,Intermediate,Back,Latissimus Dorsi,,,Barbell,1,None,0,Standing,Double Arm,Continuous,Pronated,Other,Feet Elevated,Single Exercise,Hip Hinge,,,Sagittal Plane,,,Full Body,Pull,Compound,Bilateral,Bodybuilding
Single Arm Ring Eccentric Chin Up,Expert,Biceps,Biceps Brachii,Latissimus Dorsi,,Gymnastic Rings,1,None,0,Hanging,Single Arm,Continuous,Supinated,No Load,No Elevation,Single Exercise,Vertical Pull,,,Sagittal Plane,,,Upper Body,Pull,Compound,Unilateral,Calisthenics
Bodyweight Hand Assisted Foot Elevated Knee Over Toe Split Squat,Beginner,Quadriceps,Quadriceps Femoris,Gluteus Maximus,,Bodyweight,1,None,0,Knee Over Toe Split Squat,Single Arm,Continuous,Hand Assisted,No Load,Foot Elevated (Front),Single Exercise,Knee Dominant,,,Sagittal Plane,,,Lower Body,Push,Compound,Unilateral,Bodybuilding
Bodyweight Foot Elevated Knee Over Toe Split Squat,Beginner,Quadriceps,Quadriceps Femoris,Gluteus Maximus,,Bodyweight,1,None,0,Knee Over Toe Split Squat,No Arms,Continuous,No Grip,No Load,Foot Elevated (Front),Single Exercise,Knee Dominant,,,Sagittal Plane,,,Lower Body,Push,Compound,Unilateral,Bodybuilding
Double Kettlebell Thruster,Novice,Shoulders,Anterior Deltoids,Quadriceps Femoris,,Kettlebell,2,None,0,Standing,Double Arm,Continuous,Pronated,Overhead,No Elevation,Single Exercise,Vertical Push,Knee Dominant,,Sagittal Plane,,,Full Body,Push,Compound,Bilateral,Bodybuilding
Double Kettlebell Cossack Squat Thruster,Intermediate,Shoulders,Anterior Deltoids,Quadriceps Femoris,Adductor Magnus,Kettlebell,2,None,0,Standing,Double Arm,Continuous,Pronated,Overhead,No Elevation,Combo Exercise,Rotational,Knee Dominant,,Frontal Plane,,,Full Body,Push,Compound,Unilateral,Bodybuilding
Double Kettlebell Alternating Cossack Squat Thruster,Intermediate,Shoulders,Anterior Deltoids,Quadriceps Femoris,Adductor Magnus,Kettlebell,2,None,0,Standing,Double Arm,Continuous,Pronated,Overhead,No Elevation,Combo Exercise,Vertical Push,Knee Dominant,,Frontal Plane,,,Full Body,Push,Compound,Unilateral,Bodybuilding
Double Kettlebell Tall Kneeling Overhead Press,Novice,Shoulders,Anterior Deltoids,Triceps Brachii,,Kettlebell,2,None,0,Tall Kneeling,Double Arm,Continuous,Pronated,Overhead,No Elevation,Single Exercise,Vertical Push,,,Sagittal Plane,,,Upper Body,Push,Compound,Bilateral,Bodybuilding
Double Kettlebell Front Rack Walking Lunge,Novice,Quadriceps,Quadriceps Femoris,Gluteus Maximus,,Kettlebell,2,None,0,Walking,Double Arm,Continuous,Neutral,Front Rack,No Elevation,Single Exercise,Knee Dominant,,,Sagittal Plane,,,Lower Body,Push,Compound,Unilateral,Bodybuilding
Double Kettlebell Overhead Walking Lunge,Advanced,Quadriceps,Quadriceps Femoris,Gluteus Maximus,,Kettlebell,2,None,0,Walking,Double Arm,Continuous,Neutral,Overhead,No Elevation,Single Exercise,Knee Dominant,,,Sagittal Plane,,,Lower Body,Push,Compound,Unilateral,Bodybuilding
Parallette Freestanding Handstand,Expert,Shoulders,Anterior Deltoids,,,Parallette Bars,2,None,0,Inverted,Double Arm,Continuous,Neutral,No Load,No Elevation,Single Exercise,Isometric Hold,,,Sagittal Plane,,,Upper Body,Other,Compound,Bilateral,Calisthenics
Parallette L Sit to Handstand,Expert,Shoulders,Anterior Deltoids,,,Parallette Bars,2,None,0,Inverted,Double Arm,Continuous,Neutral,No Load,No Elevation,Combo Exercise,Isometric Hold,,,Sagittal Plane,,,Unsorted*,Unsorted*,Compound,Bilateral,Calisthenics
Ring Straddle L Sit,Expert,Abdominals,Rectus Abdominis,,,Gymnastic Rings,2,None,0,L Sit,Double Arm,Continuous,Supinated,No Load,No Elevation,Single Exercise,Isometric Hold,,,Sagittal Plane,,,Unsorted*,Other,Compound,Bilateral,Calisthenics
Parallette Stalder Press to Handstand,Master,Shoulders,Anterior Deltoids,Rectus Abdominis,,Parallette Bars,2,None,0,Inverted,Double Arm,Continuous,Neutral,No Load,No Elevation,Combo Exercise,Isometric Hold,,,Sagittal Plane,,,Upper Body,Unsorted*,Compound,Bilateral,Calisthenics
Ring Gironda Sternum Chin Up,Expert,Biceps,Biceps Brachii,Latissimus Dorsi,,Gymnastic Rings,2,None,0,Hanging,Double Arm,Continuous,Supinated,No Load,No Elevation,Single Exercise,Vertical Pull,,,Sagittal Plane,,,Upper Body,Pull,Compound,Bilateral,Calisthenics
Ring Archer Push Up,Advanced,Chest,Pectoralis Major,,,Gymnastic Rings,2,None,0,Prone,Double Arm,Alternating,Neutral,No Load,No Elevation,Single Exercise,Horizontal Push,,,Frontal Plane,,,Upper Body,Push,Compound,Unilateral,Calisthenics
Single Arm Ring Chin Up,Master,Biceps,Biceps Brachii,Latissimus Dorsi,,Gymnastic Rings,1,None,0,Hanging,Single Arm,Continuous,Supinated,No Load,No Elevation,Single Exercise,Vertical Pull,,,Sagittal Plane,,,Upper Body,Pull,Compound,Unilateral,Calisthenics
Ring L Sit Archer Pull Up,Expert,Back,Latissimus Dorsi,Biceps Brachii,,Gymnastic Rings,2,None,0,Hanging,Double Arm,Alternating,Pronated,No Load,No Elevation,Single Exercise,Vertical Pull,,,Frontal Plane,Sagittal Plane,,Upper Body,Pull,Compound,Unilateral,Calisthenics
Alternating Single Arm Parallette Push Up,Intermediate,Chest,Pectoralis Major,Triceps Brachii,,Parallette Bars,1,None,0,Prone,Single Arm,Alternating,Neutral,No Load,No Elevation,Single Exercise,Horizontal Push,,,Frontal Plane,,,Upper Body,Push,Compound,Unilateral,Calisthenics
Double Dumbbell Incline Bench Prone Y Raise,Novice,Shoulders,Posterior Deltoids,,,Dumbbell,2,Bench (Incline),1,Prone,Double Arm,Continuous,Neutral,Other,No Elevation,Single Exercise,,,,Frontal Plane,,,Upper Body,Pull,Pull,Bilateral,Postural
Suspension Face Pull to Overhead Press,Novice,Shoulders,Posterior Deltoids,Infraspinatus,Teres Minor,Suspension Trainer,1,None,0,Standing,Double Arm,Continuous,Pronated,Overhead,No Elevation,Combo Exercise,Shoulder External Rotation,Vertical Push,,Transverse Plane,,,Upper Body,Push & Pull,Compound,Bilateral,Unsorted*
Superband Assisted Bar Muscle Up,Advanced,Back,Latissimus Dorsi,Triceps Brachii,,Superband,1,Pull Up Bar,1,Hanging,Double Arm,Continuous,False Grip,No Load,No Elevation,Single Exercise,Vertical Pull,Vertical Push,,Sagittal Plane,,,Upper Body,Push & Pull,Compound,Bilateral,Calisthenics
Stability Ball Sit Up,Beginner,Abdominals,Rectus Abdominis,,,Stability Ball,1,None,0,Supine,No Arms,Continuous,Head Supported,No Load,No Elevation,Single Exercise,Spinal Flexion,Other,,Sagittal Plane,,,Midsection,Other,,Bilateral,Unsorted*
Double Kettlebell Shrug,Beginner,Trapezius,Upper Trapezius,,,Kettlebell,2,None,0,Standing,Double Arm,Continuous,Neutral,Suitcase,No Elevation,Single Exercise,Scapular Elevation,,,Sagittal Plane,,,Upper Body,Pull,Isolation,Bilateral,Bodybuilding
Double Kettlebell Squat Clean,Intermediate,Quadriceps,Quadriceps Femoris,Gluteus Maximus,,Kettlebell,2,None,0,Standing,Double Arm,Continuous,Neutral,Front Rack,No Elevation,Single Exercise,Knee Dominant,Hip Hinge,,Sagittal Plane,,,Full Body,Unsorted*,Compound,Bilateral,Ballistics
Double Kettlebell Hollow Body Hold,Intermediate,Abdominals,Rectus Abdominis,,,Kettlebell,2,None,0,Supine,Double Arm,Continuous,Pronated,Other,No Elevation,Single Exercise,Isometric Hold,,,Sagittal Plane,,,Midsection,Other,Compound,Bilateral,Unsorted*
Ring Scapular Pull Up,Intermediate,Back,Latissimus Dorsi,Rhomboids,,Gymnastic Rings,2,None,0,Hanging,Double Arm,Continuous,Pronated,No Load,No Elevation,Single Exercise,Vertical Pull,,,Sagittal Plane,,,Upper Body,Pull,Compound,Bilateral,Calisthenics
Bodyweight Side Lying Hip Adduction,Beginner,Adductors,Adductor Magnus,,,Bodyweight,1,None,0,Side Lying,No Arms,Continuous,No Grip,No Load,No Elevation,Single Exercise,Hip Adduction,,,Frontal Plane,,,Lower Body,Other,Compound,Unilateral,Unsorted*
Superband Hollow Body Hold,Intermediate,Abdominals,Rectus Abdominis,,,Superband,1,None,0,Supine,Double Arm,Continuous,Pronated,Other,No Elevation,Single Exercise,Isometric Hold,,,Sagittal Plane,,,Midsection,Other,Compound,Bilateral,Unsorted*
Suspension Y Raise,Beginner,Shoulders,Posterior Deltoids,,,Suspension Trainer,1,None,0,Standing,Double Arm,Continuous,Pronated,No Load,No Elevation,Single Exercise,,,,Sagittal Plane,,,Upper Body,Pull,Compound,Bilateral,Unsorted*
Slider Single Leg Eccentric Hamstring Curl,Intermediate,Hamstrings,Biceps Femoris,Gluteus Maximus,,Sliders,1,None,0,Supine,No Arms,Continuous,No Grip,No Load,No Elevation,Single Exercise,Knee Dominant,,,Sagittal Plane,,,Lower Body,Pull,Isolation,Unilateral,Unsorted*
Barbell Reverse Grip Bench Press,Intermediate,Chest,Pectoralis Major,,,Barbell,1,Bench (Flat),1,Supine,Double Arm,Continuous,Supinated,Above Chest,No Elevation,Single Exercise,Horizontal Push,,,Sagittal Plane,,,Upper Body,Push,Compound,Bilateral,Bodybuilding
Double Dumbbell Reverse Grip Bench Press,Novice,Chest,Pectoralis Major,,,Dumbbell,2,Bench (Flat),1,Supine,Double Arm,Continuous,Supinated,Above Chest,No Elevation,Single Exercise,Horizontal Push,,,Sagittal Plane,,,Upper Body,Push,Compound,Bilateral,Bodybuilding
Side Plank Superband Hanging Adduction,Intermediate,Adductors,Adductor Magnus,,,Superband,1,None,0,Side Plank,Single Arm,Continuous,Flat Palm,Other,No Elevation,Single Exercise,Hip Adduction,,,Frontal Plane,,,Lower Body,Other,Isolation,Unilateral,Unsorted*
Single Arm Cable Seated Floor Lat Pulldown,Novice,Back,Latissimus Dorsi,Biceps Brachii,,Cable,1,None,0,Seated Floor,Single Arm,Continuous,Pronated,Overhead,No Elevation,Single Exercise,Vertical Pull,,,Sagittal Plane,,,Upper Body,Pull,Compound,Unilateral,Bodybuilding
Single Arm Resistance Band Half Kneeling Cuban Press,Novice,Shoulders,Posterior Deltoids,,,Resistance Band,1,None,0,Half Kneeling,Single Arm,Continuous,Pronated,Other,No Elevation,Single Exercise,Shoulder External Rotation,Vertical Push,,Transverse Plane,,,Upper Body,Push & Pull,Compound,Unilateral,Unsorted*
Stability Ball Feet Elevated Frog Pump,Novice,Glutes,Gluteus Maximus,,,Stability Ball,1,None,0,Supine,No Arms,Continuous,No Grip,No Load,Feet Elevated,Single Exercise,Hip Extension,,,Sagittal Plane,,,Lower Body,Unsorted*,Compound,Bilateral,Unsorted*
Stability Ball Miniband Feet Elevated Frog Pump,Novice,Glutes,Gluteus Maximus,,,Stability Ball,1,Miniband,1,Supine,No Arms,Continuous,No Grip,No Load,Feet Elevated,Single Exercise,Hip Extension,,,Sagittal Plane,,,Lower Body,Unsorted*,Compound,Bilateral,Bodybuilding
Double Kettlebell Hollow Body Hold with Flutter Kicks,Intermediate,Abdominals,Rectus Abdominis,,,Kettlebell,2,None,0,Supine,Double Arm,Continuous,Pronated,Other,No Elevation,Single Exercise,Isometric Hold,,,Sagittal Plane,,,Midsection,Other,Compound,Bilateral,Unsorted*
Barbell Overhead Cyclist Squat,Advanced,Quadriceps,Quadriceps Femoris,Gluteus Maximus,,Barbell,1,Slant Board,1,Standing,Double Arm,Continuous,Pronated,Overhead,Heels Elevated,Single Exercise,Knee Dominant,,,Sagittal Plane,,,Lower Body,Push,Compound,Bilateral,Bodybuilding
Barbell Front Rack Cyclist Squat,Intermediate,Quadriceps,Quadriceps Femoris,Gluteus Maximus,,Barbell,1,Slant Board,1,Standing,Double Arm,Continuous,Pronated,Front Rack,Heels Elevated,Single Exercise,Knee Dominant,,,Sagittal Plane,,,Lower Body,Push,Compound,Bilateral,Bodybuilding
Double Kettlebell Dead Clean to Push Press,Intermediate,Shoulders,Anterior Deltoids,Triceps Brachii,,Kettlebell,2,None,0,Standing,Double Arm,Continuous,Pronated,Overhead,No Elevation,Combo Exercise,Vertical Push,,,Sagittal Plane,,,Full Body,Unsorted*,Compound,Bilateral,Ballistics
Double Dumbbell Cuban Press,Novice,Shoulders,Posterior Deltoids,,,Dumbbell,2,None,0,Standing,Double Arm,Continuous,Pronated,Overhead,No Elevation,Single Exercise,Shoulder External Rotation,Vertical Push,,Transverse Plane,,,Upper Body,Push & Pull,Compound,Bilateral,Unsorted*
Barbell Cyclist Thruster,Intermediate,Shoulders,Anterior Deltoids,Quadriceps Femoris,,Barbell,1,Slant Board,1,Standing,Double Arm,Continuous,Pronated,Overhead,Heels Elevated,Single Exercise,Vertical Push,Knee Dominant,,Sagittal Plane,,,Full Body,Push,Compound,Bilateral,Bodybuilding
Double Kettlebell Pendlay Row,Novice,Back,Latissimus Dorsi,Biceps Brachii,,Kettlebell,2,None,0,Standing,Double Arm,Continuous,Neutral,Other,No Elevation,Single Exercise,Horizontal Pull,,,Sagittal Plane,,,Upper Body,Pull,Compound,Bilateral,Bodybuilding
Alternating Single Arm Landmine Thruster,Intermediate,Shoulders,Anterior Deltoids,Quadriceps Femoris,,Landmine,1,None,0,Standing,Single Arm,Alternating,Neutral,Overhead,No Elevation,Single Exercise,Vertical Push,Knee Dominant,,Sagittal Plane,,,Full Body,Push,Compound,Unilateral,Bodybuilding
Single Arm Dumbbell Cyclist Thruster,Novice,Shoulders,Anterior Deltoids,Quadriceps Femoris,,Dumbbell,1,Slant Board,1,Standing,Single Arm,Continuous,Neutral,Overhead,Heels Elevated,Single Exercise,Vertical Push,Knee Dominant,,Sagittal Plane,,,Full Body,Push,Compound,Unilateral,Bodybuilding
Alternating Single Arm Landmine Cyclist Thruster,Advanced,Shoulders,Anterior Deltoids,Quadriceps Femoris,,Landmine,1,Slant Board,1,Standing,Single Arm,Alternating,Neutral,Overhead,Heels Elevated,Single Exercise,Vertical Push,Knee Dominant,,Sagittal Plane,,,Full Body,Push,Compound,Unilateral,Bodybuilding
Barbell Low Bar Cyclist Squat,Intermediate,Quadriceps,Quadriceps Femoris,Gluteus Maximus,Biceps Femoris,Barbell,1,Slant Board,1,Standing,Double Arm,Continuous,Pronated,Back Rack,Heels Elevated,Single Exercise,Knee Dominant,,,Sagittal Plane,,,Lower Body,Push,Compound,Bilateral,Bodybuilding
Double Kettlebell Front Rack Split Squat,Novice,Quadriceps,Quadriceps Femoris,Gluteus Maximus,,Kettlebell,2,None,0,Split Squat,Double Arm,Continuous,Neutral,Front Rack,No Elevation,Single Exercise,Knee Dominant,,,Sagittal Plane,,,Lower Body,Push,Compound,Unilateral,Bodybuilding
Double Kettlebell Front Rack Bulgarian Split Squat,Intermediate,Quadriceps,Quadriceps Femoris,Gluteus Maximus,,Kettlebell,2,Bench (Flat),1,Single Leg Supported,Double Arm,Continuous,Neutral,Front Rack,Foot Elevated (Rear),Single Exercise,Knee Dominant,,,Sagittal Plane,,,Lower Body,Push,Compound,Unilateral,Bodybuilding
Double Kettlebell Overhead Squat,Intermediate,Quadriceps,Quadriceps Femoris,Gluteus Maximus,,Kettlebell,2,None,0,Standing,Double Arm,Continuous,Pronated,Overhead,No Elevation,Single Exercise,Knee Dominant,,,Sagittal Plane,,,Lower Body,Push,Compound,Bilateral,Bodybuilding
Double Kettlebell Half Kneeling Overhead Press,Novice,Shoulders,Anterior Deltoids,Triceps Brachii,,Kettlebell,2,None,0,Half Kneeling,Double Arm,Continuous,Pronated,Overhead,No Elevation,Single Exercise,Vertical Push,,,Sagittal Plane,,,Upper Body,Push,Compound,Bilateral,Bodybuilding
Double Kettlebell Front Rack Reverse Lunge,Novice,Quadriceps,Quadriceps Femoris,Gluteus Maximus,Biceps Femoris,Kettlebell,2,None,0,Standing,Double Arm,Continuous,Neutral,Front Rack,No Elevation,Single Exercise,Knee Dominant,,,Sagittal Plane,,,Lower Body,Unsorted*,Compound,Unilateral,Unsorted*
Single Arm Kettlebell Overhead Contralateral Knee Over Toe Split Squat,Intermediate,Quadriceps,Quadriceps Femoris,Gluteus Maximus,,Kettlebell,1,None,0,Knee Over Toe Split Squat,Single Arm,Continuous,Pronated,Overhead,No Elevation,Single Exercise,Knee Dominant,,,Sagittal Plane,,,Lower Body,Push,Compound,Contralateral,Bodybuilding
Single Arm Kettlebell Dead Clean to Rotational Overhead Press,Intermediate,Shoulders,Anterior Deltoids,,,Kettlebell,1,None,0,Standing,Single Arm,Continuous,Neutral,Overhead,No Elevation,Combo Exercise,Hip Hinge,Vertical Push,,Transverse Plane,,,Full Body,Unsorted*,Compound,Unilateral,Ballistics
Single Arm Kettlebell Rotational Overhead Press,Intermediate,Shoulders,Anterior Deltoids,,,Kettlebell,1,None,0,Standing,Single Arm,Continuous,Neutral,Overhead,No Elevation,Single Exercise,Vertical Push,Spinal Rotational,,Transverse Plane,,,Upper Body,Push,Compound,Unilateral,Bodybuilding
Single Arm Kettlebell Sumo Deadlift,Novice,Back,Latissimus Dorsi,Gluteus Maximus,Biceps Femoris,Kettlebell,1,None,0,Standing,Single Arm,Continuous,Pronated,Other,No Elevation,Single Exercise,Hip Hinge,,,Sagittal Plane,,,Full Body,Pull,Compound,Unilateral,Bodybuilding
Single Arm Kettlebell Front Rack Contralateral Knee Over Toe Split Squat,Novice,Quadriceps,Quadriceps Femoris,Gluteus Maximus,,Kettlebell,1,None,0,Knee Over Toe Split Squat,Single Arm,Continuous,Neutral,Front Rack,No Elevation,Single Exercise,Knee Dominant,,,Sagittal Plane,,,Lower Body,Push,Compound,Contralateral,Bodybuilding
Single Arm Kettlebell Push Press,Novice,Shoulders,Anterior Deltoids,Triceps Brachii,,Kettlebell,1,None,0,Standing,Single Arm,Continuous,Pronated,Overhead,No Elevation,Single Exercise,Vertical Push,,,Sagittal Plane,,,Upper Body,Push,Compound,Unilateral,Unsorted*
Double Kettlebell Push Jerk,Novice,Shoulders,Anterior Deltoids,Triceps Brachii,Gluteus Minimus,Kettlebell,2,None,0,Standing,Double Arm,Continuous,Pronated,Overhead,No Elevation,Single Exercise,Vertical Push,,,Sagittal Plane,,,Upper Body,Push,Compound,Bilateral,Unsorted*
Single Arm Kettlebell Z Press,Intermediate,Shoulders,Anterior Deltoids,Triceps Brachii,,Kettlebell,1,None,0,Seated Floor,Single Arm,Continuous,Pronated,Overhead,No Elevation,Single Exercise,Vertical Push,,,Sagittal Plane,,,Upper Body,Push,Compound,Unilateral,Bodybuilding
Single Arm Kettlebell Contralateral Split Squat Thruster,Intermediate,Shoulders,Anterior Deltoids,Quadriceps Femoris,,Kettlebell,1,None,0,Split Squat,Single Arm,Continuous,Pronated,Overhead,No Elevation,Single Exercise,Vertical Push,Knee Dominant,,Sagittal Plane,,,Full Body,Push,Compound,Contralateral,Bodybuilding
Double Kettlebell Split Squat Thruster,Intermediate,Shoulders,Anterior Deltoids,Quadriceps Femoris,,Kettlebell,2,None,0,Split Squat,Double Arm,Continuous,Pronated,Overhead,No Elevation,Single Exercise,Vertical Push,Knee Dominant,,Sagittal Plane,,,Full Body,Push,Compound,Unilateral,Bodybuilding
Kettlebell Swing,Novice,Glutes,Gluteus Maximus,,,Kettlebell,1,None,0,Standing,Double Arm,Continuous,Pronated,Other,No Elevation,Single Exercise,Hip Hinge,,,Sagittal Plane,,,Full Body,Unsorted*,Compound,Bilateral,Ballistics
Alternating Single Arm Kettlebell Swing,Intermediate,Glutes,Gluteus Maximus,,,Kettlebell,1,None,0,Standing,Single Arm,Alternating,Pronated,Other,No Elevation,Single Exercise,Hip Hinge,,,Sagittal Plane,,,Full Body,Unsorted*,Compound,Unilateral,Ballistics
Alternating Single Arm Kettlebell Clean,Intermediate,Glutes,Gluteus Maximus,,,Kettlebell,1,None,0,Standing,Single Arm,Alternating,Neutral,Front Rack,No Elevation,Single Exercise,Hip Hinge,,,Sagittal Plane,,,Full Body,Unsorted*,Compound,Unilateral,Ballistics
Alternating Single Arm Kettlebell Snatch,Intermediate,Glutes,Gluteus Maximus,Anterior Deltoids,,Kettlebell,1,None,0,Standing,Single Arm,Alternating,Pronated,Overhead,No Elevation,Single Exercise,Hip Hinge,,,Sagittal Plane,,,Full Body,Unsorted*,Compound,Unilateral,Ballistics
Single Arm Kettlebell Sots Press,Intermediate,Shoulders,Anterior Deltoids,Triceps Brachii,,Kettlebell,1,None,0,Standing,Single Arm,Continuous,Pronated,Overhead,No Elevation,Single Exercise,Vertical Push,,,Sagittal Plane,,,Upper Body,Push,Compound,Unilateral,Bodybuilding
Single Arm Kettlebell Bottoms Up Overhead Contralateral Knee Over Toe Split Squat,Advanced,Quadriceps,Quadriceps Femoris,Gluteus Maximus,,Kettlebell,1,None,0,Knee Over Toe Split Squat,Single Arm,Continuous,Bottoms Up,Overhead,No Elevation,Single Exercise,Knee Dominant,,,Sagittal Plane,,,Lower Body,Push,Compound,Contralateral,Bodybuilding
Single Arm Kettlebell Staggered Stance Swing,Intermediate,Glutes,Gluteus Maximus,,,Kettlebell,1,None,0,Staggered Stance,Single Arm,Continuous,Pronated,Other,No Elevation,Single Exercise,Hip Hinge,,,Sagittal Plane,,,Full Body,Unsorted*,Compound,Unilateral,Ballistics
Alternating Single Arm Kettlebell Staggered Stance Swing,Intermediate,Glutes,Gluteus Maximus,,,Kettlebell,1,None,0,Staggered Stance,Single Arm,Alternating,Pronated,Other,No Elevation,Single Exercise,Hip Hinge,,,Sagittal Plane,,,Full Body,Unsorted*,Compound,Unilateral,Ballistics
Single Arm Kettlebell Half Kneeling Swing,Intermediate,Glutes,Gluteus Maximus,,,Kettlebell,1,None,0,Half Kneeling,Single Arm,Continuous,Pronated,Other,No Elevation,Single Exercise,Hip Hinge,,,Sagittal Plane,,,Full Body,Unsorted*,Compound,Unilateral,Ballistics
Double Kettlebell Outside Swing,Novice,Glutes,Gluteus Maximus,,,Kettlebell,2,None,0,Standing,Double Arm,Continuous,Neutral,Other,No Elevation,Single Exercise,Hip Hinge,,,Sagittal Plane,,,Full Body,Unsorted*,Compound,Bilateral,Ballistics
Double Kettlebell Outside Half Snatch,Intermediate,Glutes,Gluteus Maximus,Anterior Deltoids,,Kettlebell,2,None,0,Standing,Double Arm,Continuous,Pronated,Overhead,No Elevation,Single Exercise,Hip Hinge,,,Sagittal Plane,,,Full Body,Unsorted*,Compound,Bilateral,Ballistics
Double Kettlebell Outside Clean,Intermediate,Glutes,Gluteus Maximus,,,Kettlebell,2,None,0,Standing,Double Arm,Continuous,Neutral,Front Rack,No Elevation,Single Exercise,Hip Hinge,,,Sagittal Plane,,,Full Body,Unsorted*,Compound,Bilateral,Ballistics
Double Kettlebell Outside Clean and Press,Intermediate,Shoulders,Anterior Deltoids,Triceps Brachii,,Kettlebell,2,None,0,Standing,Double Arm,Continuous,Pronated,Overhead,No Elevation,Single Exercise,Hip Hinge,Vertical Push,,Sagittal Plane,,,Full Body,Unsorted*,Compound,Bilateral,Ballistics
Single Arm Kettlebell Side Swing,Intermediate,Abdominals,Obliques,,,Kettlebell,1,None,0,Standing,Single Arm,Continuous,Pronated,Other,No Elevation,Single Exercise,Rotational,,,Transverse Plane,,,Full Body,Other,Compound,Unilateral,Ballistics
Kettlebell Feet Elevated Russian Twist,Novice,Abdominals,Obliques,Rectus Abdominis,,Kettlebell,1,None,0,Seated Floor,Double Arm,Continuous,Horn Grip,Other,No Elevation,Single Exercise,Rotational,,,Transverse Plane,,,Midsection,Other,Compound,Bilateral,Unsorted*
Single Arm Kettlebell Clean to Press Windmill,Advanced,Abdominals,Obliques,Rectus Abdominis,,Kettlebell,1,None,0,Standing,Single Arm,Continuous,Neutral,Overhead,No Elevation,Combo Exercise,Hip Hinge,Rotational,,Transverse Plane,,,Full Body,Other,Compound,Unilateral,Hybrid - Ballistics & Grinds
Single Arm Kettlebell Half Kneeling Windmill,Intermediate,Abdominals,Obliques,Rectus Abdominis,,Kettlebell,1,None,0,Half Kneeling,Single Arm,Continuous,Pronated,Overhead,No Elevation,Single Exercise,Rotational,,,Transverse Plane,,,Midsection,Other,Compound,Unilateral,Grinds
Double Kettlebell Front Rack Skater Squat,Expert,Quadriceps,Quadriceps Femoris,Gluteus Maximus,,Kettlebell,2,None,0,Single Leg Standing,Double Arm,Continuous,Neutral,Front Rack,No Elevation,Single Exercise,Knee Dominant,,,Sagittal Plane,,,Lower Body,Push,Compound,Unilateral,Balance
Kettlebell Horn Grip Skater Squat,Advanced,Quadriceps,Quadriceps Femoris,Gluteus Maximus,,Kettlebell,1,None,0,Single Leg Standing,Double Arm,Continuous,Horn Grip,Front Rack,No Elevation,Single Exercise,Knee Dominant,,,Sagittal Plane,,,Lower Body,Push,Compound,Unilateral,Balance
Double Kettlebell Front Rack Pistol Squat,Advanced,Quadriceps,Quadriceps Femoris,Gluteus Maximus,,Kettlebell,2,None,0,Single Leg Standing,Double Arm,Continuous,Neutral,Front Rack,No Elevation,Single Exercise,Knee Dominant,,,Sagittal Plane,,,Lower Body,Push,Compound,Unilateral,Balance
Double Kettlebell Renegade Row,Intermediate,Back,Latissimus Dorsi,,,Kettlebell,2,None,0,Prone,Double Arm,Alternating,Neutral,Other,No Elevation,Single Exercise,Horizontal Pull,Anti-Extension,,Sagittal Plane,,,Upper Body,Pull,Compound,Unilateral,Bodybuilding
Single Arm Kettlebell Hollow Body Hold with Flutter Kicks,Intermediate,Abdominals,Rectus Abdominis,,,Kettlebell,1,None,0,Supine,Single Arm,Continuous,Pronated,Other,No Elevation,Single Exercise,Isometric Hold,,,Sagittal Plane,,,Midsection,Other,Compound,Unilateral,Unsorted*
Double Kettlebell Renegade Row Push Up,Intermediate,Back,Latissimus Dorsi,,,Kettlebell,2,None,0,Prone,Double Arm,Alternating,Neutral,Other,No Elevation,Single Exercise,Horizontal Pull,Horizontal Push,Anti-Extension,Sagittal Plane,,,Upper Body,Push & Pull,Compound,Unilateral,Bodybuilding
Double Kettlebell Clean to Overhead Press,Intermediate,Shoulders,Anterior Deltoids,Triceps Brachii,Gluteus Minimus,Kettlebell,2,None,0,Standing,Double Arm,Continuous,Pronated,Overhead,No Elevation,Combo Exercise,Hip Hinge,Vertical Push,,Sagittal Plane,,,Full Body,Unsorted*,Compound,Bilateral,Ballistics
Kettlebell Alternating Halo to Goblet Squat,Intermediate,Shoulders,Posterior Deltoids,Quadriceps Femoris,,Kettlebell,1,None,0,Standing,Double Arm,Continuous,Bottoms Up Horn Grip,Front Rack,No Elevation,Combo Exercise,Rotational,Knee Dominant,,Transverse Plane,,,Full Body,Push & Pull,Compound,Unilateral,Unsorted*
Single Arm Kettlebell Half Kneeling Contralateral Overhead Press,Intermediate,Shoulders,Anterior Deltoids,Triceps Brachii,,Kettlebell,1,None,0,Half Kneeling,Single Arm,Continuous,Pronated,Overhead,No Elevation,Single Exercise,Vertical Push,,,Sagittal Plane,,,Upper Body,Push,Compound,Contralateral,Bodybuilding
Double Kettlebell Seesaw Press,Novice,Shoulders,Anterior Deltoids,Triceps Brachii,,Kettlebell,2,None,0,Standing,Double Arm,Alternating,Pronated,Overhead,No Elevation,Single Exercise,Vertical Push,,,Sagittal Plane,,,Upper Body,Push,Compound,Unilateral,Unsorted*
Single Arm Kettlebell Side to Side Swing,Intermediate,Abdominals,Rectus Abdominis,,,Kettlebell,1,None,0,Standing,Single Arm,Continuous,Pronated,Other,No Elevation,Single Exercise,Rotational,,,Transverse Plane,,,Full Body,Other,Compound,Unilateral,Ballistics
Single Arm Kettlebell Half Kneeling Clean to Windmill Press,Advanced,Shoulders,Anterior Deltoids,Rectus Abdominis,,Kettlebell,1,None,0,Half Kneeling,Single Arm,Continuous,Neutral,Overhead,No Elevation,Combo Exercise,Rotational,,,Transverse Plane,,,Upper Body,Unsorted*,Compound,Unilateral,Hybrid - Ballistics & Grinds
Single Arm Kettlebell Bottoms Up Turkish Get Up,Advanced,Abdominals,Obliques,Rectus Abdominis,,Kettlebell,1,None,0,Supine,Single Arm,Continuous,Bottoms Up,Overhead,No Elevation,Single Exercise,Rotational,Other,,Transverse Plane,Sagittal Plane,,Full Body,Other,Compound,Unilateral,Grinds
Single Arm Kettlebell Thruster,Intermediate,Shoulders,Anterior Deltoids,Quadriceps Femoris,,Kettlebell,1,None,0,Standing,Single Arm,Continuous,Pronated,Overhead,No Elevation,Single Exercise,Vertical Push,Knee Dominant,,Sagittal Plane,,,Full Body,Push,Compound,Unilateral,Bodybuilding
Alternating Double Kettlebell Thruster,Intermediate,Shoulders,Anterior Deltoids,Quadriceps Femoris,,Kettlebell,2,None,0,Standing,Double Arm,Alternating,Pronated,Overhead,No Elevation,Single Exercise,Vertical Push,Knee Dominant,,Sagittal Plane,,,Full Body,Push,Compound,Unilateral,Bodybuilding
Single Arm Kettlebell Bottoms Up Clean to Overhead Press,Intermediate,Shoulders,Anterior Deltoids,Gluteus Maximus,,Kettlebell,1,None,0,Standing,Single Arm,Continuous,Bottoms Up,Overhead,No Elevation,Combo Exercise,Hip Hinge,Vertical Push,,Sagittal Plane,,,Full Body,Unsorted*,Compound,Unilateral,Ballistics
Single Arm Kettlebell Tactical Snatch,Advanced,Glutes,Gluteus Maximus,Anterior Deltoids,,Kettlebell,1,None,0,Standing,Single Arm,Alternating,Pronated,Overhead,No Elevation,Single Exercise,Vertical Push,,,Sagittal Plane,,,Full Body,Push,Compound,Unilateral,Ballistics
Single Arm Kettlebell Snatch to Overhead Contralateral Reverse Lunge,Advanced,Quadriceps,Quadriceps Femoris,Gluteus Maximus,Biceps Femoris,Kettlebell,1,None,0,Standing,Single Arm,Continuous,Pronated,Overhead,No Elevation,Combo Exercise,Hip Hinge,Knee Dominant,,Sagittal Plane,,,Full Body,Unsorted*,Compound,Contralateral,Ballistics
Double Kettlebell Snatch to Overhead Alternating Reverse Lunge,Advanced,Quadriceps,Quadriceps Femoris,Gluteus Maximus,Biceps Femoris,Kettlebell,2,None,0,Standing,Double Arm,Continuous,Pronated,Overhead,No Elevation,Combo Exercise,Hip Hinge,Knee Dominant,,Sagittal Plane,,,Full Body,Unsorted*,Compound,Unilateral,Ballistics
Single Arm Kettlebell Clean to Front Rack Contralateral Reverse Lunge,Intermediate,Quadriceps,Quadriceps Femoris,Gluteus Maximus,Biceps Femoris,Kettlebell,1,None,0,Standing,Single Arm,Continuous,Neutral,Front Rack,No Elevation,Combo Exercise,Hip Hinge,Knee Dominant,,Sagittal Plane,,,Full Body,Unsorted*,Compound,Contralateral,Ballistics
Double Kettlebell Clean to Front Rack Alternating Reverse Lunge,Intermediate,Quadriceps,Quadriceps Femoris,Gluteus Maximus,Biceps Femoris,Kettlebell,2,None,0,Standing,Double Arm,Continuous,Neutral,Front Rack,No Elevation,Combo Exercise,Hip Hinge,Knee Dominant,,Sagittal Plane,,,Full Body,Unsorted*,Compound,Unilateral,Ballistics
Parallette Push Up to L Sit,Advanced,Chest,Pectoralis Major,Rectus Abdominis,,Parallette Bars,2,None,0,Prone,Double Arm,Continuous,Neutral,No Load,No Elevation,Combo Exercise,Horizontal Push,Isometric Hold,,Sagittal Plane,,,Upper Body,Push,Compound,Bilateral,Calisthenics
Single Arm Kettlebell Split Jerk,Intermediate,Shoulders,Anterior Deltoids,Triceps Brachii,Gluteus Minimus,Kettlebell,1,None,0,Staggered Stance,Single Arm,Continuous,Pronated,Overhead,No Elevation,Single Exercise,Vertical Push,Hip Hinge,,Sagittal Plane,,,Full Body,Push,Compound,Unilateral,Unsorted*
Kettlebell Swing to Bottoms Up Horn Grip Goblet Squat,Intermediate,Glutes,Gluteus Maximus,Quadriceps Femoris,,Kettlebell,1,None,0,Standing,Double Arm,Continuous,Bottoms Up Horn Grip,Front Rack,No Elevation,Combo Exercise,Hip Hinge,Knee Dominant,,Sagittal Plane,,,Full Body,Unsorted*,Compound,Bilateral,Ballistics
Barbell Single Leg Standing Bent Knee Overhead Press,Expert,Shoulders,Anterior Deltoids,Triceps Brachii,,Barbell,1,None,0,Single Leg Standing Bent Knee,Double Arm,Continuous,Pronated,Overhead,No Elevation,Single Exercise,Vertical Push,,,Sagittal Plane,,,Upper Body,Push,Compound,Unilateral,Balance
Double Kettlebell Bottoms Up Clean to Front Rack Squat,Advanced,Glutes,Gluteus Maximus,Quadriceps Femoris,,Kettlebell,2,None,0,Standing,Double Arm,Continuous,Bottoms Up,Front Rack,No Elevation,Combo Exercise,Hip Hinge,Knee Dominant,,Sagittal Plane,,,Full Body,Unsorted*,Compound,Bilateral,Ballistics
Single Arm Barbell Bent Press,Advanced,Shoulders,Anterior Deltoids,Triceps Brachii,,Barbell,1,None,0,Standing,Single Arm,Continuous,Neutral,Overhead,No Elevation,Single Exercise,Rotational,Vertical Push,,Transverse Plane,,,Upper Body,Push,Compound,Unilateral,Grinds
Double Kettlebell Bottoms Up Overhead Squat,Advanced,Quadriceps,Quadriceps Femoris,Gluteus Maximus,,Kettlebell,2,None,0,Standing,Double Arm,Continuous,Bottoms Up,Overhead,No Elevation,Single Exercise,Knee Dominant,,,Sagittal Plane,,,Lower Body,Push,Compound,Bilateral,Unsorted*
Double Kettlebell Bottoms Up Thruster,Intermediate,Shoulders,Anterior Deltoids,Quadriceps Femoris,,Kettlebell,2,None,0,Standing,Double Arm,Continuous,Bottoms Up,Overhead,No Elevation,Single Exercise,Vertical Push,Knee Dominant,,Sagittal Plane,,,Full Body,Push,Compound,Bilateral,Bodybuilding
Single Arm Kettlebell Bottoms Up Tactical Snatch,Advanced,Glutes,Gluteus Maximus,Anterior Deltoids,,Kettlebell,1,None,0,Standing,Single Arm,Alternating,Bottoms Up,Overhead,No Elevation,Single Exercise,Hip Hinge,,,Sagittal Plane,,,Full Body,Unsorted*,Compound,Unilateral,Ballistics
Single Arm Kettlebell Bottoms Up Z Press,Intermediate,Shoulders,Anterior Deltoids,Triceps Brachii,,Kettlebell,1,None,0,Seated Floor,Single Arm,Continuous,Bottoms Up,Overhead,No Elevation,Single Exercise,Vertical Push,,,Sagittal Plane,,,Upper Body,Push,Compound,Unilateral,Bodybuilding
Double Kettlebell Bottoms Up Z Press,Intermediate,Shoulders,Anterior Deltoids,Triceps Brachii,,Kettlebell,2,None,0,Seated Floor,Double Arm,Continuous,Bottoms Up,Overhead,No Elevation,Single Exercise,Vertical Push,,,Sagittal Plane,,,Upper Body,Push,Compound,Bilateral,Bodybuilding
Double Kettlebell Sots Press,Intermediate,Shoulders,Anterior Deltoids,Triceps Brachii,,Kettlebell,2,None,0,Standing,Double Arm,Continuous,Pronated,Overhead,No Elevation,Single Exercise,Vertical Push,,,Sagittal Plane,,,Upper Body,Push,Compound,Bilateral,Bodybuilding
Alternating Double Kettlebell Sots Press,Intermediate,Shoulders,Anterior Deltoids,Triceps Brachii,,Kettlebell,2,None,0,Standing,Double Arm,Alternating,Pronated,Overhead,No Elevation,Single Exercise,Vertical Push,,,Sagittal Plane,,,Upper Body,Push,Compound,Unilateral,Bodybuilding
Single Arm Kettlebell Bottoms Up Sots Press,Advanced,Shoulders,Anterior Deltoids,Triceps Brachii,,Kettlebell,1,None,0,Standing,Single Arm,Continuous,Bottoms Up,Overhead,No Elevation,Single Exercise,Vertical Push,,,Sagittal Plane,,,Upper Body,Push,Compound,Unilateral,Bodybuilding
Barbell Overhead Bulgarian Split Squat,Advanced,Quadriceps,Quadriceps Femoris,Gluteus Maximus,,Barbell,1,Bench (Flat),1,Single Leg Supported,Double Arm,Continuous,Pronated,Overhead,Foot Elevated (Rear),Single Exercise,Knee Dominant,,,Sagittal Plane,,,Lower Body,Push,Compound,Unilateral,Bodybuilding
Barbell Bulgarian Split Squat Thruster,Advanced,Shoulders,Anterior Deltoids,Quadriceps Femoris,Gluteus Maximus,Barbell,1,Bench (Flat),1,Single Leg Supported,Double Arm,Continuous,Pronated,Overhead,Foot Elevated (Rear),Combo Exercise,Vertical Push,Knee Dominant,,Sagittal Plane,,,Full Body,Push,Compound,Unilateral,Bodybuilding
Single Arm Barbell Overhead Bulgarian Split Squat,Expert,Quadriceps,Quadriceps Femoris,Gluteus Maximus,,Barbell,1,Bench (Flat),1,Single Leg Supported,Single Arm,Continuous,Pronated,Overhead,Foot Elevated (Rear),Single Exercise,Knee Dominant,,,Sagittal Plane,,,Lower Body,Push,Compound,Unilateral,Bodybuilding
Double Kettlebell Bottoms Up Sots Press,Advanced,Shoulders,Anterior Deltoids,Triceps Brachii,,Kettlebell,2,None,0,Standing,Double Arm,Continuous,Bottoms Up,Overhead,No Elevation,Single Exercise,Vertical Push,,,Sagittal Plane,,,Upper Body,Push,Compound,Bilateral,Bodybuilding
Alternating Double Kettlebell Bottoms Up Sots Press,Advanced,Shoulders,Anterior Deltoids,Triceps Brachii,,Kettlebell,2,None,0,Standing,Double Arm,Alternating,Bottoms Up,Overhead,No Elevation,Single Exercise,Vertical Push,,,Sagittal Plane,,,Upper Body,Push,Compound,Unilateral,Bodybuilding
Double Kettlebell Seesaw Sots Press,Intermediate,Shoulders,Anterior Deltoids,Triceps Brachii,,Kettlebell,2,None,0,Standing,Double Arm,Alternating,Pronated,Overhead,No Elevation,Single Exercise,Vertical Push,,,Sagittal Plane,,,Upper Body,Push,Compound,Unilateral,Bodybuilding
Double Kettlebell Bottoms Up Seesaw Sots Press,Advanced,Shoulders,Anterior Deltoids,Triceps Brachii,,Kettlebell,2,None,0,Standing,Double Arm,Alternating,Bottoms Up,Overhead,No Elevation,Single Exercise,Vertical Push,,,Sagittal Plane,,,Upper Body,Push,Compound,Unilateral,Bodybuilding
Bodyweight Standing Wall Angels,Beginner,Shoulders,Posterior Deltoids,Infraspinatus,Teres Minor,Bodyweight,1,None,0,Standing,Double Arm,Continuous,No Grip,No Load,No Elevation,Single Exercise,Vertical Push,,,Sagittal Plane,,,Upper Body,Push,Compound,Bilateral,Unsorted*
Alternating Double Kettlebell Z Press,Novice,Shoulders,Anterior Deltoids,Triceps Brachii,,Kettlebell,2,None,0,Seated Floor,Double Arm,Alternating,Pronated,Overhead,No Elevation,Single Exercise,Vertical Push,,,Sagittal Plane,,,Upper Body,Push,Compound,Unilateral,Bodybuilding
Double Kettlebell Seesaw Z Press,Novice,Shoulders,Anterior Deltoids,Triceps Brachii,,Kettlebell,2,None,0,Seated Floor,Double Arm,Alternating,Pronated,Overhead,No Elevation,Single Exercise,Vertical Push,,,Sagittal Plane,,,Upper Body,Push,Compound,Unilateral,Bodybuilding
Double Plate Lu Raise,Novice,Shoulders,Infraspinatus,Posterior Deltoids,,Weight Plate,2,None,0,Standing,Double Arm,Continuous,Other,Overhead,No Elevation,Single Exercise,Shoulder Abduction,,,Frontal Plane,,,Upper Body,Unsorted*,Compound,Bilateral,Mobility
Single Arm Plate Windmill,Advanced,Abdominals,Obliques,Rectus Abdominis,,Weight Plate,1,None,0,Standing,Single Arm,Continuous,Flat Palm,Overhead,No Elevation,Single Exercise,Rotational,,,Transverse Plane,,,Midsection,Other,Compound,Unilateral,Grinds
Single Arm Plate Turkish Get Up,Advanced,Abdominals,Obliques,Rectus Abdominis,,Weight Plate,1,None,0,Supine,Single Arm,Continuous,Flat Palm,Overhead,No Elevation,Single Exercise,Rotational,,,Transverse Plane,Sagittal Plane,,Full Body,Other,Compound,Unilateral,Grinds
Plate Steering Wheel,Novice,Shoulders,Anterior Deltoids,,,Weight Plate,1,None,0,Standing,Double Arm,Continuous,Neutral,Other,No Elevation,Single Exercise,Isometric Hold,Rotational,,Frontal Plane,,,Upper Body,Unsorted*,Compound,Bilateral,Unsorted*
Double Kettlebell Bottoms Up Seesaw Press,Intermediate,Shoulders,Anterior Deltoids,Triceps Brachii,,Kettlebell,2,None,0,Standing,Double Arm,Alternating,Bottoms Up,Overhead,No Elevation,Single Exercise,Vertical Push,,,Sagittal Plane,,,Upper Body,Push,Compound,Unilateral,Unsorted*
Double Kettlebell Bottoms Up Seesaw Z Press,Intermediate,Shoulders,Anterior Deltoids,Triceps Brachii,,Kettlebell,2,None,0,Seated Floor,Double Arm,Alternating,Bottoms Up,Overhead,No Elevation,Single Exercise,Vertical Push,,,Sagittal Plane,,,Upper Body,Push,Compound,Unilateral,Bodybuilding
Double Kettlebell Bottoms Up Snatch,Advanced,Glutes,Gluteus Maximus,Anterior Deltoids,,Kettlebell,2,None,0,Standing,Double Arm,Continuous,Bottoms Up,Overhead,No Elevation,Single Exercise,Hip Hinge,,,Sagittal Plane,,,Full Body,Unsorted*,Compound,Bilateral,Ballistics
Alternating Single Arm Kettlebell Bottoms Up Snatch,Advanced,Glutes,Gluteus Maximus,Anterior Deltoids,,Kettlebell,1,None,0,Standing,Single Arm,Alternating,Bottoms Up,Overhead,No Elevation,Single Exercise,Hip Hinge,,,Sagittal Plane,,,Full Body,Unsorted*,Compound,Unilateral,Ballistics
Alternating Single Arm Kettlebell Around the World High Catch,Intermediate,Abdominals,Rectus Abdominis,,,Kettlebell,1,None,0,Standing,Single Arm,Alternating,Pronated,Other,No Elevation,Single Exercise,Anti-Rotational,Knee Dominant,,Transverse Plane,,,Unsorted*,Other,Compound,Unilateral,Unsorted*
Alternating Single Arm Kettlebell Tall Kneeling Around the World High Catch,Intermediate,Abdominals,Rectus Abdominis,,,Kettlebell,1,None,0,Tall Kneeling,Single Arm,Alternating,Pronated,Other,No Elevation,Single Exercise,Anti-Rotational,,,Transverse Plane,,,Unsorted*,Other,Compound,Unilateral,Unsorted*
Single Arm Kettlebell Around the World,Novice,Abdominals,Rectus Abdominis,,,Kettlebell,1,None,0,Standing,Single Arm,Continuous,Pronated,Other,No Elevation,Single Exercise,Anti-Rotational,,,Transverse Plane,,,Unsorted*,Other,Compound,Unilateral,Unsorted*
Suspension Single Leg Standing Bent Knee Reverse Fly,Intermediate,Shoulders,Posterior Deltoids,,,Suspension Trainer,1,None,0,Single Leg Standing Bent Knee,Double Arm,Continuous,Neutral,No Load,No Elevation,Single Exercise,Horizontal Pull,,,Sagittal Plane,,,Upper Body,Pull,Compound,Unilateral,Balance
Suspension Reverse Fly,Beginner,Shoulders,Posterior Deltoids,,,Suspension Trainer,1,None,0,Standing,Double Arm,Continuous,Neutral,No Load,No Elevation,Single Exercise,Horizontal Pull,,,Sagittal Plane,,,Upper Body,Pull,Compound,Bilateral,Unsorted*
Suspension Single Leg Standing Bent Knee Y Raise,Intermediate,Shoulders,Posterior Deltoids,,,Suspension Trainer,1,None,0,Single Leg Standing Bent Knee,Double Arm,Continuous,Pronated,No Load,No Elevation,Single Exercise,,,,Sagittal Plane,,,Upper Body,Pull,Compound,Unilateral,Balance
Suspension Single Leg Standing Bent Knee Face Pull,Intermediate,Shoulders,Posterior Deltoids,Infraspinatus,Teres Minor,Suspension Trainer,1,None,0,Single Leg Standing Bent Knee,Double Arm,Continuous,Pronated,No Load,No Elevation,Single Exercise,Shoulder External Rotation,,,Transverse Plane,,,Upper Body,Pull,Compound,Bilateral,Balance
Suspension Single Leg Standing Bent Knee Face Pull to Overhead Press,Intermediate,Shoulders,Posterior Deltoids,Infraspinatus,Teres Minor,Suspension Trainer,1,None,0,Single Leg Standing Bent Knee,Double Arm,Continuous,Pronated,Overhead,No Elevation,Combo Exercise,Shoulder External Rotation,Vertical Push,,Transverse Plane,,,Upper Body,Push & Pull,Compound,Bilateral,Balance
Alternating Single Arm Kettlebell Around the World,Novice,Abdominals,Rectus Abdominis,,,Kettlebell,1,None,0,Standing,Single Arm,Alternating,Pronated,Other,No Elevation,Single Exercise,Anti-Rotational,,,Transverse Plane,,,Unsorted*,Other,Compound,Unilateral,Unsorted*
Single Arm Kettlebell Tall Kneeling Around the World,Novice,Abdominals,Rectus Abdominis,,,Kettlebell,1,None,0,Tall Kneeling,Single Arm,Continuous,Pronated,Other,No Elevation,Single Exercise,Anti-Rotational,,,Transverse Plane,,,Unsorted*,Other,Compound,Unilateral,Unsorted*
Alternating Single Arm Tall Kneeling Around the World,Novice,Abdominals,Rectus Abdominis,,,Kettlebell,1,None,0,Tall Kneeling,Single Arm,Alternating,Pronated,Other,No Elevation,Single Exercise,Anti-Rotational,,,Transverse Plane,,,Unsorted*,Other,Compound,Unilateral,Unsorted*
Single Arm Kettlebell Waiter Clean,Advanced,Glutes,Gluteus Maximus,,,Kettlebell,1,None,0,Standing,Single Arm,Continuous,Waiter Hold,Front Rack,No Elevation,Single Exercise,Hip Hinge,,,Sagittal Plane,,,Full Body,Unsorted*,Compound,Unilateral,Ballistics
Single Arm Kettlebell Waiter Clean Hot Potato,Advanced,Glutes,Gluteus Maximus,,,Kettlebell,1,None,0,Standing,Single Arm,Continuous,Waiter Hold,Front Rack,No Elevation,Single Exercise,Hip Hinge,,,Sagittal Plane,,,Full Body,Unsorted*,Compound,Unilateral,Ballistics
Alternating Single Arm Kettlebell Waiter Clean,Advanced,Glutes,Gluteus Maximus,,,Kettlebell,1,None,0,Standing,Single Arm,Alternating,Waiter Hold,Front Rack,No Elevation,Single Exercise,Hip Hinge,,,Sagittal Plane,,,Full Body,Unsorted*,Compound,Unilateral,Ballistics
Double Kettlebell Waiter Clean,Advanced,Glutes,Gluteus Maximus,,,Kettlebell,2,None,0,Standing,Double Arm,Continuous,Waiter Hold,Front Rack,No Elevation,Single Exercise,Hip Hinge,,,Sagittal Plane,,,Full Body,Unsorted*,Compound,Bilateral,Ballistics
Double Kettlebell Waiter Clean to Overhead Press,Advanced,Glutes,Gluteus Maximus,,,Kettlebell,2,None,0,Standing,Double Arm,Continuous,Waiter Hold,Overhead,No Elevation,Combo Exercise,Hip Hinge,Vertical Push,,Sagittal Plane,,,Full Body,Unsorted*,Compound,Bilateral,Ballistics
Single Arm Kettlebell Tactical Waiter Clean,Advanced,Glutes,Gluteus Maximus,,,Kettlebell,1,None,0,Standing,Single Arm,Alternating,Waiter Hold,Front Rack,No Elevation,Single Exercise,Hip Hinge,,,Sagittal Plane,,,Full Body,Unsorted*,Compound,Unilateral,Ballistics
Single Arm Kettlebell Tactical Waiter Clean to Overhead Press,Advanced,Glutes,Gluteus Maximus,Anterior Deltoids,,Kettlebell,1,None,0,Standing,Single Arm,Alternating,Waiter Hold,Overhead,No Elevation,Combo Exercise,Hip Hinge,Vertical Push,,Sagittal Plane,,,Full Body,Unsorted*,Compound,Unilateral,Ballistics
Double Kettlebell Waiter Clean to Alternating Overhead Press,Advanced,Glutes,Gluteus Maximus,Anterior Deltoids,,Kettlebell,2,None,0,Standing,Double Arm,Alternating,Waiter Hold,Overhead,No Elevation,Combo Exercise,Hip Hinge,Vertical Push,,Sagittal Plane,,,Full Body,Unsorted*,Compound,Unilateral,Ballistics
Single Arm Kettlebell Waiter Snatch,Advanced,Glutes,Gluteus Maximus,Anterior Deltoids,,Kettlebell,1,None,0,Standing,Single Arm,Continuous,Waiter Hold,Overhead,No Elevation,Single Exercise,Hip Hinge,,,Sagittal Plane,,,Full Body,Unsorted*,Compound,Unilateral,Ballistics
Alternating Single Arm Kettlebell Waiter Snatch,Advanced,Glutes,Gluteus Maximus,Anterior Deltoids,,Kettlebell,1,None,0,Standing,Single Arm,Alternating,Waiter Hold,Overhead,No Elevation,Single Exercise,Hip Hinge,,,Sagittal Plane,,,Full Body,Unsorted*,Compound,Unilateral,Ballistics
Barbell Overhead Pistol Squat,Expert,Quadriceps,Quadriceps Femoris,Gluteus Maximus,,Barbell,1,None,0,Single Leg Standing,Double Arm,Continuous,Pronated,Overhead,No Elevation,Single Exercise,Knee Dominant,,,Sagittal Plane,,,Lower Body,Push,Compound,Unilateral,Balance
Suspension Cuban Press,Novice,Shoulders,Posterior Deltoids,Triceps Brachii,,Suspension Trainer,1,None,0,Standing,Double Arm,Continuous,Pronated,No Load,No Elevation,Single Exercise,Shoulder External Rotation,Vertical Push,Horizontal Pull,Transverse Plane,,,Upper Body,Push & Pull,Compound,Bilateral,Unsorted*
Suspension Single Leg Standing Bent Knee Cuban Press,Intermediate,Shoulders,Posterior Deltoids,Triceps Brachii,,Suspension Trainer,1,None,0,Single Leg Standing Bent Knee,Double Arm,Continuous,Pronated,No Load,No Elevation,Single Exercise,Shoulder External Rotation,Vertical Push,,Transverse Plane,,,Upper Body,Push & Pull,Compound,Unilateral,Balance
Single Arm Kettlebell Tactical Waiter Snatch,Advanced,Glutes,Gluteus Maximus,Anterior Deltoids,,Kettlebell,1,None,0,Standing,Single Arm,Alternating,Waiter Hold,Overhead,No Elevation,Single Exercise,Hip Hinge,,,Sagittal Plane,,,Full Body,Unsorted*,Compound,Unilateral,Ballistics
Single Arm Barbell Overhead Knee Over Toe Split Squat,Expert,Quadriceps,Quadriceps Femoris,Gluteus Maximus,,Barbell,1,None,0,Knee Over Toe Split Squat,Single Arm,Continuous,Pronated,Overhead,No Elevation,Single Exercise,Knee Dominant,,,Sagittal Plane,,,Lower Body,Push,Compound,Unilateral,Bodybuilding
Single Arm Barbell Knee Over Toe Split Squat Thruster,Expert,Shoulders,Anterior Deltoids,Quadriceps Femoris,Gluteus Maximus,Barbell,1,None,0,Knee Over Toe Split Squat,Single Arm,Continuous,Pronated,Overhead,No Elevation,Combo Exercise,Vertical Push,Knee Dominant,,Sagittal Plane,,,Full Body,Push,Compound,Unilateral,Bodybuilding
Barbell Knee Over Toe Split Squat Thruster,Advanced,Shoulders,Anterior Deltoids,Quadriceps Femoris,Gluteus Maximus,Barbell,1,None,0,Knee Over Toe Split Squat,Double Arm,Continuous,Pronated,Overhead,No Elevation,Combo Exercise,Vertical Push,Knee Dominant,,Sagittal Plane,,,Full Body,Push,Compound,Unilateral,Bodybuilding
Double Kettlebell Waiter Snatch,Advanced,Glutes,Gluteus Maximus,Anterior Deltoids,,Kettlebell,2,None,0,Standing,Double Arm,Continuous,Waiter Hold,Overhead,No Elevation,Single Exercise,Hip Hinge,,,Sagittal Plane,,,Full Body,Unsorted*,Compound,Bilateral,Ballistics
Double Kettlebell Waiter Clean to Thruster,Advanced,Shoulders,Anterior Deltoids,Quadriceps Femoris,,Kettlebell,2,None,0,Standing,Double Arm,Continuous,Waiter Hold,Overhead,No Elevation,Combo Exercise,Vertical Push,Knee Dominant,,Sagittal Plane,,,Full Body,Unsorted*,Compound,Bilateral,Ballistics
Kettlebell Start Stop Swing,Novice,Glutes,Gluteus Maximus,,,Kettlebell,1,None,0,Standing,Double Arm,Continuous,Pronated,Other,No Elevation,Single Exercise,Hip Hinge,,,Sagittal Plane,,,Full Body,Unsorted*,Compound,Bilateral,Ballistics
Double Kettlebell Dead Clean,Intermediate,Glutes,Gluteus Maximus,,,Kettlebell,2,None,0,Standing,Double Arm,Continuous,Neutral,Front Rack,No Elevation,Single Exercise,Hip Hinge,,,Sagittal Plane,,,Full Body,Unsorted*,Compound,Bilateral,Ballistics
Single Arm Barbell Bulgarian Split Squat Thruster,Expert,Shoulders,Anterior Deltoids,Quadriceps Femoris,Gluteus Maximus,Barbell,1,Bench (Flat),1,Single Leg Supported,Single Arm,Continuous,Pronated,Overhead,Foot Elevated (Rear),Combo Exercise,Vertical Push,Knee Dominant,,Sagittal Plane,,,Full Body,Push,Compound,Unilateral,Bodybuilding
Single Arm Barbell Windmill,Expert,Abdominals,Obliques,Rectus Abdominis,,Barbell,1,None,0,Standing,Single Arm,Continuous,Pronated,Overhead,No Elevation,Single Exercise,Rotational,,,Transverse Plane,,,Midsection,Other,Compound,Unilateral,Grinds
Bodyweight Windmill,Novice,Abdominals,Obliques,,,Bodyweight,1,None,0,Standing,Double Arm,Continuous,No Grip,No Load,No Elevation,Single Exercise,Rotational,,,Transverse Plane,,,Midsection,Other,Compound,Unilateral,Grinds
Superband Split Squat Isometric Pallof Press,Intermediate,Abdominals,Obliques,Rectus Abdominis,,Superband,1,None,0,Split Squat Isometric,Double Arm,Continuous,Neutral,Other,No Elevation,Single Exercise,Anti-Rotational,Isometric Hold,,Frontal Plane,,,Full Body,Other,Compound,Unilateral,Balance
Single Arm Barbell Turkish Get Up,Expert,Abdominals,Obliques,Rectus Abdominis,,Barbell,1,None,0,Supine,Single Arm,Continuous,Pronated,Overhead,No Elevation,Single Exercise,Rotational,,,Transverse Plane,Sagittal Plane,,Full Body,Other,Compound,Unilateral,Grinds
Single Arm Barbell Single Leg Standing Bent Knee Contralateral Overhead Press,Expert,Shoulders,Anterior Deltoids,Rectus Abdominis,,Barbell,1,None,0,Single Leg Standing Bent Knee,Single Arm,Continuous,Pronated,Overhead,No Elevation,Single Exercise,Vertical Push,,,Sagittal Plane,,,Upper Body,Push,Compound,Contralateral,Balance
Single Arm Barbell Single Leg Standing Bent Knee Ipsilateral Overhead Press,Expert,Shoulders,Anterior Deltoids,Rectus Abdominis,,Barbell,1,None,0,Single Leg Standing Bent Knee,Single Arm,Continuous,Pronated,Overhead,No Elevation,Single Exercise,Vertical Push,,,Sagittal Plane,,,Upper Body,Push,Compound,Ipsilateral,Balance
Single Arm Kettlebell Half Kneeling Side Press,Intermediate,Shoulders,Anterior Deltoids,Rectus Abdominis,,Kettlebell,1,None,0,Half Kneeling,Single Arm,Continuous,Neutral,Overhead,No Elevation,Single Exercise,Rotational,Vertical Push,,Transverse Plane,,,Upper Body,Unsorted*,Compound,Unilateral,Grinds
Single Arm Kettlebell Bottoms Up Thruster,Intermediate,Shoulders,Anterior Deltoids,Quadriceps Femoris,,Kettlebell,1,None,0,Standing,Single Arm,Continuous,Bottoms Up,Overhead,No Elevation,Single Exercise,Vertical Push,Knee Dominant,,Sagittal Plane,,,Full Body,Push,Compound,Unilateral,Bodybuilding
Alternating Double Kettlebell Bottoms Up Thruster,Intermediate,Shoulders,Anterior Deltoids,Quadriceps Femoris,,Kettlebell,2,None,0,Standing,Double Arm,Alternating,Bottoms Up,Overhead,No Elevation,Single Exercise,Vertical Push,Knee Dominant,,Sagittal Plane,,,Full Body,Push,Compound,Unilateral,Bodybuilding
Single Arm Kettlebell Dead Clean,Intermediate,Glutes,Gluteus Maximus,,,Kettlebell,1,None,0,Standing,Single Arm,Continuous,Neutral,Front Rack,No Elevation,Single Exercise,Hip Hinge,,,Sagittal Plane,,,Full Body,Unsorted*,Compound,Unilateral,Ballistics
Alternating Single Arm Kettlebell Dead Clean,Intermediate,Glutes,Gluteus Maximus,,,Kettlebell,1,None,0,Standing,Single Arm,Alternating,Neutral,Front Rack,No Elevation,Single Exercise,Hip Hinge,,,Sagittal Plane,,,Full Body,Unsorted*,Compound,Unilateral,Ballistics
Double Kettlebell Push Up to L Sit,Expert,Chest,Pectoralis Major,Rectus Abdominis,,Kettlebell,2,None,0,Prone,Double Arm,Continuous,Neutral,No Load,No Elevation,Combo Exercise,Horizontal Push,Isometric Hold,,Sagittal Plane,,,Upper Body,Push,Compound,Bilateral,Calisthenics
Single Arm Kettlebell Bottoms Up Half Kneeling Windmill,Advanced,Abdominals,Obliques,Rectus Abdominis,,Kettlebell,1,None,0,Half Kneeling,Single Arm,Continuous,Bottoms Up,Overhead,No Elevation,Single Exercise,Rotational,,,Transverse Plane,,,Midsection,Other,Compound,Unilateral,Grinds
Alternating Single Arm Kettlebell Half Kneeling Around the World High Catch,Intermediate,Abdominals,Rectus Abdominis,,,Kettlebell,1,None,0,Half Kneeling,Single Arm,Alternating,Pronated,Other,No Elevation,Single Exercise,Anti-Rotational,,,Transverse Plane,,,Unsorted*,Other,Compound,Unilateral,Unsorted*
Bodyweight Single Arm Contralateral Single Leg Push Up,Expert,Chest,Pectoralis Major,Rectus Abdominis,,Bodyweight,1,None,0,Prone,Single Arm,Continuous,Flat Palm,No Load,No Elevation,Single Exercise,Horizontal Push,,,Sagittal Plane,,,Upper Body,Push,Compound,Contralateral,Calisthenics
Single Arm Barbell Overhead Toe Balance Squat,Expert,Quadriceps,Quadriceps Femoris,Gluteus Maximus,,Barbell,1,None,0,Toe Balance,Single Arm,Continuous,Pronated,Overhead,No Elevation,Single Exercise,Knee Dominant,,,Sagittal Plane,,,Lower Body,Push,Compound,Unilateral,Balance
Barbell Overhead Toe Balance Squat,Advanced,Quadriceps,Quadriceps Femoris,Gluteus Maximus,,Barbell,1,None,0,Toe Balance,Double Arm,Continuous,Pronated,Overhead,No Elevation,Single Exercise,Knee Dominant,,,Sagittal Plane,,,Lower Body,Push,Compound,Bilateral,Balance
Ring Kneeling Rollout,Intermediate,Abdominals,Rectus Abdominis,,,Gymnastic Rings,2,None,0,Kneeling,Double Arm,Continuous,Pronated,No Load,No Elevation,Single Exercise,Anti-Extension,,,Sagittal Plane,,,Midsection,Other,Compound,Bilateral,Calisthenics
Single Arm Ring Kneeling Rollout,Advanced,Abdominals,Rectus Abdominis,,,Gymnastic Rings,1,None,0,Kneeling,Single Arm,Continuous,Pronated,No Load,No Elevation,Single Exercise,Anti-Extension,,,Sagittal Plane,,,Midsection,Other,Compound,Unilateral,Calisthenics
Ring Standing Rollout,Advanced,Abdominals,Rectus Abdominis,,,Gymnastic Rings,2,None,0,Standing,Double Arm,Continuous,Pronated,No Load,No Elevation,Single Exercise,Anti-Extension,,,Sagittal Plane,,,Midsection,Other,Compound,Bilateral,Calisthenics
Ring Alternating Reach Push Up,Advanced,Chest,Pectoralis Major,Rectus Abdominis,,Gymnastic Rings,2,None,0,Prone,Double Arm,Alternating,Pronated,No Load,No Elevation,Single Exercise,Horizontal Push,,,Sagittal Plane,,,Upper Body,Push,Compound,Bilateral,Calisthenics
Ring L Sit Dips,Advanced,Triceps,Triceps Brachii,Rectus Abdominis,,Gymnastic Rings,2,None,0,Hanging,Double Arm,Continuous,Neutral,No Load,No Elevation,Single Exercise,Vertical Push,,,Sagittal Plane,,,Upper Body,Push,Compound,Bilateral,Calisthenics
Single Arm Kettlebell Bent Press,Intermediate,Shoulders,Anterior Deltoids,Triceps Brachii,,Kettlebell,1,None,0,Standing,Single Arm,Continuous,Pronated,Overhead,No Elevation,Single Exercise,Rotational,Vertical Push,,Transverse Plane,,,Unsorted*,Push,Compound,Unilateral,Grinds
Alternating Single Arm Kettlebell Around the World High Catch to Squat,Intermediate,Abdominals,Rectus Abdominis,Quadriceps Femoris,,Kettlebell,1,None,0,Standing,Single Arm,Alternating,Pronated,Other,No Elevation,Single Exercise,Rotational,Knee Dominant,,Transverse Plane,,,Unsorted*,Push,Compound,Unilateral,Unsorted*
Double Kettlebell Overhead Alternating Cossack Squat,Intermediate,Quadriceps,Quadriceps Femoris,Adductor Magnus,Gluteus Maximus,Kettlebell,2,None,0,Standing,Double Arm,Continuous,Pronated,Overhead,No Elevation,Single Exercise,Knee Dominant,,,Frontal Plane,,,Lower Body,Push,Compound,Unilateral,Bodybuilding
Double Kettlebell Front Rack Cossack Squat,Novice,Quadriceps,Quadriceps Femoris,Adductor Magnus,Gluteus Maximus,Kettlebell,2,None,0,Standing,Double Arm,Continuous,Neutral,Front Rack,No Elevation,Single Exercise,Knee Dominant,,,Frontal Plane,,,Lower Body,Push,Compound,Unilateral,Bodybuilding
Double Kettlebell Front Rack Low Switch Cossack Squat,Intermediate,Quadriceps,Quadriceps Femoris,Adductor Magnus,Gluteus Maximus,Kettlebell,2,None,0,Standing,Double Arm,Continuous,Neutral,Front Rack,No Elevation,Single Exercise,Knee Dominant,,,Frontal Plane,,,Lower Body,Push,Compound,Unilateral,Bodybuilding
Alternating Single Arm Kettlebell Bottoms Up Clean to Overhead Press,Intermediate,Shoulders,Anterior Deltoids,Gluteus Maximus,,Kettlebell,1,None,0,Standing,Single Arm,Alternating,Bottoms Up,Overhead,No Elevation,Combo Exercise,Vertical Push,Hip Hinge,,Sagittal Plane,,,Full Body,Unsorted*,Compound,Unilateral,Ballistics
Double Kettlebell Bottoms Up Clean to Overhead Press,Intermediate,Shoulders,Anterior Deltoids,Gluteus Maximus,,Kettlebell,2,None,0,Standing,Double Arm,Continuous,Bottoms Up,Overhead,No Elevation,Combo Exercise,Vertical Push,Hip Hinge,,Sagittal Plane,,,Full Body,Unsorted*,Compound,Bilateral,Ballistics
Double Kettlebell Bottoms Up Overhead Knee Over Toe Split Squat,Advanced,Quadriceps,Quadriceps Femoris,Gluteus Maximus,,Kettlebell,2,None,0,Knee Over Toe Split Squat,Double Arm,Continuous,Bottoms Up,Overhead,No Elevation,Single Exercise,Knee Dominant,,,Sagittal Plane,,,Lower Body,Push,Compound,Unilateral,Bodybuilding
Barbell Decline Bench Press,Novice,Chest,Pectoralis Major,Triceps Brachii,Anterior Deltoids,Barbell,1,Bench (Decline),1,Supine,Double Arm,Continuous,Pronated,Above Chest,No Elevation,Single Exercise,Horizontal Push,,,Sagittal Plane,,,Upper Body,Push,Compound,Bilateral,Bodybuilding
Bodyweight Bulgarian Split Squat,Novice,Quadriceps,Quadriceps Femoris,Gluteus Maximus,,Bodyweight,1,Bench (Flat),1,Single Leg Supported,No Arms,Continuous,No Grip,No Load,Foot Elevated (Rear),Single Exercise,Knee Dominant,,,Sagittal Plane,,,Lower Body,Push,Compound,Unilateral,Bodybuilding
Plate Otis Up,Novice,Abdominals,Rectus Abdominis,,,Weight Plate,1,None,0,Supine,Double Arm,Continuous,Neutral,Overhead,No Elevation,Single Exercise,Spinal Flexion,,,Sagittal Plane,,,Midsection,Other,Compound,Bilateral,Unsorted*
Single Arm Kettlebell Swing to Bottoms Up Horn Grip Goblet Squat,Intermediate,Glutes,Gluteus Maximus,Quadriceps Femoris,,Kettlebell,1,None,0,Standing,Single Arm,Continuous,Bottoms Up Horn Grip,Front Rack,No Elevation,Combo Exercise,Hip Hinge,Knee Dominant,,Sagittal Plane,,,Full Body,Unsorted*,Compound,Unilateral,Ballistics
Double Kettlebell Overhead Pistol Squat,Expert,Quadriceps,Quadriceps Femoris,Gluteus Maximus,,Kettlebell,2,None,0,Single Leg Standing,Double Arm,Continuous,Pronated,Overhead,No Elevation,Single Exercise,Knee Dominant,,,Sagittal Plane,,,Lower Body,Push,Compound,Unilateral,Balance
Double Kettlebell Bottoms Up Front Rack Pistol Squat,Expert,Quadriceps,Quadriceps Femoris,Gluteus Maximus,,Kettlebell,2,None,0,Single Leg Standing,Double Arm,Continuous,Bottoms Up,Front Rack,No Elevation,Single Exercise,Knee Dominant,,,Sagittal Plane,,,Lower Body,Push,Compound,Unilateral,Balance
Double Kettlebell Bottoms Up Overhead Pistol Squat,Expert,Quadriceps,Quadriceps Femoris,Gluteus Maximus,,Kettlebell,2,None,0,Single Leg Standing,Double Arm,Continuous,Bottoms Up,Overhead,No Elevation,Single Exercise,Knee Dominant,,,Sagittal Plane,,,Lower Body,Push,Compound,Unilateral,Balance
Double Kettlebell Clean to Sots Press,Intermediate,Shoulders,Anterior Deltoids,Gluteus Maximus,,Kettlebell,2,None,0,Standing,Double Arm,Continuous,Pronated,Overhead,No Elevation,Combo Exercise,Hip Hinge,Vertical Push,,Sagittal Plane,,,Full Body,Unsorted*,Compound,Bilateral,Ballistics
Double Kettlebell Bottoms Up Clean to Sots Press,Advanced,Shoulders,Anterior Deltoids,Gluteus Maximus,,Kettlebell,2,None,0,Standing,Double Arm,Continuous,Bottoms Up,Overhead,No Elevation,Combo Exercise,Vertical Push,Hip Hinge,,Sagittal Plane,,,Full Body,Unsorted*,Compound,Bilateral,Ballistics
Kettlebell Half Kneeling Alternating Halo,Novice,Shoulders,Posterior Deltoids,Medial Deltoids,,Kettlebell,1,None,0,Half Kneeling,Double Arm,Continuous,Bottoms Up Horn Grip,Other,No Elevation,Single Exercise,Rotational,,,Transverse Plane,,,Upper Body,Pull,Compound,Unilateral,Mobility
Kettlebell Tall Kneeling Alternating Halo,Novice,Shoulders,Posterior Deltoids,Medial Deltoids,,Kettlebell,1,None,0,Tall Kneeling,Double Arm,Continuous,Bottoms Up Horn Grip,Other,No Elevation,Single Exercise,Rotational,,,Transverse Plane,,,Upper Body,Pull,Compound,Bilateral,Mobility
Kettlebell Tall Kneeling Alternating Hip to Halo,Novice,Shoulders,Posterior Deltoids,Medial Deltoids,,Kettlebell,1,None,0,Tall Kneeling,Double Arm,Alternating,Bottoms Up Horn Grip,Other,No Elevation,Single Exercise,Rotational,,,Transverse Plane,,,Upper Body,Pull,Compound,Bilateral,Mobility
Double Dumbbell Decline Bench Press,Beginner,Chest,Pectoralis Major,Triceps Brachii,,Dumbbell,2,Bench (Decline),1,Supine,Double Arm,Continuous,Pronated,Above Chest,No Elevation,Single Exercise,Horizontal Push,,,Sagittal Plane,,,Upper Body,Push,Compound,Bilateral,Bodybuilding
Double Dumbbell Chest Fly,Beginner,Chest,Pectoralis Major,,,Dumbbell,2,Bench (Flat),1,Supine,Double Arm,Continuous,Neutral,Above Chest,No Elevation,Single Exercise,Horizontal Push,,,Sagittal Plane,,,Upper Body,Push,Isolation,Bilateral,Bodybuilding
Double Dumbbell Decline Bench Chest Fly,Beginner,Chest,Pectoralis Major,,,Dumbbell,2,Bench (Decline),1,Supine,Double Arm,Continuous,Neutral,Above Chest,No Elevation,Single Exercise,Horizontal Push,,,Sagittal Plane,,,Upper Body,Push,Isolation,Bilateral,Bodybuilding
Double Kettlebell Clean to Thruster,Intermediate,Shoulders,Anterior Deltoids,Gluteus Maximus,,Kettlebell,2,None,0,Standing,Double Arm,Continuous,Pronated,Overhead,No Elevation,Combo Exercise,Hip Hinge,Vertical Push,Knee Dominant,Sagittal Plane,,,Full Body,Unsorted*,Compound,Bilateral,Unsorted*
Double Kettlebell Single Leg Standing Bent Knee Overhead Press,Intermediate,Shoulders,Anterior Deltoids,Triceps Brachii,,Kettlebell,2,None,0,Single Leg Standing Bent Knee,Double Arm,Continuous,Pronated,Overhead,No Elevation,Single Exercise,Vertical Push,,,Sagittal Plane,,,Upper Body,Push,Compound,Unilateral,Balance
Double Kettlebell Bottoms Up Single Leg Standing Bent Knee Overhead Press,Advanced,Shoulders,Anterior Deltoids,Triceps Brachii,,Kettlebell,2,None,0,Single Leg Standing Bent Knee,Double Arm,Continuous,Bottoms Up,Overhead,No Elevation,Single Exercise,Vertical Push,,,Sagittal Plane,,,Upper Body,Push,Compound,Unilateral,Balance
Single Arm Kettlebell Single Leg Standing Bent Knee Contralateral Overhead Press,Intermediate,Shoulders,Anterior Deltoids,Triceps Brachii,,Kettlebell,1,None,0,Single Leg Standing Bent Knee,Single Arm,Continuous,Pronated,Overhead,No Elevation,Single Exercise,Vertical Push,,,Sagittal Plane,,,Upper Body,Push,Compound,Contralateral,Balance
Single Arm Kettlebell Bottoms Up Single Leg Standing Bent Knee Contralateral Overhead Press,Advanced,Shoulders,Anterior Deltoids,Triceps Brachii,,Kettlebell,1,None,0,Single Leg Standing Bent Knee,Single Arm,Continuous,Bottoms Up,Overhead,No Elevation,Single Exercise,Vertical Push,,,Sagittal Plane,,,Upper Body,Push,Compound,Contralateral,Balance
Double Kettlebell Bottoms Up Overhead Bulgarian Split Squat,Advanced,Quadriceps,Quadriceps Femoris,Gluteus Maximus,,Kettlebell,2,Bench (Flat),1,Single Leg Supported,Double Arm,Continuous,Bottoms Up,Overhead,Foot Elevated (Rear),Single Exercise,Knee Dominant,,,Sagittal Plane,,,Lower Body,Push,Compound,Unilateral,Bodybuilding
Single Arm Kettlebell Bottoms Up Overhead Contralateral Bulgarian Split Squat,Advanced,Quadriceps,Quadriceps Femoris,Gluteus Maximus,,Kettlebell,1,Bench (Flat),1,Single Leg Supported,Single Arm,Continuous,Bottoms Up,Overhead,Foot Elevated (Rear),Single Exercise,Knee Dominant,,,Sagittal Plane,,,Lower Body,Push,Compound,Contralateral,Bodybuilding
Single Arm Kettlebell Suitcase Contralateral Bulgarian Split Squat,Intermediate,Quadriceps,Quadriceps Femoris,Gluteus Maximus,,Kettlebell,1,Bench (Flat),1,Single Leg Supported,Single Arm,Continuous,Neutral,Suitcase,Foot Elevated (Rear),Single Exercise,Knee Dominant,,,Sagittal Plane,,,Lower Body,Push,Compound,Contralateral,Bodybuilding
Single Arm Kettlebell Suitcase Ipsilateral Bulgarian Split Squat,Intermediate,Quadriceps,Quadriceps Femoris,Gluteus Maximus,,Kettlebell,1,Bench (Flat),1,Single Leg Supported,Single Arm,Continuous,Neutral,Suitcase,Foot Elevated (Rear),Single Exercise,Knee Dominant,,,Sagittal Plane,,,Lower Body,Push,Compound,Ipsilateral,Bodybuilding
Double Kettlebell Bottoms Up Front Rack Bulgarian Split Squat,Intermediate,Quadriceps,Quadriceps Femoris,Gluteus Maximus,,Kettlebell,2,Bench (Flat),1,Single Leg Supported,Double Arm,Continuous,Bottoms Up,Front Rack,Foot Elevated (Rear),Single Exercise,Knee Dominant,,,Sagittal Plane,,,Lower Body,Push,Compound,Unilateral,Bodybuilding
Double Kettlebell Suitcase Bulgarian Split Squat,Intermediate,Quadriceps,Quadriceps Femoris,Gluteus Maximus,,Kettlebell,2,Bench (Flat),1,Single Leg Supported,Double Arm,Continuous,Neutral,Suitcase,Foot Elevated (Rear),Single Exercise,Knee Dominant,,,Sagittal Plane,,,Lower Body,Push,Compound,Unilateral,Bodybuilding
Double Kettlebell Bulgarian Split Squat Thruster,Advanced,Shoulders,Anterior Deltoids,Quadriceps Femoris,Gluteus Maximus,Kettlebell,2,Bench (Flat),1,Single Leg Supported,Double Arm,Continuous,Pronated,Overhead,Foot Elevated (Rear),Combo Exercise,Vertical Push,Knee Dominant,,Sagittal Plane,,,Full Body,Push,Compound,Unilateral,Bodybuilding
Double Kettlebell Bottoms Up Bulgarian Split Squat Thruster,Advanced,Shoulders,Anterior Deltoids,Quadriceps Femoris,Gluteus Maximus,Kettlebell,2,Bench (Flat),1,Single Leg Supported,Double Arm,Continuous,Bottoms Up,Overhead,Foot Elevated (Rear),Combo Exercise,Vertical Push,Knee Dominant,,Sagittal Plane,,,Full Body,Push,Compound,Unilateral,Bodybuilding
Single Arm Kettlebell Bottoms Up Front Rack Contralateral Bulgarian Split Squat,Intermediate,Quadriceps,Quadriceps Femoris,Gluteus Maximus,,Kettlebell,1,Bench (Flat),1,Single Leg Supported,Single Arm,Continuous,Bottoms Up,Front Rack,Foot Elevated (Rear),Single Exercise,Knee Dominant,,,Sagittal Plane,,,Lower Body,Push,Compound,Contralateral,Bodybuilding
Single Arm Kettlebell Front Rack Contralateral Bulgarian Split Squat,Intermediate,Quadriceps,Quadriceps Femoris,Gluteus Maximus,,Kettlebell,1,Bench (Flat),1,Single Leg Supported,Single Arm,Continuous,Neutral,Front Rack,Foot Elevated (Rear),Single Exercise,Knee Dominant,,,Sagittal Plane,,,Lower Body,Push,Compound,Contralateral,Bodybuilding
Single Ring Chin Up,Advanced,Biceps,Biceps Brachii,Latissimus Dorsi,,Gymnastic Rings,1,None,0,Hanging,Double Arm,Continuous,Supinated,No Load,No Elevation,Single Exercise,Vertical Pull,,,Sagittal Plane,,,Upper Body,Pull,Compound,Bilateral,Calisthenics
Single Arm Kettlebell Bottoms Up Front Rack Ipsilateral Bulgarian Split Squat,Intermediate,Quadriceps,Quadriceps Femoris,Gluteus Maximus,,Kettlebell,1,Bench (Flat),1,Single Leg Supported,Single Arm,Continuous,Bottoms Up,Front Rack,Foot Elevated (Rear),Single Exercise,Knee Dominant,,,Sagittal Plane,,,Lower Body,Push,Compound,Ipsilateral,Bodybuilding
Single Arm Suspension Single Leg Standing Bent Knee Contralateral Low Row,Advanced,Back,Latissimus Dorsi,Biceps Brachii,,Suspension Trainer,1,None,0,Single Leg Standing Bent Knee,Single Arm,Continuous,Neutral,No Load,No Elevation,Single Exercise,Horizontal Pull,,,Sagittal Plane,,,Upper Body,Pull,Compound,Contralateral,Balance
Single Arm Suspension Single Leg Standing Bent Knee Ipsilateral Low Row,Advanced,Back,Latissimus Dorsi,Biceps Brachii,,Suspension Trainer,1,None,0,Single Leg Standing Bent Knee,Single Arm,Continuous,Neutral,No Load,No Elevation,Single Exercise,Horizontal Pull,,,Sagittal Plane,,,Upper Body,Pull,Compound,Ipsilateral,Balance
Suspension Single Leg Standing Bent Knee Bicep Curl,Intermediate,Biceps,Biceps Brachii,Brachialis,Brachioradialis,Suspension Trainer,1,None,0,Single Leg Standing Bent Knee,Double Arm,Continuous,Supinated,No Load,No Elevation,Single Exercise,Elbow Flexion,,,Sagittal Plane,,,Upper Body,Pull,Isolation,Unilateral,Balance
Single Arm Suspension Single Leg Standing Bent Knee Contralateral Bicep Curl,Advanced,Biceps,Biceps Brachii,Brachialis,Brachioradialis,Suspension Trainer,1,None,0,Single Leg Standing Bent Knee,Single Arm,Continuous,Supinated,No Load,No Elevation,Single Exercise,Elbow Flexion,,,Sagittal Plane,,,Upper Body,Pull,Isolation,Contralateral,Balance
Single Arm Suspension Single Leg Standing Bent Knee Ipsilateral Bicep Curl,Advanced,Biceps,Biceps Brachii,Brachialis,Brachioradialis,Suspension Trainer,1,None,0,Single Leg Standing Bent Knee,Single Arm,Continuous,Supinated,No Load,No Elevation,Single Exercise,Elbow Flexion,,,Sagittal Plane,,,Upper Body,Pull,Isolation,Ipsilateral,Balance
Single Arm Plate Teacup,Intermediate,Shoulders,Posterior Deltoids,Anterior Deltoids,,Weight Plate,1,None,0,Standing,Single Arm,Continuous,Supinated,Other,No Elevation,Single Exercise,Rotational,,,Transverse Plane,,,Upper Body,Unsorted*,Compound,Unilateral,Mobility
Ring L Sit Chin Up,Advanced,Biceps,Biceps Brachii,Latissimus Dorsi,Rectus Abdominis,Gymnastic Rings,2,None,0,Hanging,Double Arm,Continuous,Supinated,No Load,No Elevation,Single Exercise,Vertical Pull,Isometric Hold,,Sagittal Plane,,,Upper Body,Pull,Compound,Bilateral,Calisthenics
Single Ring L Sit Chin Up,Advanced,Biceps,Biceps Brachii,Latissimus Dorsi,Rectus Abdominis,Gymnastic Rings,1,None,0,Hanging,Double Arm,Continuous,Supinated,No Load,No Elevation,Single Exercise,Vertical Pull,Isometric Hold,,Sagittal Plane,,,Upper Body,Pull,Compound,Bilateral,Calisthenics
Barbell Front Rack Bulgarian Split Squat,Intermediate,Quadriceps,Quadriceps Femoris,Gluteus Maximus,,Barbell,1,Bench (Flat),1,Single Leg Supported,Double Arm,Continuous,Pronated,Front Rack,Foot Elevated (Rear),Single Exercise,Knee Dominant,,,Sagittal Plane,,,Lower Body,Push,Compound,Unilateral,Bodybuilding
Barbell Back Rack Bulgarian Split Squat,Intermediate,Quadriceps,Quadriceps Femoris,Gluteus Maximus,,Barbell,1,Bench (Flat),1,Single Leg Supported,Double Arm,Continuous,Pronated,Back Rack,Foot Elevated (Rear),Single Exercise,Knee Dominant,,,Sagittal Plane,,,Lower Body,Push,Compound,Unilateral,Bodybuilding
Single Arm Suspension Contralateral Pistol Squat,Advanced,Quadriceps,Quadriceps Femoris,Gluteus Maximus,,Suspension Trainer,1,None,0,Single Leg Standing,Single Arm,Continuous,Neutral,No Load,No Elevation,Single Exercise,Knee Dominant,,,Sagittal Plane,,,Lower Body,Push,Compound,Contralateral,Balance
Barbell Front Rack Alternating Curtsy Lunge,Intermediate,Quadriceps,Quadriceps Femoris,Gluteus Maximus,,Barbell,1,None,0,Standing,Double Arm,Continuous,Pronated,Front Rack,No Elevation,Single Exercise,Knee Dominant,,,Frontal Plane,,,Lower Body,Push,Compound,Unilateral,Bodybuilding
Bodyweight Dragon Flag,Advanced,Abdominals,Rectus Abdominis,,,Bodyweight,1,None,0,Supine,Double Arm,Continuous,Pronated,No Load,No Elevation,Single Exercise,Isometric Hold,,,Sagittal Plane,,,Midsection,Other,Compound,Bilateral,Calisthenics
Single Arm Kettlebell Front Rack Ipsilateral Bulgarian Split Squat,Intermediate,Quadriceps,Quadriceps Femoris,Gluteus Maximus,,Kettlebell,1,Bench (Flat),1,Single Leg Supported,Single Arm,Continuous,Neutral,Front Rack,Foot Elevated (Rear),Single Exercise,Knee Dominant,,,Sagittal Plane,,,Lower Body,Push,Compound,Ipsilateral,Bodybuilding
Ring Iron Cross,Master,Back,Latissimus Dorsi,Biceps Brachii,,Gymnastic Rings,2,None,0,Hanging,Double Arm,Continuous,Pronated,No Load,No Elevation,Single Exercise,Isometric Hold,,,Sagittal Plane,,,Upper Body,Unsorted*,Compound,Bilateral,Calisthenics
Parallette Tuck Planche Push Up,Expert,Chest,Pectoralis Major,Triceps Brachii,Rectus Abdominis,Parallette Bars,2,None,0,Other,Double Arm,Continuous,Neutral,No Load,No Elevation,Single Exercise,Horizontal Push,Isometric Hold,,Sagittal Plane,,,Upper Body,Push,Compound,Bilateral,Calisthenics
Parallette Full Planche,Expert,Abdominals,Rectus Abdominis,,,Parallette Bars,2,None,0,Prone,Double Arm,Continuous,Neutral,No Load,No Elevation,Single Exercise,Isometric Hold,,,Sagittal Plane,,,Unsorted*,Other,Compound,Bilateral,Calisthenics
Parallette Full Planche Push Up,Master,Chest,Pectoralis Major,Triceps Brachii,Rectus Abdominis,Parallette Bars,2,None,0,Prone,Double Arm,Continuous,Neutral,No Load,No Elevation,Single Exercise,Horizontal Push,Isometric Hold,,Sagittal Plane,,,Upper Body,Push,Compound,Bilateral,Calisthenics
Ring Inverted Iron Cross,Grand Master,Back,Latissimus Dorsi,Biceps Brachii,,Gymnastic Rings,2,None,0,Inverted,Double Arm,Continuous,Neutral,No Load,No Elevation,Single Exercise,Isometric Hold,,,Sagittal Plane,,,Unsorted*,Unsorted*,Compound,Bilateral,Calisthenics
Ring Maltese Push Up,Expert,Chest,Pectoralis Major,Triceps Brachii,,Gymnastic Rings,2,None,0,Prone,Double Arm,Continuous,Supinated,No Load,No Elevation,Single Exercise,Horizontal Push,,,Sagittal Plane,,,Upper Body,Push,Compound,Bilateral,Calisthenics
Ring Tuck Planche,Advanced,Abdominals,Rectus Abdominis,Biceps Brachii,,Gymnastic Rings,2,None,0,Other,Double Arm,Continuous,Neutral,No Load,No Elevation,Single Exercise,Isometric Hold,,,Sagittal Plane,,,Unsorted*,Other,Compound,Bilateral,Calisthenics
Ring Tuck Planche Push Up,Expert,Chest,Pectoralis Major,Triceps Brachii,Rectus Abdominis,Gymnastic Rings,2,None,0,Other,Double Arm,Continuous,Neutral,No Load,No Elevation,Single Exercise,Horizontal Push,Isometric Hold,,Sagittal Plane,,,Upper Body,Push,Compound,Bilateral,Calisthenics
Ring Full Planche,Master,Abdominals,Rectus Abdominis,,,Gymnastic Rings,2,None,0,Prone,Double Arm,Continuous,Supinated,No Load,No Elevation,Single Exercise,Isometric Hold,,,Sagittal Plane,,,Unsorted*,Other,Compound,Bilateral,Calisthenics
Ring Full Planche Push Up,Grand Master,Chest,Pectoralis Major,Triceps Brachii,Rectus Abdominis,Gymnastic Rings,2,None,0,Prone,Double Arm,Continuous,Supinated,No Load,No Elevation,Single Exercise,Horizontal Push,Isometric Hold,,Sagittal Plane,,,Upper Body,Push,Compound,Bilateral,Calisthenics
Ring Grip Full Planche Push Up,Legendary,Chest,Pectoralis Major,Triceps Brachii,Rectus Abdominis,Gymnastic Rings,2,None,0,Prone,Double Arm,Continuous,Neutral,No Load,No Elevation,Single Exercise,Horizontal Push,Isometric Hold,,Sagittal Plane,,,Upper Body,Push,Compound,Bilateral,Calisthenics
Ring Grip Full Planche,Grand Master,Abdominals,Rectus Abdominis,,,Gymnastic Rings,2,None,0,Prone,Double Arm,Continuous,Supinated,No Load,No Elevation,Single Exercise,Isometric Hold,,,Sagittal Plane,,,Unsorted*,Other,Compound,Bilateral,Calisthenics
Bodyweight Full Planche,Expert,Abdominals,Rectus Abdominis,,,Bodyweight,1,None,0,Prone,Double Arm,Continuous,Flat Palm,No Load,No Elevation,Single Exercise,Isometric Hold,,,Sagittal Plane,,,Unsorted*,Other,Compound,Bilateral,Calisthenics
Cable Quadruped Hip Abduction,Novice,Abductors,Gluteus Medius,Gluteus Minimus,,Cable,1,None,0,Quadruped,No Arms,Continuous,Flat Palm,Other,No Elevation,Single Exercise,Hip Abduction,,,Sagittal Plane,,,Lower Body,Other,Isolation,Unilateral,Unsorted*
Single Arm Kettlebell Bottoms Up Single Leg Standing Bent Knee Ipsilateral Overhead Press,Advanced,Shoulders,Anterior Deltoids,Triceps Brachii,,Kettlebell,1,None,0,Single Leg Standing Bent Knee,Single Arm,Continuous,Bottoms Up,Overhead,No Elevation,Single Exercise,Vertical Push,,,Sagittal Plane,,,Upper Body,Push,Compound,Ipsilateral,Balance
Double Kettlebell Turkish Get Up,Advanced,Abdominals,Obliques,Rectus Abdominis,,Kettlebell,2,None,0,Supine,Double Arm,Continuous,Pronated,Overhead,No Elevation,Single Exercise,Rotational,,,Transverse Plane,Sagittal Plane,,Full Body,Other,Compound,Bilateral,Grinds
Parallette L Sit to Tuck Planche Push Up,Expert,Chest,Pectoralis Major,Triceps Brachii,Rectus Abdominis,Parallette Bars,2,None,0,Other,Double Arm,Continuous,Neutral,No Load,No Elevation,Combo Exercise,Horizontal Push,Isometric Hold,,Sagittal Plane,,,Upper Body,Push,Compound,Bilateral,Calisthenics
Ring L Sit to Tuck Planche Push Up,Expert,Chest,Pectoralis Major,Triceps Brachii,Rectus Abdominis,Gymnastic Rings,2,None,0,Other,Double Arm,Continuous,Neutral,No Load,No Elevation,Combo Exercise,Horizontal Push,Isometric Hold,,Sagittal Plane,,,Upper Body,Push,Compound,Bilateral,Calisthenics
Parallette Straddle Planche,Expert,Abdominals,Rectus Abdominis,,,Parallette Bars,2,None,0,Prone,Double Arm,Continuous,Neutral,No Load,No Elevation,Single Exercise,Isometric Hold,,,Sagittal Plane,,,Unsorted*,Other,Compound,Bilateral,Calisthenics
Parallette Straddle Planche Push Up,Master,Chest,Pectoralis Major,Triceps Brachii,Rectus Abdominis,Parallette Bars,2,None,0,Prone,Double Arm,Continuous,Neutral,No Load,No Elevation,Single Exercise,Horizontal Push,Isometric Hold,,Sagittal Plane,,,Upper Body,Push,Compound,Bilateral,Calisthenics
Ring Straddle Planche,Master,Abdominals,Rectus Abdominis,,,Gymnastic Rings,2,None,0,Prone,Double Arm,Continuous,Supinated,No Load,No Elevation,Single Exercise,Isometric Hold,,,Sagittal Plane,,,Unsorted*,Other,Compound,Bilateral,Calisthenics
Ring Straddle Planche Push Up,Grand Master,Chest,Pectoralis Major,Triceps Brachii,Rectus Abdominis,Gymnastic Rings,2,None,0,Prone,Double Arm,Continuous,Supinated,No Load,No Elevation,Single Exercise,Horizontal Push,Isometric Hold,,Sagittal Plane,,,Upper Body,Push,Compound,Bilateral,Calisthenics
Barbell Turkish Sit Up,Intermediate,Abdominals,Rectus Abdominis,,,Barbell,1,None,0,Supine,Double Arm,Continuous,Pronated,Overhead,No Elevation,Single Exercise,Spinal Flexion,,,Sagittal Plane,,,Midsection,Other,Compound,Bilateral,Unsorted*
Plate Turkish Sit Up,Intermediate,Abdominals,Rectus Abdominis,,,Weight Plate,1,None,0,Supine,Double Arm,Continuous,Neutral,Overhead,No Elevation,Single Exercise,Spinal Flexion,,,Sagittal Plane,,,Midsection,Other,Compound,Bilateral,Unsorted*
Barbell Seated Overhead Press,Novice,Shoulders,Anterior Deltoids,Triceps Brachii,,Barbell,1,Bench (Flat),1,Seated,Double Arm,Continuous,Pronated,Overhead,No Elevation,Single Exercise,Vertical Push,,,Sagittal Plane,,,Upper Body,Push,Compound,Bilateral,Bodybuilding
Single Arm Barbell Turkish Sit Up,Advanced,Abdominals,Rectus Abdominis,,,Barbell,1,None,0,Supine,Single Arm,Continuous,Pronated,Overhead,No Elevation,Single Exercise,Spinal Flexion,,,Sagittal Plane,,,Midsection,Other,Compound,Bilateral,Unsorted*
Dumbbell Crush Grip Romanian Deadlift,Beginner,Hamstrings,Biceps Femoris,Gluteus Maximus,,Dumbbell,1,None,0,Standing,Double Arm,Continuous,Crush Grip,Other,No Elevation,Single Exercise,Hip Hinge,,,Sagittal Plane,,,Lower Body,Pull,Compound,Bilateral,Bodybuilding
Ring Pelican Curl,Advanced,Biceps,Biceps Brachii,Pectoralis Major,,Gymnastic Rings,2,None,0,Standing,Double Arm,Continuous,Supinated,No Load,No Elevation,Single Exercise,Elbow Flexion,,,Sagittal Plane,,,Upper Body,Pull,Compound,Bilateral,Calisthenics
Double Kettlebell Knee Over Toe Split Squat Thruster,Advanced,Shoulders,Anterior Deltoids,Quadriceps Femoris,Gluteus Maximus,Kettlebell,2,None,0,Knee Over Toe Split Squat,Double Arm,Continuous,Pronated,Overhead,No Elevation,Combo Exercise,Vertical Push,Knee Dominant,,Sagittal Plane,,,Full Body,Push,Compound,Unilateral,Bodybuilding
Double Kettlebell Bottoms Up Knee Over Toe Split Squat Thruster,Advanced,Shoulders,Anterior Deltoids,Quadriceps Femoris,Gluteus Maximus,Kettlebell,2,None,0,Knee Over Toe Split Squat,Double Arm,Continuous,Bottoms Up,Overhead,No Elevation,Combo Exercise,Vertical Push,Knee Dominant,,Sagittal Plane,,,Full Body,Push,Compound,Unilateral,Bodybuilding
Ring Chin Up,Intermediate,Biceps,Biceps Brachii,Latissimus Dorsi,,Gymnastic Rings,2,None,0,Hanging,Double Arm,Continuous,Supinated,No Load,No Elevation,Single Exercise,Vertical Pull,,,Sagittal Plane,,,Upper Body,Pull,Compound,Bilateral,Calisthenics
Ring Two Finger Chin Up,Advanced,Biceps,Biceps Brachii,Latissimus Dorsi,,Gymnastic Rings,2,None,0,Hanging,Double Arm,Continuous,Supinated,No Load,No Elevation,Single Exercise,Vertical Pull,,,Sagittal Plane,,,Upper Body,Pull,Compound,Bilateral,Calisthenics
Dumbbell Crush Grip Bent Over Row,Beginner,Back,Latissimus Dorsi,Rhomboids,Posterior Deltoids,Dumbbell,1,None,0,Standing,Double Arm,Continuous,Crush Grip,Other,No Elevation,Single Exercise,Horizontal Pull,,,Sagittal Plane,,,Upper Body,Pull,Compound,Bilateral,Bodybuilding
Dumbbell Crush Grip Bicep Curl to Overhead Press,Beginner,Shoulders,Anterior Deltoids,Biceps Brachii,,Dumbbell,1,None,0,Standing,Double Arm,Continuous,Crush Grip,Overhead,No Elevation,Combo Exercise,Vertical Push,Elbow Flexion,,Sagittal Plane,,,Upper Body,Push & Pull,Compound,Bilateral,Bodybuilding
Dumbbell Crush Grip Overhead Press,Beginner,Shoulders,Anterior Deltoids,Triceps Brachii,,Dumbbell,1,None,0,Standing,Double Arm,Continuous,Crush Grip,Overhead,No Elevation,Single Exercise,Vertical Push,,,Sagittal Plane,,,Upper Body,Push,Compound,Bilateral,Bodybuilding
Dumbbell Crush Grip Hollow Body Hold with Flutter Kicks,Intermediate,Abdominals,Rectus Abdominis,,,Dumbbell,1,None,0,Supine,Double Arm,Continuous,Crush Grip,Other,No Elevation,Single Exercise,Isometric Hold,,,Sagittal Plane,,,Midsection,Other,Compound,Unilateral,Unsorted*
Dumbbell Crush Grip Floor Press,Beginner,Chest,Pectoralis Major,Triceps Brachii,,Dumbbell,1,None,0,Supine,Double Arm,Continuous,Crush Grip,Above Chest,No Elevation,Single Exercise,Horizontal Push,,,Sagittal Plane,,,Upper Body,Push,Compound,Bilateral,Bodybuilding
Parallette Crow Pose,Intermediate,Abdominals,Rectus Abdominis,,,Parallette Bars,2,None,0,Inverted,Double Arm,Continuous,Neutral,No Load,No Elevation,Single Exercise,Isometric Hold,,,Sagittal Plane,,,Unsorted*,Other,Compound,Bilateral,Calisthenics
Dumbbell Crush Grip Z Press,Novice,Shoulders,Anterior Deltoids,Triceps Brachii,,Dumbbell,1,None,0,Seated Floor,Double Arm,Continuous,Crush Grip,Overhead,No Elevation,Single Exercise,Vertical Push,,,Sagittal Plane,,,Upper Body,Push,Compound,Bilateral,Bodybuilding
Single Arm Kettlebell Bottoms Up Knee Over Toe Split Squat Thruster,Advanced,Shoulders,Anterior Deltoids,Quadriceps Femoris,Gluteus Maximus,Kettlebell,1,None,0,Knee Over Toe Split Squat,Single Arm,Continuous,Bottoms Up,Overhead,No Elevation,Combo Exercise,Vertical Push,Knee Dominant,,Sagittal Plane,,,Full Body,Push,Compound,Unilateral,Bodybuilding
Dumbbell Crush Grip Overhead Tricep Extension,Beginner,Triceps,Triceps Brachii,,,Dumbbell,1,None,0,Standing,Double Arm,Continuous,Crush Grip,Overhead,No Elevation,Single Exercise,Elbow Extension,,,Sagittal Plane,,,Upper Body,Push,Isolation,Bilateral,Bodybuilding
Kettlebell Bottoms Up Horn Grip Goblet Bulgarian Split Squat,Intermediate,Quadriceps,Quadriceps Femoris,Gluteus Maximus,,Kettlebell,1,Bench (Flat),1,Single Leg Supported,Double Arm,Continuous,Bottoms Up Horn Grip,Front Rack,Foot Elevated (Rear),Single Exercise,Knee Dominant,,,Sagittal Plane,,,Lower Body,Push,Compound,Unilateral,Bodybuilding
Double Kettlebell Snatch to Overhead Squat,Advanced,Quadriceps,Quadriceps Femoris,Gluteus Maximus,,Kettlebell,2,None,0,Standing,Double Arm,Continuous,Pronated,Overhead,No Elevation,Combo Exercise,Hip Hinge,Knee Dominant,,Sagittal Plane,,,Full Body,Unsorted*,Compound,Bilateral,Ballistics
Barbell Half Kneeling Overhead Press,Novice,Shoulders,Anterior Deltoids,Triceps Brachii,,Barbell,1,None,0,Half Kneeling,Double Arm,Continuous,Pronated,Overhead,No Elevation,Single Exercise,Vertical Push,,,Sagittal Plane,,,Upper Body,Push,Compound,Unilateral,Bodybuilding
Barbell Tall Kneeling Overhead Press,Novice,Shoulders,Anterior Deltoids,Triceps Brachii,,Barbell,1,None,0,Tall Kneeling,Double Arm,Continuous,Pronated,Overhead,No Elevation,Single Exercise,Vertical Push,,,Sagittal Plane,,,Upper Body,Push,Compound,Bilateral,Bodybuilding
Single Arm Kettlebell Half Kneeling Dead Clean,Intermediate,Glutes,Gluteus Maximus,,,Kettlebell,1,None,0,Half Kneeling,Single Arm,Continuous,Neutral,Front Rack,No Elevation,Single Exercise,Hip Hinge,,,Sagittal Plane,,,Full Body,Unsorted*,Compound,Unilateral,Ballistics
Barbell Overhead March,Intermediate,Abdominals,Rectus Abdominis,,,Barbell,1,None,0,March,Double Arm,Continuous,Pronated,Overhead,No Elevation,Single Exercise,,,,Sagittal Plane,,,Midsection,Other,Compound,Unilateral,Balance
Single Arm Barbell Overhead March,Advanced,Abdominals,Rectus Abdominis,,,Barbell,1,None,0,March,Single Arm,Continuous,Pronated,Overhead,No Elevation,Single Exercise,,,,Sagittal Plane,,,Midsection,Other,Compound,Unilateral,Balance
Single Arm Kettlebell Half Kneeling Clean,Intermediate,Glutes,Gluteus Maximus,,,Kettlebell,1,None,0,Half Kneeling,Single Arm,Continuous,Neutral,Front Rack,No Elevation,Single Exercise,Hip Hinge,,,Sagittal Plane,,,Full Body,Unsorted*,Compound,Unilateral,Ballistics
Single Arm Kettlebell Half Kneeling Snatch,Intermediate,Glutes,Gluteus Maximus,Anterior Deltoids,,Kettlebell,1,None,0,Half Kneeling,Single Arm,Continuous,Pronated,Overhead,No Elevation,Single Exercise,Hip Hinge,,,Sagittal Plane,,,Full Body,Unsorted*,Compound,Unilateral,Ballistics
Double Kettlebell Front Rack Alternating Curtsy Lunge,Novice,Quadriceps,Quadriceps Femoris,Gluteus Maximus,,Kettlebell,2,None,0,Standing,Double Arm,Continuous,Neutral,Front Rack,No Elevation,Single Exercise,Knee Dominant,,,Frontal Plane,,,Lower Body,Push,Compound,Unilateral,Bodybuilding
Slider Lateral Lunge,Beginner,Adductors,Adductor Magnus,,,Sliders,1,None,0,Standing,No Arms,Continuous,No Grip,No Load,No Elevation,Single Exercise,Hip Adduction,,,Frontal Plane,,,Lower Body,Other,Compound,Unilateral,Bodybuilding
Kettlebell Bottoms Up Horn Grip Toe Balance Squat,Intermediate,Quadriceps,Quadriceps Femoris,Gluteus Maximus,,Kettlebell,1,None,0,Toe Balance,Double Arm,Continuous,Bottoms Up Horn Grip,Front Rack,No Elevation,Single Exercise,Knee Dominant,,,Sagittal Plane,,,Lower Body,Push,Compound,Bilateral,Balance
Double Kettlebell Dead Clean to Overhead Press,Intermediate,Shoulders,Anterior Deltoids,Gluteus Maximus,,Kettlebell,2,None,0,Standing,Double Arm,Continuous,Neutral,Overhead,No Elevation,Combo Exercise,Vertical Push,Hip Hinge,,Sagittal Plane,,,Full Body,Unsorted*,Compound,Bilateral,Ballistics
Double Kettlebell Dead Clean to Thruster,Intermediate,Shoulders,Anterior Deltoids,Quadriceps Femoris,Gluteus Maximus,Kettlebell,2,None,0,Standing,Double Arm,Continuous,Neutral,Overhead,No Elevation,Combo Exercise,Vertical Push,Knee Dominant,Hip Hinge,Sagittal Plane,,,Full Body,Unsorted*,Compound,Bilateral,Ballistics
Barbell Bodyweight Feet Elevated Row,Intermediate,Back,Latissimus Dorsi,Biceps Brachii,,Barbell,1,Bench (Flat),1,Supine,Double Arm,Continuous,Pronated,No Load,Feet Elevated,Single Exercise,Horizontal Pull,,,Sagittal Plane,,,Upper Body,Pull,Compound,Bilateral,Calisthenics
Barbell Bodyweight Row,Novice,Back,Latissimus Dorsi,Biceps Brachii,,Barbell,1,None,1,Supine,Double Arm,Continuous,Pronated,No Load,No Elevation,Single Exercise,Horizontal Pull,,,Sagittal Plane,,,Upper Body,Pull,Compound,Bilateral,Calisthenics
Ring Row,Novice,Back,Latissimus Dorsi,Biceps Brachii,,Gymnastic Rings,2,None,0,Supine,Double Arm,Continuous,Neutral,No Load,No Elevation,Single Exercise,Horizontal Pull,,,Sagittal Plane,,,Upper Body,Pull,Compound,Bilateral,Calisthenics
Ring Bulgarian Row,Novice,Back,Latissimus Dorsi,Biceps Brachii,,Gymnastic Rings,2,None,0,Supine,Double Arm,Continuous,Pronated,No Load,No Elevation,Single Exercise,Horizontal Pull,,,Sagittal Plane,,,Upper Body,Pull,Compound,Bilateral,Calisthenics
Single Arm Kettlebell Dead Snatch,Intermediate,Glutes,Gluteus Maximus,Anterior Deltoids,,Kettlebell,1,None,0,Standing,Single Arm,Continuous,Pronated,Overhead,No Elevation,Single Exercise,Hip Hinge,,,Sagittal Plane,,,Full Body,Unsorted*,Compound,Unilateral,Ballistics
Alternating Single Arm Kettlebell Dead Snatch,Intermediate,Glutes,Gluteus Maximus,Anterior Deltoids,,Kettlebell,1,None,0,Standing,Single Arm,Alternating,Pronated,Overhead,No Elevation,Single Exercise,Hip Hinge,,,Sagittal Plane,,,Full Body,Unsorted*,Compound,Unilateral,Ballistics
Double Kettlebell Dead Half Snatch,Intermediate,Glutes,Gluteus Maximus,Anterior Deltoids,,Kettlebell,2,None,0,Standing,Double Arm,Continuous,Pronated,Overhead,No Elevation,Single Exercise,Hip Hinge,,,Sagittal Plane,,,Full Body,Unsorted*,Compound,Bilateral,Ballistics
Slider Barbell Overhead Reverse Lunge,Advanced,Quadriceps,Quadriceps Femoris,Gluteus Maximus,Biceps Femoris,Sliders,1,Barbell,1,Standing,Double Arm,Continuous,Pronated,Overhead,No Elevation,Single Exercise,Knee Dominant,,,Sagittal Plane,,,Lower Body,Push,Compound,Unilateral,Bodybuilding
Bodyweight Pseudo Planche Push Up,Advanced,Chest,Pectoralis Major,Anterior Deltoids,,Bodyweight,1,None,0,Prone,Double Arm,Continuous,Flat Palm,No Load,No Elevation,Single Exercise,Horizontal Push,,,Sagittal Plane,,,Upper Body,Push,Compound,Bilateral,Calisthenics
Parallette Pseudo Planche Push Up,Advanced,Chest,Pectoralis Major,Anterior Deltoids,,Parallette Bars,2,None,0,Prone,Double Arm,Continuous,Flat Palm,No Load,No Elevation,Single Exercise,Horizontal Push,,,Sagittal Plane,,,Upper Body,Push,Compound,Bilateral,Calisthenics
Double Kettlebell Otis Up,Novice,Abdominals,Rectus Abdominis,,,Kettlebell,2,None,0,Supine,Double Arm,Continuous,Pronated,Overhead,No Elevation,Single Exercise,Spinal Flexion,,,Sagittal Plane,,,Midsection,Other,Compound,Bilateral,Unsorted*
Single Arm Kettlebell Otis Up,Novice,Abdominals,Rectus Abdominis,,,Kettlebell,1,None,0,Supine,Single Arm,Continuous,Pronated,Overhead,No Elevation,Single Exercise,Spinal Flexion,,,Sagittal Plane,,,Midsection,Other,Compound,Bilateral,Unsorted*
Kettlebell Horn Grip Otis Up,Novice,Abdominals,Rectus Abdominis,,,Kettlebell,1,None,0,Supine,Double Arm,Continuous,Horn Grip,Overhead,No Elevation,Single Exercise,Spinal Flexion,,,Sagittal Plane,,,Midsection,Other,Compound,Bilateral,Unsorted*
Double Kettlebell Bottoms Up Otis Up,Intermediate,Abdominals,Rectus Abdominis,,,Kettlebell,2,None,0,Supine,Double Arm,Continuous,Bottoms Up,Overhead,No Elevation,Single Exercise,Spinal Flexion,,,Sagittal Plane,,,Midsection,Other,Compound,Bilateral,Unsorted*
Single Arm Kettlebell Bottoms Up Otis Up,Intermediate,Abdominals,Rectus Abdominis,,,Kettlebell,1,None,0,Supine,Single Arm,Continuous,Bottoms Up,Overhead,No Elevation,Single Exercise,Spinal Flexion,,,Sagittal Plane,,,Midsection,Other,Compound,Bilateral,Unsorted*
Double Dumbbell Staggered Stance Romanian Deadlift,Novice,Hamstrings,Biceps Femoris,Gluteus Maximus,,Dumbbell,2,None,0,Staggered Stance,Double Arm,Continuous,Pronated,Other,No Elevation,Single Exercise,Hip Hinge,,,Sagittal Plane,,,Lower Body,Pull,Compound,Bilateral,Bodybuilding
Barbell Staggered Stance Romanian Deadlift,Intermediate,Hamstrings,Biceps Femoris,Gluteus Maximus,,Barbell,1,None,0,Staggered Stance,Double Arm,Continuous,Pronated,Other,No Elevation,Single Exercise,Hip Hinge,,,Sagittal Plane,,,Lower Body,Pull,Compound,Bilateral,Bodybuilding
Single Arm Kettlebell Bottoms Up Turkish Sit Up,Intermediate,Abdominals,Rectus Abdominis,,,Kettlebell,1,None,0,Supine,Single Arm,Continuous,Bottoms Up,Overhead,No Elevation,Single Exercise,Spinal Flexion,,,Sagittal Plane,,,Midsection,Other,Compound,Unilateral,Unsorted*
Ring Hanging Knees to Elbows,Advanced,Abdominals,Rectus Abdominis,Iliopsoas,Rectus Femoris,Gymnastic Rings,2,None,0,Hanging,Double Arm,Continuous,Pronated,No Load,No Elevation,Single Exercise,Spinal Flexion,,,Sagittal Plane,,,Midsection,Other,Compound,Bilateral,Calisthenics
Barbell Staggered Stance Overhead Press,Intermediate,Shoulders,Anterior Deltoids,Triceps Brachii,,Barbell,1,None,0,Staggered Stance,Double Arm,Continuous,Pronated,Overhead,No Elevation,Single Exercise,Vertical Push,,,Sagittal Plane,,,Upper Body,Push,Compound,Bilateral,Unsorted*
Double Kettlebell Bottoms Up Turkish Sit Up,Intermediate,Abdominals,Rectus Abdominis,,,Kettlebell,2,None,0,Supine,Double Arm,Continuous,Bottoms Up,Overhead,No Elevation,Single Exercise,Spinal Flexion,,,Sagittal Plane,,,Midsection,Other,Compound,Bilateral,Unsorted*
Superband Assisted Nordic Hamstring Curl,Intermediate,Hamstrings,Biceps Femoris,Gluteus Maximus,,Superband,1,None,0,Tall Kneeling,No Arms,Continuous,No Grip,No Load,No Elevation,Single Exercise,Knee Dominant,,,Sagittal Plane,,,Lower Body,Pull,Compound,Bilateral,Unsorted*
Double Kettlebell Bottoms Up Turkish Sit Up to Z Press,Intermediate,Abdominals,Rectus Abdominis,,,Kettlebell,2,None,0,Seated Floor,Double Arm,Continuous,Bottoms Up,Overhead,No Elevation,Combo Exercise,Spinal Flexion,Vertical Push,,Sagittal Plane,,,Midsection,Push,Compound,Bilateral,Bodybuilding
Bodyweight Alternating Shin Box Hip Extension,Intermediate,Glutes,Gluteus Maximus,,,Bodyweight,1,None,0,Shin Box Seated,No Arms,Continuous,No Grip,No Load,No Elevation,Single Exercise,Hip Extension,,,Transverse Plane,,,Lower Body,Unsorted*,Compound,Unilateral,Mobility
Single Arm Kettlebell Turkish Sit Up to Z Press,Intermediate,Abdominals,Rectus Abdominis,,,Kettlebell,1,None,0,Seated Floor,Single Arm,Continuous,Pronated,Overhead,No Elevation,Combo Exercise,Spinal Flexion,Vertical Push,,Sagittal Plane,,,Midsection,Push,Compound,Unilateral,Bodybuilding
Single Arm Kettlebell Bottoms Up Turkish Sit Up to Z Press,Intermediate,Abdominals,Rectus Abdominis,,,Kettlebell,1,None,0,Seated Floor,Single Arm,Continuous,Bottoms Up,Overhead,No Elevation,Combo Exercise,Spinal Flexion,Vertical Push,,Sagittal Plane,,,Midsection,Push,Compound,Unilateral,Bodybuilding
Alternating Double Kettlebell Rotational Overhead Press,Novice,Shoulders,Anterior Deltoids,,,Kettlebell,2,None,0,Standing,Double Arm,Alternating,Neutral,Overhead,No Elevation,Single Exercise,Rotational,Vertical Push,,Transverse Plane,,,Upper Body,Push,Compound,Unilateral,Bodybuilding
Double Kettlebell Clean to Alternating Rotational Overhead Press,Intermediate,Shoulders,Anterior Deltoids,Gluteus Maximus,,Kettlebell,2,None,0,Standing,Double Arm,Alternating,Neutral,Overhead,No Elevation,Combo Exercise,Hip Hinge,Rotational,Vertical Push,Transverse Plane,,,Full Body,Unsorted*,Compound,Unilateral,Unsorted*
Single Arm Kettlebell Rotational Thruster,Novice,Shoulders,Anterior Deltoids,,,Kettlebell,1,None,0,Standing,Single Arm,Continuous,Neutral,Overhead,No Elevation,Single Exercise,Rotational,Vertical Push,,Transverse Plane,,,Full Body,Push,Compound,Unilateral,Bodybuilding
Alternating Single Arm Kettlebell Clean to Rotational Thruster,Intermediate,Shoulders,Anterior Deltoids,Gluteus Maximus,,Kettlebell,1,None,0,Standing,Single Arm,Alternating,Neutral,Overhead,No Elevation,Combo Exercise,Hip Hinge,Rotational,Vertical Push,Transverse Plane,Sagittal Plane,,Full Body,Unsorted*,Compound,Unilateral,Unsorted*
Double Kettlebell Bottoms Up Front Rack Low Switch Cossack Squat,Advanced,Quadriceps,Quadriceps Femoris,Adductor Magnus,Gluteus Maximus,Kettlebell,2,None,0,Standing,Double Arm,Continuous,Bottoms Up,Front Rack,No Elevation,Single Exercise,Knee Dominant,,,Frontal Plane,,,Lower Body,Push,Compound,Unilateral,Bodybuilding
Alternating Single Arm Kettlebell Clean to Rotational Overhead Press,Intermediate,Shoulders,Anterior Deltoids,Gluteus Maximus,,Kettlebell,1,None,0,Standing,Single Arm,Alternating,Neutral,Overhead,No Elevation,Combo Exercise,Hip Hinge,Rotational,Vertical Push,Transverse Plane,,,Full Body,Unsorted*,Compound,Unilateral,Unsorted*
Alternating Single Arm Kettlebell Bottoms Up Clean to Rotational Overhead Press,Intermediate,Shoulders,Anterior Deltoids,Gluteus Maximus,,Kettlebell,1,None,0,Standing,Single Arm,Alternating,Bottoms Up,Overhead,No Elevation,Combo Exercise,Rotational,Vertical Push,,Transverse Plane,,,Full Body,Unsorted*,Compound,Unilateral,Ballistics
Double Kettlebell Bottoms Up Clean to Alternating Rotational Overhead Press,Intermediate,Shoulders,Anterior Deltoids,Gluteus Maximus,,Kettlebell,2,None,0,Standing,Double Arm,Alternating,Bottoms Up,Overhead,No Elevation,Combo Exercise,Rotational,Vertical Push,,Transverse Plane,,,Full Body,Unsorted*,Compound,Unilateral,Ballistics
Double Kettlebell Bottoms Up Dead Clean,Intermediate,Glutes,Gluteus Maximus,,,Kettlebell,2,None,0,Standing,Double Arm,Continuous,Bottoms Up,Front Rack,No Elevation,Single Exercise,Hip Hinge,Hip Hinge,,Sagittal Plane,,,Full Body,Unsorted*,Compound,Bilateral,Unsorted*
Single Arm Dumbbell Suitcase Carry,Beginner,Forearms,Brachioradialis,,,Dumbbell,1,None,0,Walking,Single Arm,Continuous,Neutral,Suitcase,No Elevation,Single Exercise,Loaded Carry,Anti-Lateral Flexion,,Sagittal Plane,,,Full Body,Other,Compound,Unilateral,Unsorted*
Double Dumbbell Glute Bridge Isometric Bench Press,Novice,Chest,Pectoralis Major,Triceps Brachii,Anterior Deltoids,Dumbbell,2,Bench (Flat),1,Bridge,Double Arm,Continuous,Pronated,Above Chest,No Elevation,Single Exercise,Horizontal Push,Isometric Hold,,Sagittal Plane,,,Full Body,Push,Compound,Bilateral,Bodybuilding
Double Kettlebell Bottoms Up Dead Clean to Overhead Press,Intermediate,Shoulders,Anterior Deltoids,Gluteus Maximus,,Kettlebell,2,None,0,Standing,Double Arm,Continuous,Bottoms Up,Overhead,No Elevation,Combo Exercise,Vertical Push,Hip Hinge,,Sagittal Plane,,,Full Body,Unsorted*,Compound,Bilateral,Unsorted*
Double Kettlebell Bottoms Up Dead Clean to Thruster,Intermediate,Shoulders,Anterior Deltoids,Quadriceps Femoris,Gluteus Maximus,Kettlebell,2,None,0,Standing,Double Arm,Continuous,Bottoms Up,Overhead,No Elevation,Combo Exercise,Vertical Push,Knee Dominant,Hip Hinge,Sagittal Plane,,,Full Body,Unsorted*,Compound,Bilateral,Unsorted*
Bodyweight Foot Elevated Cossack Squat,Beginner,Quadriceps,Quadriceps Femoris,Adductor Magnus,Gluteus Maximus,Bodyweight,1,None,0,Standing,No Arms,Continuous,No Grip,No Load,Foot Elevated (Lateral),Single Exercise,Knee Dominant,,,Frontal Plane,,,Lower Body,Push,Compound,Unilateral,Bodybuilding
Double Kettlebell Bottoms Up Dead Clean to Alternating Rotational Overhead Press,Intermediate,Shoulders,Anterior Deltoids,Gluteus Maximus,,Kettlebell,2,None,0,Standing,Double Arm,Alternating,Bottoms Up,Overhead,No Elevation,Combo Exercise,Rotational,Vertical Push,Knee Dominant,Transverse Plane,,,Full Body,Unsorted*,Compound,Unilateral,Unsorted*
Barbell Overhead Foot Elevated Cossack Squat,Advanced,Quadriceps,Quadriceps Femoris,Adductor Magnus,Gluteus Maximus,Barbell,1,None,0,Standing,Double Arm,Continuous,Pronated,Overhead,Foot Elevated (Lateral),Single Exercise,Knee Dominant,,,Frontal Plane,,,Lower Body,Push,Compound,Unilateral,Bodybuilding
Landmine Split Squat Isometric Oblique Twist,Advanced,Abdominals,Obliques,,,Landmine,1,None,0,Split Squat Isometric,Double Arm,Continuous,Neutral,Other,No Elevation,Single Exercise,Rotational,,,Transverse Plane,,,Midsection,Other,Compound,Bilateral,Balance
Double Kettlebell Bottoms Up Dead Clean to Alternating Rotational Thruster,Intermediate,Shoulders,Anterior Deltoids,Quadriceps Femoris,Gluteus Maximus,Kettlebell,2,None,0,Standing,Double Arm,Alternating,Bottoms Up,Overhead,No Elevation,Combo Exercise,Rotational,Vertical Push,Knee Dominant,Transverse Plane,,,Full Body,Unsorted*,Compound,Unilateral,Unsorted*
Barbell Back Rack Foot Elevated Cossack Squat,Advanced,Quadriceps,Quadriceps Femoris,Adductor Magnus,Gluteus Maximus,Barbell,1,None,0,Standing,Double Arm,Continuous,Pronated,Back Rack,Foot Elevated (Lateral),Single Exercise,Knee Dominant,,,Frontal Plane,,,Lower Body,Push,Compound,Unilateral,Bodybuilding
Barbell Front Rack Foot Elevated Cossack Squat,Advanced,Quadriceps,Quadriceps Femoris,Adductor Magnus,Gluteus Maximus,Barbell,1,None,0,Standing,Double Arm,Continuous,Pronated,Front Rack,Foot Elevated (Lateral),Single Exercise,Knee Dominant,,,Frontal Plane,,,Lower Body,Push,Compound,Unilateral,Bodybuilding
Cable V Grip Seated Floor Lat Pulldown,Beginner,Back,Latissimus Dorsi,Biceps Brachii,,Cable,1,None,0,Seated Floor,Double Arm,Continuous,Neutral,Overhead,No Elevation,Single Exercise,Vertical Pull,,,Sagittal Plane,,,Upper Body,Pull,Compound,Bilateral,Bodybuilding
Barbell Overhead Low Switch Cossack Squat,Advanced,Quadriceps,Quadriceps Femoris,Adductor Magnus,Gluteus Maximus,Barbell,1,None,0,Standing,Double Arm,Continuous,Pronated,Overhead,No Elevation,Single Exercise,Knee Dominant,,,Frontal Plane,,,Lower Body,Push,Compound,Unilateral,Bodybuilding
Double Kettlebell Dead Clean to Alternating Rotational Overhead Press,Intermediate,Shoulders,Anterior Deltoids,Gluteus Maximus,,Kettlebell,2,None,0,Standing,Double Arm,Alternating,Neutral,Overhead,No Elevation,Combo Exercise,Rotational,Vertical Push,,Transverse Plane,,,Full Body,Unsorted*,Compound,Unilateral,Ballistics
Double Kettlebell Dead Clean to Alternating Rotational Thruster,Intermediate,Shoulders,Anterior Deltoids,Quadriceps Femoris,Gluteus Maximus,Kettlebell,2,None,0,Standing,Double Arm,Alternating,Neutral,Overhead,No Elevation,Combo Exercise,Rotational,Vertical Push,Knee Dominant,Transverse Plane,,,Full Body,Unsorted*,Compound,Unilateral,Ballistics
Double Kettlebell Windmill,Advanced,Abdominals,Obliques,Rectus Abdominis,,Kettlebell,2,None,0,Standing,Double Arm,Continuous,Neutral,Overhead,No Elevation,Single Exercise,Rotational,,,Transverse Plane,,,Midsection,Other,Compound,Unilateral,Grinds
Double Kettlebell Dragon Flag,Expert,Abdominals,Rectus Abdominis,,,Kettlebell,2,None,0,Supine,Double Arm,Continuous,Pronated,Other,No Elevation,Single Exercise,Isometric Hold,,,Sagittal Plane,,,Midsection,Other,Compound,Bilateral,Unsorted*
Alternating Double Kettlebell Push Press,Novice,Shoulders,Anterior Deltoids,Triceps Brachii,,Kettlebell,2,None,0,Standing,Double Arm,Alternating,Pronated,Overhead,No Elevation,Single Exercise,Vertical Push,,,Sagittal Plane,,,Upper Body,Push,Compound,Unilateral,Unsorted*
Double Kettlebell Front Rack 90/90 Hip Shift to Alternating Overhead Press,Advanced,Shoulders,Anterior Deltoids,,,Kettlebell,2,None,0,90/90 Seated,Double Arm,Alternating,Pronated,Overhead,No Elevation,Combo Exercise,Vertical Push,,,Sagittal Plane,,,Full Body,Unsorted*,Compound,Unilateral,Unsorted*
Kettlebell Dead Bug,Novice,Abdominals,Rectus Abdominis,,,Kettlebell,1,None,0,Supine,Double Arm,Continuous,Goblet,Other,No Elevation,Single Exercise,Anti-Extension,,,Sagittal Plane,,,Midsection,Other,Compound,Bilateral,Unsorted*
Battle Rope Split Squat Isometric Alternating Side Slam,Advanced,Abdominals,Obliques,Rectus Abdominis,Quadriceps Femoris,Battle Ropes,1,None,0,Split Squat Isometric,Double Arm,Continuous,Neutral,Other,No Elevation,Single Exercise,Rotational,,,Transverse Plane,,,Midsection,Other,Compound,Bilateral,Balance
Superband Standing Adduction,Novice,Adductors,Adductor Magnus,,,Superband,1,None,0,Standing,No Arms,Continuous,Hand Assisted,No Load,No Elevation,Single Exercise,Hip Adduction,,,Frontal Plane,,,Lower Body,Other,Compound,Unilateral,Unsorted*
Superband Lateral Step Adduction,Novice,Adductors,Adductor Magnus,,,Superband,1,None,0,Standing,No Arms,Continuous,No Grip,No Load,No Elevation,Single Exercise,Hip Adduction,,,Frontal Plane,,,Lower Body,Other,Compound,Unilateral,Unsorted*
Double Kettlebell Bottoms Up Front Rack Walking Lunge,Intermediate,Quadriceps,Quadriceps Femoris,Gluteus Maximus,,Kettlebell,2,None,0,Walking,Double Arm,Continuous,Bottoms Up,Front Rack,No Elevation,Single Exercise,Knee Dominant,,,Sagittal Plane,,,Lower Body,Push,Compound,Unilateral,Bodybuilding
Kettlebell Dead Clean to Horn Grip Squat,Intermediate,Quadriceps,Quadriceps Femoris,Gluteus Maximus,,Kettlebell,1,None,0,Standing,Double Arm,Continuous,Horn Grip,Front Rack,No Elevation,Combo Exercise,Knee Dominant,,,Sagittal Plane,,,Lower Body,Unsorted*,Compound,Bilateral,Ballistics
Double Kettlebell Bottoms Up Front Rack March,Intermediate,Abdominals,Rectus Abdominis,,,Kettlebell,2,None,0,March,Double Arm,Continuous,Bottoms Up,Front Rack,No Elevation,Single Exercise,,,,Sagittal Plane,,,Midsection,Other,Compound,Unilateral,Balance
Double Kettlebell Bottoms Up Overhead March,Intermediate,Abdominals,Rectus Abdominis,,,Kettlebell,2,None,0,March,Double Arm,Continuous,Bottoms Up,Overhead,No Elevation,Single Exercise,,,,Sagittal Plane,,,Midsection,Other,Compound,Unilateral,Balance
Suspension Alternating Cossack Squat,Beginner,Quadriceps,Quadriceps Femoris,Adductor Magnus,Gluteus Maximus,Suspension Trainer,1,None,0,Standing,Double Arm,Continuous,Neutral,No Load,No Elevation,Single Exercise,Knee Dominant,,,Frontal Plane,,,Lower Body,Push,Compound,Unilateral,Bodybuilding
Battle Rope Single Leg Standing Alternating Wave,Intermediate,Biceps,Biceps Brachii,,,Battle Ropes,1,None,0,Single Leg Standing,Double Arm,Alternating,Neutral,Other,No Elevation,Single Exercise,,,,Sagittal Plane,,,Upper Body,Other,Compound,Unilateral,Balance
Battle Rope Alternating Wave,Beginner,Biceps,Biceps Brachii,,,Battle Ropes,1,None,0,Standing,Double Arm,Alternating,Neutral,Other,No Elevation,Single Exercise,,,,Sagittal Plane,,,Upper Body,Other,Compound,Unilateral,Unsorted*
Battle Rope Split Squat Isometric Alternating Wave,Advanced,Biceps,Biceps Brachii,Quadriceps Femoris,,Battle Ropes,1,None,0,Split Squat Isometric,Double Arm,Alternating,Neutral,Other,No Elevation,Single Exercise,,,,Sagittal Plane,,,Full Body,Other,Compound,Bilateral,Balance
Superband Assisted Dips,Intermediate,Chest,Pectoralis Major,Triceps Brachii,,Superband,1,None,0,Other,Double Arm,Continuous,Neutral,No Load,No Elevation,Single Exercise,Vertical Push,,,Sagittal Plane,,,Upper Body,Push,Compound,Bilateral,Calisthenics
Cable Tall Kneeling Face Pull,Novice,Shoulders,Posterior Deltoids,Infraspinatus,Teres Minor,Cable,1,None,0,Tall Kneeling,Double Arm,Continuous,Neutral,Other,No Elevation,Single Exercise,Shoulder External Rotation,,,Sagittal Plane,,,Upper Body,Pull,Compound,Bilateral,Unsorted*
Suspension Split Squat,Beginner,Quadriceps,Quadriceps Femoris,Gluteus Maximus,,Suspension Trainer,1,None,0,Split Squat,Double Arm,Continuous,Neutral,No Load,No Elevation,Single Exercise,Knee Dominant,,,Sagittal Plane,,,Lower Body,Push,Compound,Unilateral,Bodybuilding
Single Arm Kettlebell Tactical Clean,Advanced,Glutes,Gluteus Maximus,,,Kettlebell,1,None,0,Standing,Single Arm,Alternating,Neutral,Front Rack,No Elevation,Single Exercise,Hip Hinge,,,Sagittal Plane,,,Full Body,Unsorted*,Compound,Unilateral,Ballistics
Suspension Cyclist Squat,Beginner,Quadriceps,Quadriceps Femoris,Gluteus Maximus,,Suspension Trainer,1,Slant Board,1,Standing,Double Arm,Continuous,Neutral,No Load,Heels Elevated,Single Exercise,Knee Dominant,,,Sagittal Plane,,,Lower Body,Push,Compound,Bilateral,Bodybuilding
Cable Rope Tall Kneeling Tricep Pushdown,Beginner,Triceps,Triceps Brachii,,,Cable,1,None,0,Tall Kneeling,Double Arm,Continuous,Neutral,Other,No Elevation,Single Exercise,Elbow Extension,,,Sagittal Plane,,,Upper Body,Push,Isolation,Bilateral,Bodybuilding
Single Arm Suspension Contralateral Skater Squat,Intermediate,Quadriceps,Quadriceps Femoris,Gluteus Maximus,,Suspension Trainer,1,None,0,Single Leg Standing,Single Arm,Continuous,Neutral,No Load,No Elevation,Single Exercise,Knee Dominant,,,Sagittal Plane,,,Lower Body,Push,Compound,Contralateral,Balance
Alternating Single Arm Kettlebell Ballistic Row,Intermediate,Back,Latissimus Dorsi,Biceps Brachii,,Kettlebell,1,None,0,Standing,Single Arm,Alternating,Neutral,Other,No Elevation,Single Exercise,Horizontal Pull,,,Sagittal Plane,,,Upper Body,Pull,Compound,Unilateral,Ballistics
Double Kettlebell Front Rack Pivot Split Squat,Intermediate,Quadriceps,Quadriceps Femoris,,,Kettlebell,2,None,0,Split Squat,Double Arm,Continuous,Neutral,Front Rack,No Elevation,Single Exercise,Rotational,Knee Dominant,,Transverse Plane,,,Lower Body,Push,Compound,Unilateral,Bodybuilding
Double Kettlebell Bottoms Up Front Rack Pivot Split Squat,Advanced,Quadriceps,Quadriceps Femoris,,,Kettlebell,2,None,0,Split Squat,Double Arm,Continuous,Bottoms Up,Front Rack,No Elevation,Single Exercise,Rotational,Knee Dominant,,Transverse Plane,,,Lower Body,Push,Compound,Unilateral,Bodybuilding
Double Kettlebell Bottoms Up Overhead Pivot Split Squat,Advanced,Quadriceps,Quadriceps Femoris,,,Kettlebell,2,None,0,Split Squat,Double Arm,Continuous,Bottoms Up,Overhead,No Elevation,Single Exercise,Rotational,Knee Dominant,,Transverse Plane,,,Lower Body,Push,Compound,Unilateral,Bodybuilding
Bodyweight Cyclist Squat,Beginner,Quadriceps,Quadriceps Femoris,Gluteus Maximus,,Bodyweight,1,Slant Board,1,Standing,No Arms,Continuous,No Grip,No Load,Heels Elevated,Single Exercise,Knee Dominant,,,Sagittal Plane,,,Lower Body,Push,Compound,Bilateral,Bodybuilding
Kettlebell Half Kneeling Rotational Swing,Intermediate,Abdominals,Obliques,Rectus Abdominis,,Kettlebell,1,None,0,Half Kneeling,Double Arm,Continuous,Pronated,Other,No Elevation,Single Exercise,Rotational,,,Transverse Plane,,,Full Body,Other,Compound,Unilateral,Ballistics
Double Kettlebell Clean to Push Jerk,Intermediate,Shoulders,Anterior Deltoids,Triceps Brachii,Gluteus Minimus,Kettlebell,2,None,0,Standing,Double Arm,Continuous,Pronated,Overhead,No Elevation,Combo Exercise,Hip Hinge,Vertical Push,,Sagittal Plane,,,Full Body,Unsorted*,Compound,Bilateral,Ballistics
Alternating Single Arm Kettlebell Clean to Push Jerk,Novice,Shoulders,Anterior Deltoids,Gluteus Maximus,,Kettlebell,1,None,0,Standing,Single Arm,Alternating,Pronated,Overhead,No Elevation,Combo Exercise,Hip Hinge,Vertical Push,,Sagittal Plane,,,Full Body,Unsorted*,Compound,Unilateral,Ballistics
Kettlebell Split Squat Isometric Low to High Chop,Advanced,Abdominals,Obliques,Rectus Abdominis,,Kettlebell,1,None,0,Split Squat Isometric,Double Arm,Continuous,Bottoms Up Horn Grip,Other,No Elevation,Single Exercise,Rotational,,,Transverse Plane,,,Midsection,Other,Compound,Unilateral,Balance
Kettlebell Split Squat Isometric Alternating Halo,Advanced,Shoulders,Posterior Deltoids,Medial Deltoids,,Kettlebell,1,None,0,Split Squat Isometric,Double Arm,Continuous,Bottoms Up Horn Grip,Other,No Elevation,Single Exercise,Rotational,,,Transverse Plane,,,Unsorted*,Pull,Compound,Unilateral,Balance
Double Kettlebell Front Rack March,Novice,Abdominals,Rectus Abdominis,,,Kettlebell,2,None,0,March,Double Arm,Continuous,Neutral,Front Rack,No Elevation,Single Exercise,,,,Sagittal Plane,,,Midsection,Other,Compound,Unilateral,Balance
Double Kettlebell Suitcase March,Novice,Abdominals,Rectus Abdominis,,,Kettlebell,2,None,0,March,Double Arm,Continuous,Neutral,Suitcase,No Elevation,Single Exercise,,,,Sagittal Plane,,,Midsection,Other,Compound,Unilateral,Balance
Single Arm Kettlebell Rotational Half Snatch,Advanced,Shoulders,Anterior Deltoids,Obliques,Gluteus Maximus,Kettlebell,1,None,0,Standing,Single Arm,Continuous,Pronated,Overhead,No Elevation,Single Exercise,Rotational,,,Transverse Plane,,,Full Body,Unsorted*,Compound,Unilateral,Ballistics
Single Arm Kettlebell Contralateral Staggered Stance Romanian Deadlift,Novice,Hamstrings,Biceps Femoris,Gluteus Maximus,,Kettlebell,1,None,0,Staggered Stance,Single Arm,Continuous,Pronated,Other,No Elevation,Single Exercise,Hip Hinge,,,Sagittal Plane,,,Lower Body,Pull,Compound,Contralateral,Bodybuilding
Double Kettlebell Dead Clean to Front Rack Squat,Intermediate,Quadriceps,Quadriceps Femoris,Gluteus Maximus,,Kettlebell,2,None,0,Standing,Double Arm,Continuous,Neutral,Front Rack,No Elevation,Combo Exercise,Knee Dominant,,,Sagittal Plane,,,Lower Body,Unsorted*,Compound,Bilateral,Ballistics
Double Kettlebell Front Rack Alternating Shin Box Hip Extension to Overhead Press,Advanced,Shoulders,Anterior Deltoids,Triceps Brachii,,Kettlebell,2,None,0,Shin Box Seated,Double Arm,Continuous,Pronated,Overhead,No Elevation,Combo Exercise,Vertical Push,Hip Extension,,Transverse Plane,,,Full Body,Unsorted*,Compound,Bilateral,Unsorted*
Double Kettlebell Overhead Alternating Shin Box Hip Extension,Advanced,Glutes,Gluteus Maximus,,,Kettlebell,2,None,0,Shin Box Seated,Double Arm,Continuous,Pronated,Overhead,No Elevation,Single Exercise,Hip Extension,,,Transverse Plane,,,Lower Body,Unsorted*,Compound,Bilateral,Mobility
Double Kettlebell Bottoms Up Turkish Get Up,Expert,Abdominals,Obliques,Rectus Abdominis,,Kettlebell,2,None,0,Supine,Double Arm,Continuous,Bottoms Up,Overhead,No Elevation,Single Exercise,Rotational,,,Transverse Plane,Sagittal Plane,,Full Body,Other,Compound,Bilateral,Grinds
Slider Single Leg Hamstring Curl,Advanced,Hamstrings,Biceps Femoris,Gluteus Maximus,,Sliders,1,None,0,Supine,No Arms,Continuous,No Grip,No Load,No Elevation,Single Exercise,Knee Dominant,,,Sagittal Plane,,,Lower Body,Pull,Isolation,Unilateral,Unsorted*
Kettlebell Staggered Stance Rotational Swing,Intermediate,Abdominals,Obliques,Rectus Abdominis,Gluteus Maximus,Kettlebell,1,None,0,Staggered Stance,Double Arm,Continuous,Pronated,Other,No Elevation,Single Exercise,Rotational,,,Transverse Plane,,,Full Body,Other,Compound,Bilateral,Unsorted*
Single Arm Suspension Cyclist Squat,Beginner,Quadriceps,Quadriceps Femoris,Gluteus Maximus,,Suspension Trainer,1,Slant Board,1,Standing,Single Arm,Continuous,Neutral,No Load,Heels Elevated,Single Exercise,Knee Dominant,,,Sagittal Plane,,,Lower Body,Push,Compound,Bilateral,Bodybuilding
Single Arm Kettlebell Suitcase Alternating Curtsy Lunge Pass Through,Intermediate,Quadriceps,Quadriceps Femoris,Gluteus Maximus,,Kettlebell,1,None,0,Standing,Single Arm,Alternating,Neutral,Suitcase,No Elevation,Single Exercise,Knee Dominant,,,Frontal Plane,,,Lower Body,Push,Compound,Unilateral,Bodybuilding
Barbell Low Bar Pause Back Squat,Intermediate,Quadriceps,Quadriceps Femoris,Gluteus Maximus,Biceps Femoris,Barbell,1,None,0,Standing,Double Arm,Continuous,Pronated,Other,No Elevation,Single Exercise,Hip Dominant,,,Sagittal Plane,,,Lower Body,Push,Compound,Bilateral,Powerlifting
Barbell Front Rack Pause Squat,Intermediate,Quadriceps,Quadriceps Femoris,Gluteus Maximus,,Barbell,1,None,0,Standing,Double Arm,Continuous,Pronated,Front Rack,No Elevation,Single Exercise,Knee Dominant,,,Sagittal Plane,,,Lower Body,Push,Compound,Bilateral,Olympic Weightlifting
Barbell High Bar Pause Back Squat,Intermediate,Quadriceps,Quadriceps Femoris,Gluteus Maximus,,Barbell,1,None,0,Standing,Double Arm,Continuous,Pronated,Other,No Elevation,Single Exercise,Knee Dominant,,,Sagittal Plane,,,Lower Body,Push,Compound,Bilateral,Unsorted*
Barbell Overhead Pause Squat,Intermediate,Quadriceps,Quadriceps Femoris,Gluteus Maximus,,Barbell,1,None,0,Standing,Double Arm,Continuous,Pronated,Overhead,No Elevation,Single Exercise,Knee Dominant,,,Sagittal Plane,,,Lower Body,Push,Compound,Bilateral,Unsorted*
Single Arm Kettlebell Suitcase Walking Lunge Pass Through,Intermediate,Quadriceps,Quadriceps Femoris,Gluteus Maximus,,Kettlebell,1,None,0,Walking,Single Arm,Alternating,Neutral,Suitcase,No Elevation,Single Exercise,Knee Dominant,,,Sagittal Plane,Frontal Plane,,Lower Body,Push,Compound,Unilateral,Bodybuilding
Ring Hanging Knees to Wrists,Advanced,Abdominals,Rectus Abdominis,Iliopsoas,Rectus Femoris,Gymnastic Rings,2,None,0,Hanging,Double Arm,Continuous,Pronated,No Load,No Elevation,Single Exercise,Spinal Flexion,,,Sagittal Plane,,,Midsection,Other,Compound,Bilateral,Calisthenics
Slider Suspension Lateral Lunge,Beginner,Adductors,Adductor Magnus,Quadriceps Femoris,,Sliders,1,Suspension Trainer,1,Standing,Double Arm,Continuous,Neutral,No Load,No Elevation,Single Exercise,Hip Adduction,,,Frontal Plane,,,Lower Body,Other,Compound,Unilateral,Bodybuilding
Double Kettlebell Overhead Press,Beginner,Shoulders,Anterior Deltoids,Triceps Brachii,,Kettlebell,2,None,0,Standing,Double Arm,Continuous,Pronated,Overhead,No Elevation,Single Exercise,Vertical Push,,,Sagittal Plane,,,Upper Body,Push,Compound,Bilateral,Bodybuilding
Dumbbell Goblet Cyclist Squat,Novice,Quadriceps,Quadriceps Femoris,Gluteus Maximus,,Dumbbell,1,Slant Board,1,Standing,Double Arm,Continuous,Goblet,Front Rack,Heels Elevated,Single Exercise,Knee Dominant,,,Sagittal Plane,,,Lower Body,Push,Compound,Bilateral,Bodybuilding
Slider Barbell Front Rack Lateral Lunge,Intermediate,Adductors,Adductor Magnus,,,Sliders,1,Barbell,1,Standing,Double Arm,Continuous,Pronated,Front Rack,No Elevation,Single Exercise,Hip Adduction,,,Frontal Plane,,,Lower Body,Other,Compound,Unilateral,Bodybuilding
Slider Barbell Back Rack Lateral Lunge,Intermediate,Adductors,Adductor Magnus,,,Sliders,1,Barbell,1,Standing,Double Arm,Continuous,Pronated,Back Rack,No Elevation,Single Exercise,Hip Adduction,,,Frontal Plane,,,Lower Body,Other,Compound,Unilateral,Bodybuilding
Barbell Overhead Alternating Cossack Squat,Advanced,Quadriceps,Quadriceps Femoris,Adductor Magnus,Gluteus Maximus,Barbell,1,None,0,Standing,Double Arm,Continuous,Pronated,Overhead,No Elevation,Single Exercise,Knee Dominant,,,Frontal Plane,,,Lower Body,Push,Compound,Unilateral,Bodybuilding
Barbell Overhead Alternating Reverse Lunge,Advanced,Quadriceps,Quadriceps Femoris,Gluteus Maximus,Biceps Femoris,Barbell,1,None,0,Standing,Double Arm,Continuous,Pronated,Overhead,No Elevation,Single Exercise,Knee Dominant,,,Sagittal Plane,,,Lower Body,Push,Compound,Unilateral,Bodybuilding
Miniband Side Plank Hip Abduction,Intermediate,Abductors,Gluteus Medius,Gluteus Minimus,,Miniband,1,None,0,Side Plank,Single Arm,Continuous,No Grip,No Load,No Elevation,Single Exercise,Hip Abduction,Isometric Hold,,Frontal Plane,,,Lower Body,Other,Compound,Unilateral,Bodybuilding
Double Kettlebell Bottoms Up Overhead Press,Intermediate,Shoulders,Anterior Deltoids,Triceps Brachii,,Kettlebell,2,None,0,Standing,Double Arm,Continuous,Bottoms Up,Overhead,No Elevation,Single Exercise,Vertical Push,,,Sagittal Plane,,,Upper Body,Push,Compound,Bilateral,Unsorted*
Double Kettlebell Suitcase Carry,Beginner,Forearms,Brachioradialis,,,Kettlebell,2,None,0,Walking,Double Arm,Continuous,Neutral,Suitcase,No Elevation,Single Exercise,Loaded Carry,,,Sagittal Plane,,,Full Body,Other,Compound,Bilateral,Unsorted*
Single Arm Kettlebell Suitcase Carry,Beginner,Forearms,Brachioradialis,Obliques,,Kettlebell,1,None,0,Walking,Single Arm,Continuous,Neutral,Suitcase,No Elevation,Single Exercise,Loaded Carry,Anti-Lateral Flexion,,Sagittal Plane,,,Full Body,Other,Compound,Unilateral,Unsorted*
Double Kettlebell Bottoms Up Front Rack Cossack Squat,Intermediate,Quadriceps,Quadriceps Femoris,Adductor Magnus,Gluteus Maximus,Kettlebell,2,None,0,Standing,Double Arm,Continuous,Bottoms Up,Front Rack,No Elevation,Single Exercise,Knee Dominant,,,Frontal Plane,,,Lower Body,Push,Compound,Unilateral,Bodybuilding
Alternating Single Arm Kettlebell Knee Hover Quadruped Pull Through,Intermediate,Abdominals,Rectus Abdominis,Obliques,,Kettlebell,1,None,0,Knee Hover Quadruped,Single Arm,Alternating,Pronated,Other,No Elevation,Single Exercise,Anti-Extension,Anti-Rotational,Isometric Hold,Sagittal Plane,Frontal Plane,,Midsection,Unsorted*,Compound,Unilateral,Unsorted*
Single Arm Kettlebell High Pull,Intermediate,Shoulders,Posterior Deltoids,,,Kettlebell,1,None,0,Standing,Single Arm,Continuous,Pronated,Other,No Elevation,Single Exercise,Horizontal Pull,Hip Hinge,,Sagittal Plane,,,Unsorted*,Pull,Compound,Bilateral,Ballistics
Parallette Close Grip Single Leg Push Up,Advanced,Triceps,Triceps Brachii,Pectoralis Major,,Parallette Bars,1,None,0,Prone,Double Arm,Continuous,Pronated,No Load,No Elevation,Single Exercise,Horizontal Push,,,Sagittal Plane,,,Upper Body,Push,Compound,Unilateral,Calisthenics
Alternating Single Arm Kettlebell Front Rack Squat,Intermediate,Quadriceps,Quadriceps Femoris,Gluteus Maximus,,Kettlebell,1,None,0,Standing,Single Arm,Alternating,Neutral,Front Rack,No Elevation,Single Exercise,Knee Dominant,,,Sagittal Plane,,,Lower Body,Push,Compound,Unilateral,Bodybuilding
Alternating Single Arm Kettlebell Thruster,Intermediate,Shoulders,Anterior Deltoids,Quadriceps Femoris,,Kettlebell,1,None,0,Standing,Single Arm,Alternating,Pronated,Overhead,No Elevation,Single Exercise,Vertical Push,Knee Dominant,,Sagittal Plane,,,Full Body,Push,Compound,Unilateral,Bodybuilding
Double Kettlebell Suitcase Knee Over Toe Split Squat,Novice,Quadriceps,Quadriceps Femoris,Gluteus Maximus,,Kettlebell,2,None,0,Knee Over Toe Split Squat,Double Arm,Continuous,Neutral,Suitcase,No Elevation,Single Exercise,Knee Dominant,,,Sagittal Plane,,,Lower Body,Push,Compound,Unilateral,Bodybuilding
Double Kettlebell Sumo Deadlift to Push Up,Intermediate,Back,Latissimus Dorsi,Gluteus Maximus,Pectoralis Major,Kettlebell,2,None,0,Standing,Double Arm,Continuous,Neutral,Other,No Elevation,Combo Exercise,Hip Hinge,Horizontal Push,,Sagittal Plane,,,Full Body,Push & Pull,Compound,Bilateral,Bodybuilding
Alternating Single Arm Kettlebell Clean to Thruster,Intermediate,Shoulders,Anterior Deltoids,Gluteus Maximus,Quadriceps Femoris,Kettlebell,1,None,0,Standing,Single Arm,Alternating,Neutral,Overhead,No Elevation,Combo Exercise,Hip Hinge,Vertical Push,Knee Dominant,Sagittal Plane,,,Full Body,Unsorted*,Compound,Unilateral,Unsorted*
Suspension Alternating Curtsy Lunge,Novice,Quadriceps,Gluteus Maximus,,,Suspension Trainer,1,None,0,Standing,Double Arm,Continuous,Neutral,No Load,No Elevation,Single Exercise,Knee Dominant,,,Frontal Plane,,,Lower Body,Push,Compound,Unilateral,Bodybuilding
Single Arm Kettlebell Single Leg Balance Transfer,Intermediate,Abdominals,Rectus Abdominis,Gluteus Medius,,Kettlebell,1,None,0,Single Leg Standing,Single Arm,Alternating,Neutral,Suitcase,No Elevation,Single Exercise,Isometric Hold,,,Frontal Plane,,,Full Body,Other,Compound,Unilateral,Balance
Barbell Front Rack Alternating Forward Lunge,Intermediate,Quadriceps,Quadriceps Femoris,Gluteus Maximus,,Barbell,1,None,0,Standing,Double Arm,Continuous,Pronated,Front Rack,No Elevation,Single Exercise,Knee Dominant,,,Sagittal Plane,,,Lower Body,Push,Compound,Unilateral,Bodybuilding
Barbell Front Rack Alternating Reverse Lunge,Intermediate,Quadriceps,Quadriceps Femoris,Gluteus Maximus,Biceps Femoris,Barbell,1,None,0,Standing,Double Arm,Continuous,Pronated,Front Rack,No Elevation,Single Exercise,Knee Dominant,,,Sagittal Plane,,,Lower Body,Push,Compound,Unilateral,Bodybuilding
Barbell Overhead Alternating Forward Lunge,Advanced,Quadriceps,Quadriceps Femoris,Gluteus Maximus,,Barbell,1,None,0,Standing,Double Arm,Continuous,Pronated,Overhead,No Elevation,Single Exercise,Knee Dominant,,,Sagittal Plane,,,Lower Body,Push,Compound,Unilateral,Bodybuilding
Macebell 360,Intermediate,Shoulders,Posterior Deltoids,Rectus Abdominis,,Macebell,1,None,0,Standing,Double Arm,Continuous,Neutral,Behind Back,No Elevation,Single Exercise,Rotational,,,Transverse Plane,,,Upper Body,Pull,Compound,Bilateral,Ballistics
Single Arm Macebell 360,Intermediate,Shoulders,Posterior Deltoids,Rectus Abdominis,,Macebell,1,None,0,Standing,Single Arm,Continuous,Neutral,Behind Back,No Elevation,Single Exercise,Rotational,,,Transverse Plane,,,Upper Body,Pull,Compound,Unilateral,Ballistics
Macebell 10 to 2,Intermediate,Shoulders,Posterior Deltoids,Rectus Abdominis,,Macebell,1,None,0,Standing,Double Arm,Continuous,Neutral,Overhead,No Elevation,Single Exercise,Rotational,,,Transverse Plane,,,Upper Body,Pull,Compound,Bilateral,Ballistics
Macebell Barbarian Squat,Novice,Quadriceps,Quadriceps Femoris,Posterior Deltoids,,Macebell,1,None,0,Standing,Double Arm,Continuous,Neutral,Overhead,No Elevation,Single Exercise,Knee Dominant,,,Sagittal Plane,,,Full Body,Push & Pull,Compound,Bilateral,Unsorted*
Single Arm Macebell Barbarian Squat,Intermediate,Quadriceps,Quadriceps Femoris,Posterior Deltoids,,Macebell,1,None,0,Standing,Single Arm,Continuous,Neutral,Overhead,No Elevation,Single Exercise,Knee Dominant,,,Sagittal Plane,,,Full Body,Push & Pull,Compound,Unilateral,Unsorted*
Macebell Ballistic Curl,Novice,Biceps,Biceps Brachii,,,Macebell,1,None,0,Standing,Double Arm,Alternating,Mixed Grip,Other,No Elevation,Single Exercise,,,,Transverse Plane,,,Upper Body,Pull,Compound,Bilateral,Ballistics
Macebell Single Leg Standing Bent Knee Ballistic Curl,Intermediate,Biceps,Biceps Brachii,,,Macebell,1,None,0,Single Leg Standing Bent Knee,Double Arm,Alternating,Mixed Grip,Other,No Elevation,Single Exercise,,,,Transverse Plane,,,Upper Body,Pull,Compound,Unilateral,Balance
Macebell Split Squat Isometric Low to High Chop,Advanced,Abdominals,Obliques,Rectus Abdominis,,Macebell,1,None,0,Split Squat Isometric,Double Arm,Continuous,Mixed Grip,Other,No Elevation,Single Exercise,Rotational,,,Transverse Plane,,,Full Body,Other,Compound,Unilateral,Balance
Single Arm Macebell Single Leg Standing Bent Knee 360,Advanced,Shoulders,Posterior Deltoids,Rectus Abdominis,,Macebell,1,None,0,Single Leg Standing Bent Knee,Single Arm,Continuous,Neutral,Behind Back,No Elevation,Single Exercise,Rotational,,,Transverse Plane,,,Upper Body,Pull,Compound,Unilateral,Balance
Double Indian Club Outer Heart Shaped Swing,Intermediate,Shoulders,Posterior Deltoids,,,Indian Club,2,None,0,Standing,Double Arm,Continuous,Neutral,Other,No Elevation,Single Exercise,Shoulder External Rotation,,,Transverse Plane,,,Upper Body,Unsorted*,,Bilateral,Mobility
Single Arm Indian Club Outer Heart Shaped Swing,Novice,Shoulders,Posterior Deltoids,,,Indian Club,1,None,0,Standing,Single Arm,Continuous,Neutral,Other,No Elevation,Single Exercise,Shoulder External Rotation,,,Transverse Plane,,,Upper Body,Unsorted*,,Unilateral,Mobility
Macebell Front Swing to 360,Advanced,Shoulders,Posterior Deltoids,Rectus Abdominis,,Macebell,1,None,0,Standing,Double Arm,Continuous,Neutral,Behind Back,No Elevation,Combo Exercise,Rotational,,,Transverse Plane,Frontal Plane,,Upper Body,Pull,Compound,Bilateral,Ballistics
Clubbell Swing to Gamma Cast,Intermediate,Shoulders,Posterior Deltoids,Rectus Abdominis,,Clubbell,1,None,0,Standing,Double Arm,Continuous,Neutral,Behind Back,No Elevation,Combo Exercise,Hip Hinge,Rotational,,Transverse Plane,Sagittal Plane,,Full Body,Pull,Compound,Bilateral,Unsorted*
Macebell Alternating 360,Intermediate,Shoulders,Posterior Deltoids,Rectus Abdominis,,Macebell,1,None,0,Standing,Double Arm,Continuous,Neutral,Behind Back,No Elevation,Single Exercise,Rotational,,,Transverse Plane,,,Upper Body,Pull,Compound,Bilateral,Ballistics
Single Arm Landmine Single Leg Standing Bent Knee Ipsilateral Shoulder Press,Advanced,Shoulders,Anterior Deltoids,,,Landmine,1,None,0,Single Leg Standing Bent Knee,Single Arm,Continuous,Neutral,Overhead,No Elevation,Single Exercise,Vertical Push,,,Sagittal Plane,,,Upper Body,Push,Compound,Ipsilateral,Balance
Single Arm Landmine Single Leg Standing Bent Knee Contralateral Shoulder Press,Advanced,Shoulders,Anterior Deltoids,,,Landmine,1,None,0,Single Leg Standing Bent Knee,Single Arm,Continuous,Neutral,Overhead,No Elevation,Single Exercise,Vertical Push,,,Sagittal Plane,,,Upper Body,Push,Compound,Contralateral,Balance
Alternating Single Arm Landmine Single Leg Standing Bent Knee Shoulder Press,Advanced,Shoulders,Anterior Deltoids,,,Landmine,1,None,0,Single Leg Standing Bent Knee,Single Arm,Alternating,Neutral,Overhead,No Elevation,Single Exercise,Vertical Push,,,Sagittal Plane,Frontal Plane,,Upper Body,Push,Compound,Unilateral,Balance
Single Arm Kettlebell Suitcase Foot Elevated Contralateral Knee Over Toe Split Squat,Novice,Quadriceps,Quadriceps Femoris,Gluteus Maximus,Rectus Abdominis,Kettlebell,1,None,0,Knee Over Toe Split Squat,Single Arm,Continuous,Neutral,Suitcase,Foot Elevated (Front),Single Exercise,Knee Dominant,,,Sagittal Plane,,,Lower Body,Push,Compound,Contralateral,Bodybuilding
Single Arm Kettlebell Suitcase Contralateral Knee Over Toe Split Squat,Novice,Quadriceps,Quadriceps Femoris,Gluteus Maximus,Rectus Abdominis,Kettlebell,1,None,0,Knee Over Toe Split Squat,Single Arm,Continuous,Neutral,Suitcase,No Elevation,Single Exercise,Knee Dominant,,,Sagittal Plane,,,Lower Body,Push,Compound,Contralateral,Bodybuilding
Macebell Alternating 360 to Lateral Uppercut,Advanced,Shoulders,Posterior Deltoids,Rectus Abdominis,,Macebell,1,None,0,Standing,Double Arm,Continuous,Neutral,Behind Back,No Elevation,Combo Exercise,Rotational,,,Transverse Plane,,,Upper Body,Pull,Compound,Bilateral,Ballistics
Macebell Alternating 360 to Alternating Lateral Lunge Front Press,Advanced,Shoulders,Posterior Deltoids,Anterior Deltoids,Quadriceps Femoris,Macebell,1,None,0,Standing,Double Arm,Continuous,Neutral,Behind Back,No Elevation,Combo Exercise,Rotational,Knee Dominant,,Transverse Plane,,,Full Body,Push & Pull,Compound,Unilateral,Ballistics
Clubbell Shield Cast,Intermediate,Shoulders,Posterior Deltoids,Rectus Abdominis,,Clubbell,1,None,0,Standing,Double Arm,Continuous,Neutral,Behind Back,No Elevation,Single Exercise,Rotational,,,Transverse Plane,,,Upper Body,Pull,Compound,Bilateral,Ballistics
Single Arm Clubbell Shield Cast,Intermediate,Shoulders,Posterior Deltoids,Rectus Abdominis,,Clubbell,1,None,0,Standing,Single Arm,Continuous,Neutral,Behind Back,No Elevation,Single Exercise,Rotational,,,Transverse Plane,,,Upper Body,Pull,Compound,Unilateral,Ballistics
Alternating Double Clubbell Shield Cast,Intermediate,Shoulders,Posterior Deltoids,Rectus Abdominis,,Clubbell,2,None,0,Standing,Double Arm,Alternating,Neutral,Behind Back,No Elevation,Single Exercise,Rotational,,,Transverse Plane,,,Upper Body,Pull,Compound,Bilateral,Ballistics
Single Arm Clubbell Inside Circle,Intermediate,Abdominals,Rectus Abdominis,Gluteus Maximus,Brachioradialis,Clubbell,1,None,0,Standing,Single Arm,Continuous,Neutral,Other,No Elevation,Single Exercise,Rotational,,,Transverse Plane,,,Full Body,Other,Compound,Unilateral,Ballistics
Alternating Double Clubbell Inside Circle,Intermediate,Abdominals,Rectus Abdominis,Gluteus Maximus,Brachioradialis,Clubbell,2,None,0,Standing,Double Arm,Alternating,Neutral,Other,No Elevation,Single Exercise,Rotational,,,Transverse Plane,,,Full Body,Other,Compound,Unilateral,Ballistics
Clubbell Front Flag Hold March,Novice,Abdominals,Rectus Abdominis,Anterior Deltoids,,Clubbell,1,None,0,March,Double Arm,Continuous,Neutral,Front Flag Hold,No Elevation,Single Exercise,,,,Sagittal Plane,,,Midsection,Other,Compound,Unilateral,Balance
Double Clubbell Side Shoulder Cast,Intermediate,Shoulders,Posterior Deltoids,,,Clubbell,2,None,0,Standing,Double Arm,Continuous,Neutral,Overhead,No Elevation,Single Exercise,,,,Frontal Plane,,,Upper Body,Pull,Compound,Bilateral,Unsorted*
Double Clubbell Side Shoulder Cast to Side Flag Press,Intermediate,Shoulders,Posterior Deltoids,,,Clubbell,2,None,0,Standing,Double Arm,Continuous,Neutral,Other,No Elevation,Combo Exercise,Shoulder Abduction,,,Frontal Plane,,,Upper Body,Push & Pull,Compound,Bilateral,Unsorted*
Double Clubbell Swipe to Alternating Reverse Lunge Side Shoulder Cast to Side Flag Press,Advanced,Shoulders,Posterior Deltoids,Quadriceps Femoris,,Clubbell,2,None,0,Standing,Double Arm,Continuous,Neutral,Other,No Elevation,Trio Exercise,,,,Frontal Plane,Sagittal Plane,,Full Body,Push & Pull,Compound,Bilateral,Unsorted*
Double Clubbell Single Leg Standing Bent Knee Side Shoulder Cast to Side Flag Press,Advanced,Shoulders,Posterior Deltoids,,,Clubbell,2,None,0,Single Leg Standing Bent Knee,Double Arm,Continuous,Neutral,Other,No Elevation,Combo Exercise,Shoulder Abduction,,,Frontal Plane,,,Upper Body,Push & Pull,Compound,Bilateral,Unsorted*
Clubbell Clean to Barbarian Squat,Intermediate,Quadriceps,Quadriceps Femoris,Gluteus Maximus,,Clubbell,1,None,0,Standing,Double Arm,Continuous,Neutral,Overhead,No Elevation,Combo Exercise,Knee Dominant,Hip Hinge,,Sagittal Plane,,,Full Body,Push & Pull,,Bilateral,Unsorted*
Clubbell Mill,Intermediate,Shoulders,Posterior Deltoids,Gluteus Maximus,Obliques,Clubbell,1,None,0,Standing,Double Arm,Continuous,Neutral,Behind Back,No Elevation,Single Exercise,Rotational,,,Transverse Plane,,,Upper Body,Pull,Compound,Bilateral,Ballistics
Clubbell Inside Circle,Intermediate,Abdominals,Rectus Abdominis,Gluteus Maximus,Brachioradialis,Clubbell,1,None,0,Standing,Double Arm,Continuous,Neutral,Order,No Elevation,Single Exercise,Rotational,,,Transverse Plane,,,Full Body,Other,Compound,Bilateral,Ballistics
Clubbell Half Kneeling Shield Cast,Intermediate,Shoulders,Posterior Deltoids,Rectus Abdominis,,Clubbell,1,None,0,Half Kneeling,Double Arm,Continuous,Neutral,Behind Back,No Elevation,Single Exercise,Rotational,,,Transverse Plane,,,Upper Body,Pull,Compound,Bilateral,Ballistics
Clubbell Split Squat Isometric Shield Cast,Advanced,Shoulders,Posterior Deltoids,Quadriceps Femoris,Rectus Abdominis,Clubbell,1,None,0,Split Squat Isometric,Double Arm,Continuous,Neutral,Behind Back,No Elevation,Single Exercise,Rotational,Isometric Hold,,Transverse Plane,,,Full Body,Pull,Compound,Bilateral,Balance
Clubbell Single Leg Standing Bent Knee Shield Cast,Advanced,Shoulders,Posterior Deltoids,Rectus Abdominis,,Clubbell,1,None,0,Single Leg Standing Bent Knee,Double Arm,Continuous,Neutral,Behind Back,No Elevation,Single Exercise,Rotational,,,Transverse Plane,,,Full Body,Pull,Compound,Bilateral,Balance
Double Clubbell Iron Cross,Intermediate,Shoulders,Posterior Deltoids,,,Clubbell,2,None,0,Standing,Double Arm,Continuous,Neutral,Overhead,No Elevation,Single Exercise,,,,Frontal Plane,,,Upper Body,Pull,Compound,Bilateral,Unsorted*
Double Clubbell Half Kneeling Iron Cross,Intermediate,Shoulders,Posterior Deltoids,,,Clubbell,2,None,0,Half Kneeling,Double Arm,Continuous,Neutral,Overhead,No Elevation,Single Exercise,,,,Frontal Plane,,,Upper Body,Pull,Compound,Bilateral,Unsorted*
Double Clubbell Split Squat Isometric Iron Cross,Advanced,Shoulders,Posterior Deltoids,Quadriceps Femoris,,Clubbell,2,None,0,Split Squat Isometric,Double Arm,Continuous,Neutral,Overhead,No Elevation,Single Exercise,,,,Frontal Plane,,,Full Body,Pull,Compound,Bilateral,Balance
Double Clubbell Single Leg Standing Bent Knee Iron Cross,Advanced,Shoulders,Posterior Deltoids,Quadriceps Femoris,,Clubbell,2,None,0,Single Leg Standing Bent Knee,Double Arm,Continuous,Neutral,Overhead,No Elevation,Single Exercise,,,,Frontal Plane,,,Full Body,Pull,Compound,Bilateral,Unsorted*
Double Kettlebell Suitcase Deadlift,Beginner,Back,Latissimus Dorsi,Gluteus Maximus,Biceps Femoris,Kettlebell,2,None,0,Standing,Double Arm,Continuous,Neutral,Other,No Elevation,Single Exercise,Hip Hinge,,,Sagittal Plane,,,Full Body,Pull,Compound,Bilateral,Bodybuilding
Double Kettlebell Bottoms Up Clean,Intermediate,Glutes,Gluteus Maximus,,,Kettlebell,2,None,0,Standing,Double Arm,Continuous,Bottoms Up,Front Rack,No Elevation,Single Exercise,Hip Hinge,,,Sagittal Plane,,,Full Body,Unsorted*,Compound,Bilateral,Ballistics
Double Clubbell Alternating Reverse Lunge Front Flag Press,Intermediate,Quadriceps,Quadriceps Femoris,Anterior Deltoids,Biceps Femoris,Clubbell,2,None,0,Standing,Double Arm,Continuous,Neutral,Other,No Elevation,Single Exercise,Knee Dominant,,,Sagittal Plane,,,Full Body,Push,Compound,Unilateral,Bodybuilding
Clubbell Gamma Cast,Intermediate,Shoulders,Posterior Deltoids,Rectus Abdominis,,Clubbell,1,None,0,Standing,Double Arm,Continuous,Neutral,Behind Back,No Elevation,Single Exercise,Rotational,,,Transverse Plane,Frontal Plane,,Upper Body,Pull,Compound,Bilateral,Unsorted*
Clubbell Half Kneeling Gamma Cast,Intermediate,Shoulders,Posterior Deltoids,Rectus Abdominis,,Clubbell,1,None,0,Half Kneeling,Double Arm,Continuous,Neutral,Behind Back,No Elevation,Single Exercise,Rotational,,,Transverse Plane,,,Upper Body,Pull,Compound,Bilateral,Unsorted*
Clubbell Split Squat Isometric Gamma Cast,Advanced,Shoulders,Posterior Deltoids,Quadriceps Femoris,Rectus Abdominis,Clubbell,1,None,0,Split Squat Isometric,Double Arm,Continuous,Neutral,Behind Back,No Elevation,Single Exercise,Rotational,Isometric Hold,,Transverse Plane,,,Full Body,Pull,Compound,Bilateral,Balance
Clubbell Single Leg Standing Bent Knee Gamma Cast,Advanced,Shoulders,Posterior Deltoids,Rectus Abdominis,,Clubbell,1,None,0,Single Leg Standing Bent Knee,Double Arm,Continuous,Neutral,Behind Back,No Elevation,Single Exercise,Rotational,,,Transverse Plane,,,Full Body,Pull,Compound,Bilateral,Unsorted*
Single Arm Clubbell Pullover,Novice,Back,Latissimus Dorsi,Posterior Deltoids,Triceps Brachii,Clubbell,1,None,0,Standing,Single Arm,Continuous,Neutral,Behind Back,No Elevation,Single Exercise,,,,Sagittal Plane,,,Upper Body,Pull,Compound,Unilateral,Unsorted*
Double Clubbell Pullover,Novice,Back,Latissimus Dorsi,Posterior Deltoids,Triceps Brachii,Clubbell,2,None,0,Standing,Double Arm,Continuous,Neutral,Behind Back,No Elevation,Single Exercise,,,,Sagittal Plane,,,Upper Body,Pull,Compound,Bilateral,Unsorted*
Clubbell Pullover,Novice,Back,Latissimus Dorsi,Posterior Deltoids,Triceps Brachii,Clubbell,1,None,0,Standing,Double Arm,Continuous,Neutral,Behind Back,No Elevation,Single Exercise,,,,Sagittal Plane,,,Upper Body,Pull,Compound,Bilateral,Unsorted*
Single Arm Clubbell Side Swing,Intermediate,Abdominals,Obliques,Gluteus Maximus,,Clubbell,1,None,0,Standing,Single Arm,Continuous,Neutral,Other,No Elevation,Single Exercise,Rotational,,,Transverse Plane,,,Full Body,Other,Compound,Bilateral,Ballistics
Single Arm Clubbell Inside Pendulum,Intermediate,Abdominals,Obliques,Gluteus Maximus,,Clubbell,1,None,0,Standing,Single Arm,Continuous,Neutral,Order,No Elevation,Single Exercise,Rotational,,,Transverse Plane,,,Full Body,Other,Compound,Unilateral,Ballistics
Double Clubbell Swipe,Intermediate,Glutes,Gluteus Maximus,Biceps Femoris,Latissimus Dorsi,Clubbell,2,None,0,Standing,Double Arm,Continuous,Neutral,Other,No Elevation,Single Exercise,Hip Hinge,,,Sagittal Plane,,,Full Body,Unsorted*,Compound,Bilateral,Ballistics
Single Arm Clubbell Swipe,Intermediate,Glutes,Gluteus Maximus,Biceps Femoris,Latissimus Dorsi,Clubbell,1,None,0,Standing,Single Arm,Continuous,Neutral,Other,No Elevation,Single Exercise,Hip Hinge,,,Sagittal Plane,,,Full Body,Unsorted*,Compound,Unilateral,Ballistics
Single Arm Clubbell Crossbody Swipe,Intermediate,Abdominals,Obliques,Gluteus Maximus,Latissimus Dorsi,Clubbell,1,None,0,Standing,Single Arm,Continuous,Neutral,Other,No Elevation,Single Exercise,Rotational,Hip Hinge,,Transverse Plane,Sagittal Plane,,Full Body,Unsorted*,Compound,Unilateral,Ballistics
Macebell Alternating 360 to Front Flag Press,Advanced,Shoulders,Posterior Deltoids,Anterior Deltoids,Rectus Abdominis,Macebell,1,None,0,Standing,Double Arm,Continuous,Neutral,Behind Back,No Elevation,Combo Exercise,Rotational,,,Transverse Plane,,,Upper Body,Push & Pull,Compound,Bilateral,Ballistics
Single Arm Clubbell Inside Circle to Shield Cast,Advanced,Shoulders,Posterior Deltoids,Rectus Abdominis,Gluteus Maximus,Clubbell,1,None,0,Standing,Single Arm,Continuous,Neutral,Behind Back,No Elevation,Combo Exercise,Rotational,,,Transverse Plane,,,Full Body,Pull,Compound,Unilateral,Ballistics
Clubbell Barbarian Squat,Novice,Quadriceps,Quadriceps Femoris,Posterior Deltoids,,Clubbell,1,None,0,Standing,Double Arm,Continuous,Neutral,Overhead,No Elevation,Single Exercise,Knee Dominant,,,Sagittal Plane,,,Full Body,Push & Pull,Compound,Bilateral,Unsorted*
Single Arm Clubbell Inside Circle to Outside Circle,Intermediate,Abdominals,Rectus Abdominis,Gluteus Maximus,Brachioradialis,Clubbell,1,None,0,Standing,Single Arm,Continuous,Neutral,Other,No Elevation,Combo Exercise,Rotational,,,Transverse Plane,,,Full Body,Other,Compound,Unilateral,Ballistics
Clubbell Inside Circle to Outside Circle,Intermediate,Abdominals,Rectus Abdominis,Gluteus Maximus,Brachioradialis,Clubbell,1,None,0,Standing,Double Arm,Continuous,Neutral,Order,No Elevation,Combo Exercise,Rotational,,,Transverse Plane,,,Full Body,Other,Compound,Bilateral,Ballistics
Double Clubbell Barbarian Squat,Novice,Quadriceps,Quadriceps Femoris,Posterior Deltoids,,Clubbell,2,None,0,Standing,Double Arm,Continuous,Neutral,Overhead,No Elevation,Single Exercise,Knee Dominant,,,Sagittal Plane,,,Full Body,Push & Pull,Compound,Bilateral,Unsorted*
Single Arm Clubbell Side to Side Swing,Intermediate,Abdominals,Obliques,Gluteus Maximus,,Clubbell,1,None,0,Standing,Single Arm,Continuous,Neutral,Other,No Elevation,Single Exercise,Rotational,,,Transverse Plane,,,Full Body,Other,Compound,Unilateral,Ballistics
Alternating Single Arm Clubbell Side to Side Swing,Advanced,Abdominals,Obliques,Gluteus Maximus,,Clubbell,1,None,0,Standing,Single Arm,Alternating,Neutral,Other,No Elevation,Single Exercise,Rotational,,,Transverse Plane,,,Full Body,Other,Compound,Unilateral,Ballistics
Clubbell Alternating Inside Pendulum to Gamma Cast,Advanced,Shoulders,Posterior Deltoids,Obliques,Rectus Abdominis,Clubbell,1,None,0,Standing,Double Arm,Continuous,Neutral,Behind Back,No Elevation,Combo Exercise,Rotational,,,Transverse Plane,,,Full Body,Pull,Compound,Bilateral,Ballistics
Single Arm Clubbell Single Leg Standing Bent Knee Contralateral Shield Cast,Advanced,Shoulders,Posterior Deltoids,Rectus Abdominis,,Clubbell,1,None,0,Single Leg Standing Bent Knee,Single Arm,Continuous,Neutral,Behind Back,No Elevation,Single Exercise,Rotational,,,Transverse Plane,Frontal Plane,,Full Body,Pull,Compound,Contralateral,Balance
Double Clubbell Side Flag Press,Intermediate,Shoulders,Medial Deltoids,,,Clubbell,2,None,0,Standing,Double Arm,Continuous,Neutral,Other,No Elevation,Single Exercise,Shoulder Abduction,,,Frontal Plane,,,Upper Body,Push,Compound,Bilateral,Unsorted*
Clubbell Front Flag Press,Novice,Shoulders,Anterior Deltoids,Triceps Brachaii,,Clubbell,1,None,0,Standing,Double Arm,Continuous,Neutral,Other,No Elevation,Single Exercise,Horizontal Push,,,Sagittal Plane,,,Upper Body,Push,Compound,Bilateral,Unsorted*
Single Arm Clubbell Inside Circle to Front Flag Press,Intermediate,Shoulders,Anterior Deltoids,Triceps Brachaii,Obliques,Clubbell,1,None,0,Standing,Single Arm,Continuous,Neutral,Other,No Elevation,Single Exercise,,,,Transverse Plane,,,Full Body,Push,Compound,Unilateral,Unsorted*
Double Clubbell Order Bulgarian Split Squat,Intermediate,Quadriceps,Quadriceps Femoris,Gluteus Maximus,Brachioradialis,Clubbell,2,Bench (Flat),1,Single Leg Supported,Double Arm,Continuous,Neutral,Order,Foot Elevated (Rear),Single Exercise,Knee Dominant,,,Sagittal Plane,,,Lower Body,Push,Compound,Unilateral,Bodybuilding
Barbell Hang Squat Clean,Advanced,Quadriceps,Quadriceps Femoris,Gluteus Maximus,,Barbell,1,None,0,Standing,Double Arm,Continuous,Pronated,Front Rack,No Elevation,Single Exercise,Knee Dominant,Hip Hinge,,Sagittal Plane,,,Full Body,Unsorted*,Compound,Bilateral,Olympic Weightlifting
Alternating Single Arm Kettlebell Feet Elevated Plank Pull Through,Intermediate,Abdominals,Rectus Abdominis,Obliques,,Kettlebell,1,Bench (Flat),0,Prone,Single Arm,Alternating,Pronated,Other,Feet Elevated,Single Exercise,Anti-Extension,Anti-Rotational,,Sagittal Plane,Frontal Plane,,Midsection,Unsorted*,Compound,Unilateral,Unsorted*
Miniband Supine Alternating Hip Flexion,Beginner,Hip Flexors,Iliopsoas,Rectus Femoris,,Miniband,1,None,0,Supine,No Arms,Continuous,No Grip,No Load,No Elevation,Single Exercise,Hip Flexion,,,Sagittal Plane,,,Lower Body,Unsorted*,Compound,Unilateral,Unsorted*
Double Indian Club Inner Heart Shaped Swing,Intermediate,Shoulders,Posterior Deltoids,,,Indian Club,2,None,0,Standing,Double Arm,Continuous,Neutral,Other,No Elevation,Single Exercise,,,,Frontal Plane,,,Upper Body,Unsorted*,,Bilateral,Mobility
Single Arm Indian Club Inner Heart Shaped Swing,Novice,Shoulders,Posterior Deltoids,,,Indian Club,1,None,0,Standing,Single Arm,Continuous,Neutral,Other,No Elevation,Single Exercise,,,,Frontal Plane,,,Upper Body,Unsorted*,,Unilateral,Mobility
Alternating Double Indian Club Inner Heart Shaped Swing,Intermediate,Shoulders,Posterior Deltoids,,,Indian Club,2,None,0,Standing,Double Arm,Alternating,Neutral,Other,No Elevation,Single Exercise,,,,Frontal Plane,,,Upper Body,Unsorted*,,Unilateral,Mobility
Double Indian Club Crescent Swing,Advanced,Shoulders,Posterior Deltoids,Obliques,,Indian Club,2,None,0,Standing,Double Arm,Alternating,Neutral,Other,No Elevation,Single Exercise,,,,Transverse Plane,,,Upper Body,Unsorted*,,Unilateral,Mobility
Single Arm Clubbell Barbarian Squat,Novice,Quadriceps,Quadriceps Femoris,Posterior Deltoids,,Clubbell,1,None,0,Standing,Single Arm,Continuous,Neutral,Overhead,No Elevation,Single Exercise,Knee Dominant,,,Sagittal Plane,,,Full Body,Push & Pull,Compound,Unilateral,Unsorted*
Single Arm Clubbell Single Leg Standing Bent Knee Ipsilateral Shield Cast,Advanced,Shoulders,Posterior Deltoids,Rectus Abdominis,,Clubbell,1,None,0,Single Leg Standing Bent Knee,Single Arm,Continuous,Neutral,Behind Back,No Elevation,Single Exercise,Rotational,,,Transverse Plane,Frontal Plane,,Full Body,Pull,Compound,Ipsilateral,Balance
Clubbell Order Cyclist Squat,Novice,Quadriceps,Quadriceps Femoris,Gluteus Maximus,,Clubbell,1,Slant Board,1,Standing,Double Arm,Continuous,Neutral,Order,Heels Elevated,Single Exercise,Knee Dominant,,,Sagittal Plane,,,Lower Body,Push,Compound,Bilateral,Bodybuilding
Single Arm Clubbell Order Contralateral Bulgarian Split Squat,Intermediate,Quadriceps,Quadriceps Femoris,Gluteus Maximus,Brachioradialis,Clubbell,1,Bench (Flat),1,Single Leg Supported,Single Arm,Continuous,Neutral,Order,Foot Elevated (Rear),Single Exercise,Knee Dominant,,,Sagittal Plane,,,Lower Body,Push,Compound,Contralateral,Bodybuilding
Alternating Double Clubbell Side Flag Press,Intermediate,Shoulders,Medial Deltoids,,,Clubbell,2,None,0,Standing,Double Arm,Alternating,Neutral,Other,No Elevation,Single Exercise,Shoulder Abduction,,,Frontal Plane,,,Upper Body,Push,Compound,Unilateral,Unsorted*
Single Arm Clubbell Side Flag Press,Intermediate,Shoulders,Medial Deltoids,,,Clubbell,2,None,0,Standing,Single Arm,Continuous,Neutral,Other,No Elevation,Single Exercise,Shoulder Abduction,,,Frontal Plane,,,Upper Body,Push,Compound,Unilateral,Unsorted*
Single Arm Clubbell Side Shoulder Cast,Intermediate,Shoulders,Posterior Deltoids,,,Clubbell,1,None,0,Standing,Single Arm,Continuous,Neutral,Overhead,No Elevation,Single Exercise,,,,Frontal Plane,,,Upper Body,Pull,Compound,Unilateral,Unsorted*
Clubbell Order Squat,Beginner,Quadriceps,Quadriceps Femoris,Gluteus Maximus,,Clubbell,1,None,0,Standing,Double Arm,Continuous,Neutral,Order,No Elevation,Single Exercise,Knee Dominant,,,Sagittal Plane,,,Lower Body,Push,Compound,Bilateral,Unsorted*
Single Arm Clubbell Order Ipsilateral Bulgarian Split Squat,Intermediate,Quadriceps,Quadriceps Femoris,Gluteus Maximus,Brachioradialis,Clubbell,1,Bench (Flat),1,Single Leg Supported,Single Arm,Continuous,Neutral,Order,Foot Elevated (Rear),Single Exercise,Knee Dominant,,,Sagittal Plane,,,Lower Body,Push,Compound,Ipsilateral,Bodybuilding
Single Arm Clubbell Order Squat,Novice,Quadriceps,Quadriceps Femoris,Gluteus Maximus,,Clubbell,1,None,0,Standing,Single Arm,Continuous,Neutral,Order,No Elevation,Single Exercise,Knee Dominant,,,Sagittal Plane,,,Lower Body,Push,Compound,Unilateral,Unsorted*
Double Clubbell Order Squat,Novice,Quadriceps,Quadriceps Femoris,Gluteus Maximus,,Clubbell,2,None,0,Standing,Double Arm,Continuous,Neutral,Order,No Elevation,Single Exercise,Knee Dominant,,,Sagittal Plane,,,Lower Body,Push,Compound,Bilateral,Unsorted*
Single Arm Macebell Front Swing to 360,Advanced,Shoulders,Posterior Deltoids,Rectus Abdominis,,Macebell,1,None,0,Standing,Single Arm,Continuous,Neutral,Behind Back,No Elevation,Combo Exercise,Rotational,,,Transverse Plane,Frontal Plane,,Upper Body,Pull,Compound,Unilateral,Ballistics
Single Arm Ring Dead Hang,Novice,Back,Latissimus Dorsi,,,Gymnastic Rings,1,None,0,Hanging,Single Arm,Continuous,Pronated,No Load,No Elevation,Single Exercise,Isometric Hold,,,Sagittal Plane,,,Upper Body,Other,Compound,Unilateral,Calisthenics
Clubbell Torch Press,Novice,Shoulders,Anterior Deltoids,Triceps Brachaii,,Clubbell,1,None,0,Standing,Double Arm,Continuous,Neutral,Other,No Elevation,Single Exercise,Vertical Push,,,Sagittal Plane,,,Upper Body,Push,Compound,Bilateral,Unsorted*
Single Arm Clubbell Torch Press,Novice,Shoulders,Anterior Deltoids,Triceps Brachaii,,Clubbell,1,None,0,Standing,Single Arm,Continuous,Neutral,Other,No Elevation,Single Exercise,Vertical Push,,,Sagittal Plane,,,Upper Body,Push,Compound,Unilateral,Unsorted*
Double Clubbell Torch Press,Novice,Shoulders,Anterior Deltoids,Triceps Brachaii,,Clubbell,2,None,0,Standing,Double Arm,Continuous,Neutral,Other,No Elevation,Single Exercise,Vertical Push,,,Sagittal Plane,,,Upper Body,Push,Compound,Bilateral,Unsorted*
Alternating Double Clubbell Torch Press,Novice,Shoulders,Anterior Deltoids,Triceps Brachaii,,Clubbell,2,None,0,Standing,Double Arm,Alternating,Neutral,Other,No Elevation,Single Exercise,Vertical Push,,,Sagittal Plane,,,Upper Body,Push,Compound,Unilateral,Unsorted*
Single Arm Clubbell Front Flag Press,Novice,Shoulders,Anterior Deltoids,Triceps Brachaii,,Clubbell,1,None,0,Standing,Single Arm,Continuous,Neutral,Other,No Elevation,Single Exercise,Horizontal Push,,,Sagittal Plane,,,Upper Body,Push,Compound,Unilateral,Unsorted*
Double Clubbell Front Flag Press,Novice,Shoulders,Anterior Deltoids,Triceps Brachaii,,Clubbell,2,None,0,Standing,Double Arm,Continuous,Neutral,Other,No Elevation,Single Exercise,Horizontal Push,,,Sagittal Plane,,,Upper Body,Push,Compound,Bilateral,Unsorted*
Alternating Double Clubbell Front Flag Press,Novice,Shoulders,Anterior Deltoids,Triceps Brachaii,,Clubbell,2,None,0,Standing,Double Arm,Alternating,Neutral,Other,No Elevation,Single Exercise,Horizontal Push,,,Sagittal Plane,,,Upper Body,Push,Compound,Unilateral,Unsorted*
Double Indian Club Lateral Internal and External Rotations,Novice,Shoulders,Posterior Deltoids,,,Indian Club,2,None,0,Standing,Double Arm,Continuous,Neutral,Lateral,No Elevation,Single Exercise,,,,Sagittal Plane,,,Upper Body,Unsorted*,,Bilateral,Mobility
Single Arm Indian Club Lateral Internal and External Rotation,Novice,Shoulders,Posterior Deltoids,,,Indian Club,1,None,0,Standing,Single Arm,Continuous,Neutral,Lateral,No Elevation,Single Exercise,,,,Sagittal Plane,,,Upper Body,Unsorted*,,Unilateral,Mobility
Double Indian Club Overhead Arm Circles,Novice,Shoulders,Medial Deltoids,,,Indian Club,2,None,0,Standing,Double Arm,Continuous,Neutral,Overhead,No Elevation,Single Exercise,,,,Sagittal Plane,,,Upper Body,Other,,Bilateral,Mobility
Double Indian Club Lateral Arm Circles,Novice,Shoulders,Medial Deltoids,,,Indian Club,2,None,0,Standing,Double Arm,Continuous,Neutral,Lateral,No Elevation,Single Exercise,,,,Sagittal Plane,,,Upper Body,Other,,Bilateral,Mobility
Resistance Band Shoulder Dislocates,Novice,Shoulders,Posterior Deltoids,,,Resistance Band,1,None,0,Standing,Double Arm,Continuous,Pronated,Lateral,No Elevation,Single Exercise,,,,Sagittal Plane,,,Upper Body,Unsorted*,Compound,Bilateral,Mobility
Suspension Reverse Grip Bicep Curl,Novice,Forearms,Brachioradialis,Biceps Brachii,Brachialis,Suspension Trainer,1,None,0,Standing,Double Arm,Continuous,Pronated,No Load,No Elevation,Single Exercise,Elbow Flexion,,,Sagittal Plane,,,Upper Body,Pull,Isolation,Bilateral,Unsorted*
Bulgarian Bag Side to Side Swing,Intermediate,Abdominals,Obliques,,,Bulgarian Bag,1,None,0,Standing,Double Arm,Continuous,Neutral,Other,No Elevation,Single Exercise,Rotational,,,Transverse Plane,,,Full Body,Other,Compound,Bilateral,Unsorted*
Barbell Reverse Grip Bicep Curl,Intermediate,Forearms,Brachioradialis,Biceps Brachii,Brachialis,Barbell,1,None,0,Standing,Double Arm,Continuous,Pronated,Other,No Elevation,Single Exercise,Elbow Flexion,,,Sagittal Plane,,,Upper Body,Pull,Isolation,Bilateral,Bodybuilding
Cable Straight Bar Reverse Grip Bicep Curl,Novice,Forearms,Brachioradialis,Biceps Brachii,Brachialis,Cable,1,None,0,Standing,Double Arm,Continuous,Pronated,Other,No Elevation,Single Exercise,Elbow Flexion,,,Sagittal Plane,,,Upper Body,Pull,Isolation,Bilateral,Bodybuilding
Cable Straight Bar Bicep Curl,Beginner,Biceps,Biceps Brachii,Brachialis,Brachioradialis,Cable,1,None,0,Standing,Double Arm,Continuous,Supinated,Other,No Elevation,Single Exercise,Elbow Flexion,,,Sagittal Plane,,,Upper Body,Pull,Isolation,Bilateral,Bodybuilding
Clubbell Clean,Novice,Glutes,Gluteus Maximus,Brachioradialis,,Clubbell,1,None,0,Standing,Double Arm,Continuous,Neutral,Order,No Elevation,Single Exercise,Hip Hinge,,,Sagittal Plane,,,Full Body,Unsorted*,Compound,Bilateral,Ballistics
Double Clubbell Clean,Novice,Glutes,Gluteus Maximus,Brachioradialis,,Clubbell,2,None,0,Standing,Double Arm,Continuous,Neutral,Order,No Elevation,Single Exercise,Hip Hinge,,,Sagittal Plane,,,Full Body,Unsorted*,Compound,Bilateral,Ballistics
Single Arm Clubbell Clean,Novice,Glutes,Gluteus Maximus,Brachioradialis,,Clubbell,1,None,0,Standing,Single Arm,Continuous,Neutral,Order,No Elevation,Single Exercise,Hip Hinge,,,Sagittal Plane,,,Full Body,Unsorted*,Compound,Unilateral,Ballistics
Single Arm Clubbell Reverse Mill,Intermediate,Shoulders,Posterior Deltoids,Gluteus Maximus,Obliques,Clubbell,1,None,0,Standing,Single Arm,Continuous,Neutral,Behind Back,No Elevation,Single Exercise,Rotational,,,Transverse Plane,,,Upper Body,Pull,Compound,Unilateral,Ballistics
Bulgarian Bag Spin,Advanced,Shoulders,Posterior Deltoids,Obliques,,Bulgarian Bag,1,None,0,Standing,Double Arm,Continuous,Neutral,Overhead,No Elevation,Single Exercise,Rotational,,,Transverse Plane,,,Upper Body,Pull,Compound,Bilateral,Unsorted*
Bulgarian Bag Alternating Spin,Advanced,Shoulders,Posterior Deltoids,Obliques,,Bulgarian Bag,1,None,0,Standing,Double Arm,Continuous,Neutral,Overhead,No Elevation,Single Exercise,Rotational,,,Transverse Plane,,,Upper Body,Pull,Compound,Bilateral,Unsorted*
Bulgarian Bag Alternating Spin to Side Swing Squat,Advanced,Shoulders,Posterior Deltoids,Obliques,Quadriceps Femoris,Bulgarian Bag,1,None,0,Standing,Double Arm,Continuous,Neutral,Overhead,No Elevation,Combo Exercise,Rotational,,,Transverse Plane,,,Full Body,Unsorted*,Compound,Bilateral,Unsorted*
Bulgarian Bag Swipe,Intermediate,Glutes,Posterior Deltoids,,,Bulgarian Bag,1,None,0,Standing,Double Arm,Continuous,Neutral,Overhead,No Elevation,Single Exercise,Hip Hinge,,,Sagittal Plane,,,Full Body,Unsorted*,Compound,Bilateral,Unsorted*
Bulgarian Bag Snatch,Intermediate,Glutes,Gluteus Maximus,Anterior Deltoids,,Bulgarian Bag,1,None,0,Standing,Double Arm,Continuous,Neutral,Overhead,No Elevation,Single Exercise,Hip Hinge,,,Sagittal Plane,,,Full Body,Unsorted*,Compound,Bilateral,Ballistics
Bulgarian Bag Alternating Rotational Snatch,Advanced,Shoulders,Anterior Deltoids,Obliques,Gluteus Maximus,Bulgarian Bag,1,None,0,Standing,Double Arm,Continuous,Neutral,Overhead,No Elevation,Single Exercise,Rotational,,,Transverse Plane,,,Full Body,Unsorted*,Compound,Bilateral,Ballistics
Bulgarian Bag Alternating Side Swing Squat,Advanced,Abdominals,Obliques,Quadriceps Femoris,,Bulgarian Bag,1,None,0,Standing,Double Arm,Continuous,Neutral,Other,No Elevation,Single Exercise,Rotational,,,Transverse Plane,Frontal Plane,,Full Body,Unsorted*,Compound,Bilateral,Ballistics
Bulgarian Bag Dead Clean,Intermediate,Glutes,Gluteus Maximus,,,Bulgarian Bag,1,None,0,Standing,Double Arm,Continuous,Neutral,Front Rack,No Elevation,Single Exercise,Hip Hinge,,,Sagittal Plane,,,Full Body,Unsorted*,Compound,Bilateral,Ballistics
Bulgarian Bag Swing,Novice,Glutes,Gluteus Maximus,,,Bulgarian Bag,1,None,0,Standing,Double Arm,Continuous,Neutral,Other,No Elevation,Single Exercise,Hip Hinge,,,Sagittal Plane,,,Full Body,Unsorted*,Compound,Bilateral,Ballistics
Bulgarian Bag Front Rack Squat,Novice,Quadriceps,Gluteus Maximus,,,Bulgarian Bag,1,None,0,Standing,Double Arm,Continuous,Supinated,Front Rack,No Elevation,Single Exercise,Knee Dominant,,,Sagittal Plane,,,Lower Body,Push,Compound,Bilateral,Unsorted*
Bulgarian Bag Back Rack Squat,Novice,Quadriceps,Gluteus Maximus,,,Bulgarian Bag,1,None,0,Standing,Double Arm,Continuous,Neutral,Back Rack,No Elevation,Single Exercise,Knee Dominant,,,Sagittal Plane,,,Lower Body,Push,Compound,Bilateral,Unsorted*
Bulgarian Bag Swing Squat,Advanced,Glutes,Gluteus Maximus,Quadriceps Femoris,,Bulgarian Bag,1,None,0,Standing,Double Arm,Continuous,Neutral,Other,No Elevation,Single Exercise,Hip Hinge,Knee Dominant,,Sagittal Plane,,,Full Body,Unsorted*,Compound,Bilateral,Unsorted*
Bulgarian Bag Alternating Forward Lunge with Rotation,Intermediate,Quadriceps,Quadriceps Femoris,Obliques,,Bulgarian Bag,1,None,0,Standing,Double Arm,Continuous,Neutral,Other,No Elevation,Single Exercise,Knee Dominant,Rotational,,Transverse Plane,,,Full Body,Push,Compound,Unilateral,Unsorted*
Clubbell Tall Kneeling Gamma Cast,Intermediate,Shoulders,Posterior Deltoids,Rectus Abdominis,,Clubbell,1,None,0,Tall Kneeling,Double Arm,Continuous,Neutral,Behind Back,No Elevation,Single Exercise,Rotational,,,Transverse Plane,Frontal Plane,,Upper Body,Pull,Compound,Bilateral,Unsorted*
Clubbell Tall Kneeling Shield Cast,Intermediate,Shoulders,Posterior Deltoids,Rectus Abdominis,,Clubbell,1,None,0,Tall Kneeling,Double Arm,Continuous,Neutral,Behind Back,No Elevation,Single Exercise,Rotational,,,Transverse Plane,Frontal Plane,,Upper Body,Pull,Compound,Bilateral,Ballistics
Single Arm Clubbell Tall Kneeling Shield Cast,Intermediate,Shoulders,Posterior Deltoids,Rectus Abdominis,,Clubbell,1,None,0,Tall Kneeling,Double Arm,Continuous,Neutral,Behind Back,No Elevation,Single Exercise,Rotational,,,Transverse Plane,Frontal Plane,,Upper Body,Pull,Compound,Bilateral,Ballistics
Double Clubbell Swipe to Alternating Shield Cast,Advanced,Shoulders,Posterior Deltoids,Gluteus Maximus,,Clubbell,2,None,0,Standing,Double Arm,Alternating,Neutral,Behind Back,No Elevation,Combo Exercise,Rotational,Hip Hinge,,Transverse Plane,Frontal Plane,Sagittal Plane,Full Body,Pull,Compound,Unilateral,Ballistics
Double Clubbell Order Cyclist Squat,Intermediate,Quadriceps,Quadriceps Femoris,Gluteus Maximus,,Clubbell,2,Slant Board,1,Standing,Double Arm,Continuous,Neutral,Order,Heels Elevated,Single Exercise,Knee Dominant,,,Sagittal Plane,,,Lower Body,Push,Compound,Bilateral,Bodybuilding
Single Arm Clubbell Order Cyclist Squat,Intermediate,Quadriceps,Quadriceps Femoris,Gluteus Maximus,,Clubbell,1,Slant Board,1,Standing,Single Arm,Continuous,Neutral,Order,Heels Elevated,Single Exercise,Knee Dominant,,,Sagittal Plane,,,Lower Body,Push,Compound,Unilateral,Bodybuilding
Single Arm Clubbell Mill,Intermediate,Shoulders,Posterior Deltoids,Gluteus Maximus,Obliques,Clubbell,1,None,0,Standing,Single Arm,Continuous,Neutral,Behind Back,No Elevation,Single Exercise,Rotational,,,Transverse Plane,,,Upper Body,Pull,Compound,Unilateral,Ballistics
Double Clubbell Mill,Intermediate,Shoulders,Posterior Deltoids,Gluteus Maximus,Obliques,Clubbell,2,None,0,Standing,Double Arm,Continuous,Neutral,Behind Back,No Elevation,Single Exercise,Rotational,,,Transverse Plane,,,Upper Body,Pull,Compound,Bilateral,Ballistics
Single Arm Cable Reverse Grip Bicep Curl,Novice,Forearms,Brachioradialis,Biceps Brachii,Brachialis,Cable,1,None,0,Standing,Single Arm,Continuous,Pronated,Other,No Elevation,Single Exercise,Elbow Flexion,,,Sagittal Plane,,,Upper Body,Pull,Isolation,Unilateral,Bodybuilding
Dumbbell Goblet Low Switch Cossack Squat,Intermediate,Quadriceps,Quadriceps Femoris,Adductor Magnus,Gluteus Maximus,Dumbbell,1,None,0,Standing,Double Arm,Continuous,Goblet,Front Rack,No Elevation,Single Exercise,Knee Dominant,,,Frontal Plane,,,Lower Body,Push,Compound,Unilateral,Bodybuilding
Double Kettlebell Clean to Alternating Thruster,Intermediate,Shoulders,Anterior Deltoids,Quadriceps Femoris,Gluteus Maximus,Kettlebell,2,None,0,Standing,Double Arm,Alternating,Pronated,Overhead,No Elevation,Combo Exercise,Hip Hinge,Vertical Push,Knee Dominant,Sagittal Plane,,,Full Body,Unsorted*,Compound,Unilateral,Unsorted*
Double Kettlebell Clean to Alternating Overhead Press,Intermediate,Shoulders,Anterior Deltoids,Gluteus Maximus,,Kettlebell,2,None,0,Standing,Double Arm,Alternating,Pronated,Overhead,No Elevation,Combo Exercise,Hip Hinge,Vertical Push,,Sagittal Plane,,,Full Body,Unsorted*,Compound,Unilateral,Unsorted*
Double Kettlebell Bottoms Up Clean to Thruster,Intermediate,Shoulders,Anterior Deltoids,Gluteus Maximus,,Kettlebell,2,None,0,Standing,Double Arm,Continuous,Bottoms Up,Overhead,No Elevation,Combo Exercise,Vertical Push,Hip Hinge,,Sagittal Plane,,,Full Body,Unsorted*,Compound,Bilateral,Unsorted*
Double Kettlebell Bottoms Up Clean to Alternating Thruster,Intermediate,Shoulders,Anterior Deltoids,Gluteus Maximus,,Kettlebell,2,None,0,Standing,Double Arm,Alternating,Bottoms Up,Overhead,No Elevation,Combo Exercise,Vertical Push,Hip Hinge,,Sagittal Plane,,,Full Body,Unsorted*,Compound,Bilateral,Unsorted*
Double Kettlebell Bottoms Up Clean to Alternating Overhead Press,Intermediate,Shoulders,Anterior Deltoids,Triceps Brachii,Gluteus Minimus,Kettlebell,2,None,0,Standing,Double Arm,Alternating,Bottoms Up,Overhead,No Elevation,Combo Exercise,Vertical Push,Hip Hinge,,Sagittal Plane,,,Full Body,Unsorted*,Compound,Unilateral,Unsorted*
Double Kettlebell Clean to Split Jerk,Intermediate,Shoulders,Anterior Deltoids,Gluteus Maximus,,Kettlebell,2,None,0,Staggered Stance,Double Arm,Continuous,Pronated,Overhead,No Elevation,Combo Exercise,Hip Hinge,Vertical Push,,Sagittal Plane,,,Full Body,Unsorted*,Compound,Unilateral,Ballistics
Double Kettlebell Bottoms Up Clean to Split Jerk,Advanced,Shoulders,Anterior Deltoids,Gluteus Maximus,,Kettlebell,2,None,0,Staggered Stance,Double Arm,Continuous,Bottoms Up,Overhead,No Elevation,Combo Exercise,Vertical Push,Hip Hinge,,Sagittal Plane,,,Full Body,Unsorted*,Compound,Unilateral,Ballistics
Double Dumbbell Front Rack Cossack Squat,Novice,Quadriceps,Quadriceps Femoris,Adductor Magnus,Gluteus Maximus,Dumbbell,2,None,0,Standing,Double Arm,Continuous,Neutral,Front Rack,No Elevation,Single Exercise,Knee Dominant,,,Frontal Plane,,,Lower Body,Push,Compound,Unilateral,Bodybuilding
Double Dumbbell Overhead Alternating Cossack Squat,Intermediate,Quadriceps,Quadriceps Femoris,Adductor Magnus,Gluteus Maximus,Dumbbell,2,None,0,Standing,Double Arm,Continuous,Neutral,Overhead,No Elevation,Single Exercise,Knee Dominant,,,Frontal Plane,,,Lower Body,Push,Compound,Unilateral,Bodybuilding
Double Dumbbell Overhead Cossack Squat,Intermediate,Quadriceps,Quadriceps Femoris,Adductor Magnus,Gluteus Maximus,Dumbbell,2,None,0,Standing,Double Arm,Continuous,Neutral,Overhead,No Elevation,Single Exercise,Knee Dominant,,,Frontal Plane,,,Lower Body,Push,Compound,Unilateral,Bodybuilding
Double Dumbbell Low Hold Alternating Cossack Squat,Novice,Quadriceps,Quadriceps Femoris,Adductor Magnus,Gluteus Maximus,Dumbbell,2,None,0,Standing,Double Arm,Continuous,Neutral,Low Hold,No Elevation,Single Exercise,Knee Dominant,,,Frontal Plane,,,Lower Body,Push,Compound,Unilateral,Bodybuilding
Double Dumbbell Low Hold Cossack Squat,Novice,Quadriceps,Quadriceps Femoris,Adductor Magnus,Gluteus Maximus,Dumbbell,2,None,0,Standing,Double Arm,Continuous,Neutral,Low Hold,No Elevation,Single Exercise,Knee Dominant,,,Frontal Plane,,,Lower Body,Push,Compound,Unilateral,Bodybuilding
Single Arm Kettlebell Clean to Split Jerk,Intermediate,Shoulders,Anterior Deltoids,Gluteus Maximus,,Kettlebell,1,None,0,Staggered Stance,Single Arm,Continuous,Pronated,Overhead,No Elevation,Combo Exercise,Hip Hinge,Vertical Push,,Sagittal Plane,,,Full Body,Unsorted*,Compound,Unilateral,Ballistics
Alternating Single Arm Kettlebell Clean to Split Jerk,Intermediate,Shoulders,Anterior Deltoids,Gluteus Maximus,,Kettlebell,1,None,0,Staggered Stance,Single Arm,Alternating,Pronated,Overhead,No Elevation,Combo Exercise,Hip Hinge,Vertical Push,,Sagittal Plane,,,Full Body,Unsorted*,Compound,Unilateral,Ballistics
Suspension Low Switch Cossack Squat,Novice,Quadriceps,Quadriceps Femoris,Adductor Magnus,Gluteus Maximus,Suspension Trainer,1,None,0,Standing,Double Arm,Continuous,Neutral,No Load,No Elevation,Single Exercise,Knee Dominant,,,Frontal Plane,,,Lower Body,Push,Compound,Unilateral,Bodybuilding
Suspension Cossack Squat,Beginner,Quadriceps,Quadriceps Femoris,Adductor Magnus,Gluteus Maximus,Suspension Trainer,1,None,0,Standing,Double Arm,Continuous,Neutral,No Load,No Elevation,Single Exercise,Knee Dominant,,,Frontal Plane,,,Lower Body,Push,Compound,Unilateral,Bodybuilding
Single Arm Suspension Alternating Cossack Squat,Beginner,Quadriceps,Quadriceps Femoris,Adductor Magnus,Gluteus Maximus,Suspension Trainer,1,None,0,Standing,Single Arm,Continuous,Neutral,No Load,No Elevation,Single Exercise,Knee Dominant,,,Frontal Plane,,,Lower Body,Push,Compound,Unilateral,Bodybuilding
Single Arm Suspension Contralateral Cossack Squat,Beginner,Quadriceps,Quadriceps Femoris,Adductor Magnus,Gluteus Maximus,Suspension Trainer,1,None,0,Standing,Single Arm,Continuous,Neutral,No Load,No Elevation,Single Exercise,Knee Dominant,,,Frontal Plane,,,Lower Body,Push,Compound,Contralateral,Bodybuilding
Single Arm Suspension Low Switch Cossack Squat,Beginner,Quadriceps,Quadriceps Femoris,Adductor Magnus,Gluteus Maximus,Suspension Trainer,1,None,0,Standing,Single Arm,Continuous,Neutral,No Load,No Elevation,Single Exercise,Knee Dominant,,,Frontal Plane,,,Lower Body,Push,Compound,Unilateral,Bodybuilding
Suspension Foot Elevated Cossack Squat,Beginner,Quadriceps,Quadriceps Femoris,Adductor Magnus,Gluteus Maximus,Suspension Trainer,1,None,0,Standing,Double Arm,Continuous,Neutral,No Load,Foot Elevated (Lateral),Single Exercise,Knee Dominant,,,Frontal Plane,,,Lower Body,Push,Compound,Unilateral,Bodybuilding
Single Arm Suspension Foot Elevated Contralateral Cossack Squat,Beginner,Quadriceps,Quadriceps Femoris,Adductor Magnus,Gluteus Maximus,Suspension Trainer,1,None,0,Standing,Single Arm,Continuous,Neutral,No Load,Foot Elevated (Lateral),Single Exercise,Knee Dominant,,,Frontal Plane,,,Lower Body,Push,Compound,Contralateral,Bodybuilding
Barbell Overhead Cossack Squat,Advanced,Quadriceps,Quadriceps Femoris,Adductor Magnus,Gluteus Maximus,Barbell,1,None,0,Standing,Double Arm,Continuous,Pronated,Overhead,No Elevation,Single Exercise,Knee Dominant,,,Frontal Plane,,,Lower Body,Push,Compound,Unilateral,Bodybuilding
Barbell Front Rack Low Switch Cossack Squat,Advanced,Quadriceps,Quadriceps Femoris,Adductor Magnus,Gluteus Maximus,Barbell,1,None,0,Standing,Double Arm,Continuous,Pronated,Front Rack,No Elevation,Single Exercise,Knee Dominant,,,Frontal Plane,,,Lower Body,Push,Compound,Unilateral,Bodybuilding
Barbell Back Rack Low Switch Cossack Squat,Advanced,Quadriceps,Quadriceps Femoris,Adductor Magnus,Gluteus Maximus,Barbell,1,None,0,Standing,Double Arm,Continuous,Pronated,Back Rack,No Elevation,Single Exercise,Knee Dominant,,,Frontal Plane,,,Lower Body,Push,Compound,Unilateral,Bodybuilding
Barbell Back Rack Cossack Squat,Intermediate,Quadriceps,Quadriceps Femoris,Adductor Magnus,Gluteus Maximus,Barbell,1,None,0,Standing,Double Arm,Continuous,Pronated,Back Rack,No Elevation,Single Exercise,Knee Dominant,,,Frontal Plane,,,Lower Body,Push,Compound,Unilateral,Bodybuilding
Barbell Front Rack Cossack Squat,Intermediate,Quadriceps,Quadriceps Femoris,Adductor Magnus,Gluteus Maximus,Barbell,1,None,0,Standing,Double Arm,Continuous,Pronated,Front Rack,No Elevation,Single Exercise,Knee Dominant,,,Frontal Plane,,,Lower Body,Push,Compound,Unilateral,Bodybuilding
Landmine Goblet Cossack Squat,Intermediate,Quadriceps,Quadriceps Femoris,Adductor Magnus,Gluteus Maximus,Landmine,1,None,0,Standing,Double Arm,Continuous,Goblet,Front Rack,No Elevation,Single Exercise,Knee Dominant,,,Frontal Plane,,,Lower Body,Push,Compound,Unilateral,Bodybuilding
Landmine Goblet Low Switch Cossack Squat,Advanced,Quadriceps,Quadriceps Femoris,Adductor Magnus,Gluteus Maximus,Landmine,1,None,0,Standing,Double Arm,Continuous,Goblet,Front Rack,No Elevation,Single Exercise,Knee Dominant,,,Frontal Plane,,,Lower Body,Push,Compound,Unilateral,Bodybuilding
Landmine Goblet Foot Elevated Cossack Squat,Advanced,Quadriceps,Quadriceps Femoris,Adductor Magnus,Gluteus Maximus,Landmine,1,None,0,Standing,Double Arm,Continuous,Goblet,Front Rack,Foot Elevated (Lateral),Single Exercise,Knee Dominant,,,Frontal Plane,,,Lower Body,Push,Compound,Unilateral,Bodybuilding
Landmine Low Hold Cossack Squat,Intermediate,Quadriceps,Quadriceps Femoris,Adductor Magnus,Gluteus Maximus,Landmine,1,None,0,Standing,Double Arm,Continuous,Neutral,Low Hold,No Elevation,Single Exercise,Knee Dominant,,,Frontal Plane,,,Lower Body,Push,Compound,Unilateral,Bodybuilding
Landmine Low Hold Low Switch Cossack Squat,Advanced,Quadriceps,Quadriceps Femoris,Adductor Magnus,Gluteus Maximus,Landmine,1,None,0,Standing,Double Arm,Continuous,Neutral,Low Hold,No Elevation,Single Exercise,Knee Dominant,,,Frontal Plane,,,Lower Body,Push,Compound,Unilateral,Bodybuilding
Landmine Low Hold Foot Elevated Cossack Squat,Advanced,Quadriceps,Quadriceps Femoris,Adductor Magnus,Gluteus Maximus,Landmine,1,None,0,Standing,Double Arm,Continuous,Neutral,Low Hold,Foot Elevated (Lateral),Single Exercise,Knee Dominant,,,Frontal Plane,,,Lower Body,Push,Compound,Unilateral,Bodybuilding
Dumbbell Goblet Cossack Squat,Novice,Quadriceps,Quadriceps Femoris,Adductor Magnus,Gluteus Maximus,Dumbbell,1,None,0,Standing,Double Arm,Continuous,Goblet,Front Rack,No Elevation,Single Exercise,Knee Dominant,,,Frontal Plane,,,Lower Body,Push,Compound,Unilateral,Bodybuilding
Single Arm Dumbbell Front Rack Contralateral Cossack Squat,Novice,Quadriceps,Quadriceps Femoris,Adductor Magnus,Gluteus Maximus,Dumbbell,1,None,0,Standing,Single Arm,Continuous,Neutral,Front Rack,No Elevation,Single Exercise,Knee Dominant,,,Frontal Plane,,,Lower Body,Push,Compound,Contralateral,Bodybuilding
Double Dumbbell Overhead Low Switch Cossack Squat,Advanced,Quadriceps,Quadriceps Femoris,Adductor Magnus,Gluteus Maximus,Dumbbell,2,None,0,Standing,Double Arm,Continuous,Neutral,Overhead,No Elevation,Single Exercise,Knee Dominant,,,Frontal Plane,,,Lower Body,Push,Compound,Unilateral,Bodybuilding
Double Dumbbell Overhead Foot Elevated Cossack Squat,Advanced,Quadriceps,Quadriceps Femoris,Adductor Magnus,Gluteus Maximus,Dumbbell,2,None,0,Standing,Double Arm,Continuous,Neutral,Overhead,Foot Elevated (Lateral),Single Exercise,Knee Dominant,,,Frontal Plane,,,Lower Body,Push,Compound,Unilateral,Bodybuilding
Double Dumbbell Front Rack Low Switch Cossack Squat,Intermediate,Quadriceps,Quadriceps Femoris,Adductor Magnus,Gluteus Maximus,Dumbbell,2,None,0,Standing,Double Arm,Continuous,Neutral,Front Rack,No Elevation,Single Exercise,Knee Dominant,,,Frontal Plane,,,Lower Body,Push,Compound,Unilateral,Bodybuilding
Double Dumbbell Front Rack Foot Elevated Cossack Squat,Intermediate,Quadriceps,Quadriceps Femoris,Adductor Magnus,Gluteus Maximus,Dumbbell,2,None,0,Standing,Double Arm,Continuous,Neutral,Front Rack,Foot Elevated (Lateral),Single Exercise,Knee Dominant,,,Frontal Plane,,,Lower Body,Push,Compound,Unilateral,Bodybuilding
Single Arm Dumbbell Front Rack Alternating Cossack Squat,Novice,Quadriceps,Quadriceps Femoris,Adductor Magnus,Gluteus Maximus,Dumbbell,1,None,0,Standing,Single Arm,Continuous,Neutral,Front Rack,No Elevation,Single Exercise,Knee Dominant,,,Frontal Plane,,,Lower Body,Push,Compound,Unilateral,Bodybuilding
Single Arm Dumbbell Front Rack Low Switch Cossack Squat,Intermediate,Quadriceps,Quadriceps Femoris,Adductor Magnus,Gluteus Maximus,Dumbbell,1,None,0,Standing,Single Arm,Continuous,Neutral,Front Rack,No Elevation,Single Exercise,Knee Dominant,,,Frontal Plane,,,Lower Body,Push,Compound,Unilateral,Bodybuilding
Dumbbell Low Hold Cossack Squat,Novice,Quadriceps,Quadriceps Femoris,Adductor Magnus,Gluteus Maximus,Dumbbell,1,None,0,Standing,Double Arm,Continuous,Neutral,Low Hold,No Elevation,Single Exercise,Knee Dominant,,,Frontal Plane,,,Lower Body,Push,Compound,Unilateral,Bodybuilding
Dumbbell Low Hold Alternating Cossack Squat,Novice,Quadriceps,Quadriceps Femoris,Adductor Magnus,Gluteus Maximus,Dumbbell,1,None,0,Standing,Double Arm,Continuous,Neutral,Low Hold,No Elevation,Single Exercise,Knee Dominant,,,Frontal Plane,,,Lower Body,Push,Compound,Unilateral,Bodybuilding
Double Dumbbell Low Hold Low Switch Cossack Squat,Intermediate,Quadriceps,Quadriceps Femoris,Adductor Magnus,Gluteus Maximus,Dumbbell,2,None,0,Standing,Double Arm,Continuous,Neutral,Low Hold,No Elevation,Single Exercise,Knee Dominant,,,Frontal Plane,,,Lower Body,Push,Compound,Unilateral,Bodybuilding
Double Dumbbell Low Hold Foot Elevated Cossack Squat,Intermediate,Quadriceps,Quadriceps Femoris,Adductor Magnus,Gluteus Maximus,Dumbbell,2,None,0,Standing,Double Arm,Continuous,Neutral,Low Hold,Foot Elevated (Lateral),Single Exercise,Knee Dominant,,,Frontal Plane,,,Lower Body,Push,Compound,Unilateral,Bodybuilding
Dumbbell Low Hold Low Switch Cossack Squat,Intermediate,Quadriceps,Quadriceps Femoris,Adductor Magnus,Gluteus Maximus,Dumbbell,1,None,0,Standing,Double Arm,Continuous,Neutral,Low Hold,No Elevation,Single Exercise,Knee Dominant,,,Frontal Plane,,,Lower Body,Push,Compound,Unilateral,Bodybuilding
Dumbbell Low Hold Foot Elevated Cossack Squat,Intermediate,Quadriceps,Quadriceps Femoris,Adductor Magnus,Gluteus Maximus,Dumbbell,1,None,0,Standing,Double Arm,Continuous,Neutral,Low Hold,Foot Elevated (Lateral),Single Exercise,Knee Dominant,,,Frontal Plane,,,Lower Body,Push,Compound,Unilateral,Bodybuilding
Single Arm Dumbbell Overhead Contralateral Cossack Squat,Intermediate,Quadriceps,Quadriceps Femoris,Adductor Magnus,Gluteus Maximus,Dumbbell,1,None,0,Standing,Single Arm,Continuous,Neutral,Overhead,No Elevation,Single Exercise,Knee Dominant,,,Frontal Plane,,,Lower Body,Push,Compound,Contralateral,Bodybuilding
Single Arm Dumbbell Overhead Ipsilateral Cossack Squat,Intermediate,Quadriceps,Quadriceps Femoris,Adductor Magnus,Gluteus Maximus,Dumbbell,1,None,0,Standing,Single Arm,Continuous,Neutral,Overhead,No Elevation,Single Exercise,Knee Dominant,,,Frontal Plane,,,Lower Body,Push,Compound,Ipsilateral,Bodybuilding
Single Arm Kettlebell Bottoms Up Clean to Split Jerk,Advanced,Shoulders,Anterior Deltoids,Gluteus Maximus,,Kettlebell,1,None,0,Staggered Stance,Single Arm,Continuous,Bottoms Up,Overhead,No Elevation,Combo Exercise,Vertical Push,Hip Hinge,,Sagittal Plane,,,Full Body,Unsorted*,Compound,Unilateral,Ballistics
Alternating Single Arm Kettlebell Bottoms Up Clean to Split Jerk,Advanced,Shoulders,Anterior Deltoids,Gluteus Maximus,,Kettlebell,1,None,0,Staggered Stance,Single Arm,Alternating,Bottoms Up,Overhead,No Elevation,Combo Exercise,Vertical Push,Hip Hinge,,Sagittal Plane,,,Full Body,Unsorted*,Compound,Unilateral,Ballistics
Double Kettlebell Bottoms Up Split Jerk,Advanced,Shoulders,Anterior Deltoids,Triceps Brachii,Gluteus Minimus,Kettlebell,2,None,0,Staggered Stance,Double Arm,Continuous,Bottoms Up,Overhead,No Elevation,Single Exercise,Vertical Push,Hip Hinge,,Sagittal Plane,,,Full Body,Push,Compound,Unilateral,Unsorted*
Clubbell Order Alternating Cossack Squat,Novice,Quadriceps,Quadriceps Femoris,Adductor Magnus,Gluteus Maximus,Clubbell,1,None,0,Standing,Double Arm,Continuous,Neutral,Order,No Elevation,Single Exercise,Knee Dominant,,,Frontal Plane,,,Lower Body,Push,Compound,Unilateral,Bodybuilding
Clubbell Order Cossack Squat,Novice,Quadriceps,Quadriceps Femoris,Adductor Magnus,Gluteus Maximus,Clubbell,1,None,0,Standing,Double Arm,Continuous,Neutral,Order,No Elevation,Single Exercise,Knee Dominant,,,Frontal Plane,,,Lower Body,Push,Compound,Unilateral,Bodybuilding
Clubbell Order Low Switch Cossack Squat,Intermediate,Quadriceps,Quadriceps Femoris,Adductor Magnus,Gluteus Maximus,Clubbell,1,None,0,Standing,Double Arm,Continuous,Neutral,Order,No Elevation,Single Exercise,Knee Dominant,,,Frontal Plane,,,Lower Body,Push,Compound,Unilateral,Bodybuilding
Clubbell Order Foot Elevated Cossack Squat,Intermediate,Quadriceps,Quadriceps Femoris,Adductor Magnus,Gluteus Maximus,Clubbell,1,None,0,Standing,Double Arm,Continuous,Neutral,Order,Foot Elevated (Lateral),Single Exercise,Knee Dominant,,,Frontal Plane,,,Lower Body,Push,Compound,Unilateral,Bodybuilding
Double Clubbell Order Alternating Cossack Squat,Novice,Quadriceps,Quadriceps Femoris,Adductor Magnus,Gluteus Maximus,Clubbell,2,None,0,Standing,Double Arm,Continuous,Neutral,Order,No Elevation,Single Exercise,Knee Dominant,,,Frontal Plane,,,Lower Body,Push,Compound,Unilateral,Bodybuilding
Double Clubbell Order Cossack Squat,Novice,Quadriceps,Quadriceps Femoris,Adductor Magnus,Gluteus Maximus,Clubbell,2,None,0,Standing,Double Arm,Continuous,Neutral,Order,No Elevation,Single Exercise,Knee Dominant,,,Frontal Plane,,,Lower Body,Push,Compound,Unilateral,Bodybuilding
Double Clubbell Order Low Switch Cossack Squat,Intermediate,Quadriceps,Quadriceps Femoris,Adductor Magnus,Gluteus Maximus,Clubbell,2,None,0,Standing,Double Arm,Continuous,Neutral,Order,No Elevation,Single Exercise,Knee Dominant,,,Frontal Plane,,,Lower Body,Push,Compound,Unilateral,Bodybuilding
Double Clubbell Order Foot Elevated Cossack Squat,Intermediate,Quadriceps,Quadriceps Femoris,Adductor Magnus,Gluteus Maximus,Clubbell,2,None,0,Standing,Double Arm,Continuous,Neutral,Order,Foot Elevated (Lateral),Single Exercise,Knee Dominant,,,Frontal Plane,,,Lower Body,Push,Compound,Unilateral,Bodybuilding
Clubbell Front Flag Hold Cossack Squat,Novice,Quadriceps,Quadriceps Femoris,Adductor Magnus,Gluteus Maximus,Clubbell,1,None,0,Standing,Double Arm,Continuous,Neutral,Front Flag Hold,No Elevation,Single Exercise,Knee Dominant,,,Frontal Plane,,,Lower Body,Push,Compound,Unilateral,Bodybuilding
Clubbell Front Flag Hold Alternating Cossack Squat,Novice,Quadriceps,Quadriceps Femoris,Adductor Magnus,Gluteus Maximus,Clubbell,1,None,0,Standing,Double Arm,Continuous,Neutral,Front Flag Hold,No Elevation,Single Exercise,Knee Dominant,,,Frontal Plane,,,Lower Body,Push,Compound,Unilateral,Bodybuilding
Clubbell Front Flag Hold Low Switch Cossack Squat,Intermediate,Quadriceps,Quadriceps Femoris,Adductor Magnus,Gluteus Maximus,Clubbell,1,None,0,Standing,Double Arm,Continuous,Neutral,Front Flag Hold,No Elevation,Single Exercise,Knee Dominant,,,Frontal Plane,,,Lower Body,Push,Compound,Unilateral,Bodybuilding
Clubbell Front Flag Hold Foot Elevated Cossack Squat,Intermediate,Quadriceps,Quadriceps Femoris,Adductor Magnus,Gluteus Maximus,Clubbell,1,None,0,Standing,Double Arm,Continuous,Neutral,Front Flag Hold,Foot Elevated (Lateral),Single Exercise,Knee Dominant,,,Frontal Plane,,,Lower Body,Push,Compound,Unilateral,Bodybuilding
Double Clubbell Front Flag Hold Cossack Squat,Novice,Quadriceps,Quadriceps Femoris,Adductor Magnus,Gluteus Maximus,Clubbell,2,None,0,Standing,Double Arm,Continuous,Neutral,Front Flag Hold,No Elevation,Single Exercise,Knee Dominant,,,Frontal Plane,,,Lower Body,Push,Compound,Unilateral,Bodybuilding
Double Clubbell Front Flag Hold Alternating Cossack Squat,Novice,Quadriceps,Quadriceps Femoris,Adductor Magnus,Gluteus Maximus,Clubbell,2,None,0,Standing,Double Arm,Continuous,Neutral,Front Flag Hold,No Elevation,Single Exercise,Knee Dominant,,,Frontal Plane,,,Lower Body,Push,Compound,Unilateral,Bodybuilding
Double Clubbell Front Flag Hold Low Switch Cossack Squat,Intermediate,Quadriceps,Quadriceps Femoris,Adductor Magnus,Gluteus Maximus,Clubbell,2,None,0,Standing,Double Arm,Continuous,Neutral,Front Flag Hold,No Elevation,Single Exercise,Knee Dominant,,,Frontal Plane,,,Lower Body,Push,Compound,Unilateral,Bodybuilding
Double Clubbell Front Flag Hold Foot Elevated Cossack Squat,Intermediate,Quadriceps,Quadriceps Femoris,Adductor Magnus,Gluteus Maximus,Clubbell,2,None,0,Standing,Double Arm,Continuous,Neutral,Front Flag Hold,Foot Elevated (Lateral),Single Exercise,Knee Dominant,,,Frontal Plane,,,Lower Body,Push,Compound,Unilateral,Bodybuilding
Single Arm Clubbell Order Contralateral Cossack Squat,Novice,Quadriceps,Quadriceps Femoris,Adductor Magnus,Gluteus Maximus,Clubbell,1,None,0,Standing,Single Arm,Continuous,Neutral,Order,No Elevation,Single Exercise,Knee Dominant,,,Frontal Plane,,,Lower Body,Push,Compound,Contralateral,Bodybuilding
Single Arm Clubbell Order Alternating Cossack Squat,Novice,Quadriceps,Quadriceps Femoris,Adductor Magnus,Gluteus Maximus,Clubbell,1,None,0,Standing,Single Arm,Continuous,Neutral,Order,No Elevation,Single Exercise,Knee Dominant,,,Frontal Plane,,,Lower Body,Push,Compound,Unilateral,Bodybuilding
Single Arm Clubbell Order Low Switch Cossack Squat,Intermediate,Quadriceps,Quadriceps Femoris,Adductor Magnus,Gluteus Maximus,Clubbell,1,None,0,Standing,Single Arm,Continuous,Neutral,Order,No Elevation,Single Exercise,Knee Dominant,,,Frontal Plane,,,Lower Body,Push,Compound,Unilateral,Bodybuilding
Single Arm Clubbell Order Foot Elevated Contralateral Cossack Squat,Intermediate,Quadriceps,Quadriceps Femoris,Adductor Magnus,Gluteus Maximus,Clubbell,1,None,0,Standing,Single Arm,Continuous,Neutral,Order,Foot Elevated (Lateral),Single Exercise,Knee Dominant,,,Frontal Plane,,,Lower Body,Push,Compound,Contralateral,Bodybuilding
Single Arm Clubbell Front Flag Hold Contralateral Cossack Squat,Novice,Quadriceps,Quadriceps Femoris,Adductor Magnus,Gluteus Maximus,Clubbell,1,None,0,Standing,Single Arm,Continuous,Neutral,Front Flag Hold,No Elevation,Single Exercise,Knee Dominant,,,Frontal Plane,,,Lower Body,Push,Compound,Contralateral,Bodybuilding
Single Arm Clubbell Front Flag Hold Alternating Cossack Squat,Novice,Quadriceps,Quadriceps Femoris,Adductor Magnus,Gluteus Maximus,Clubbell,1,None,0,Standing,Single Arm,Continuous,Neutral,Front Flag Hold,No Elevation,Single Exercise,Knee Dominant,,,Frontal Plane,,,Lower Body,Push,Compound,Unilateral,Bodybuilding
Single Arm Clubbell Front Flag Hold Low Switch Cossack Squat,Intermediate,Quadriceps,Quadriceps Femoris,Adductor Magnus,Gluteus Maximus,Clubbell,1,None,0,Standing,Single Arm,Continuous,Neutral,Front Flag Hold,No Elevation,Single Exercise,Knee Dominant,,,Frontal Plane,,,Lower Body,Push,Compound,Unilateral,Bodybuilding
Single Arm Clubbell Front Flag Hold Foot Elevated Contralateral Cossack Squat,Intermediate,Quadriceps,Quadriceps Femoris,Adductor Magnus,Gluteus Maximus,Clubbell,1,None,0,Standing,Single Arm,Continuous,Neutral,Front Flag Hold,Foot Elevated (Lateral),Single Exercise,Knee Dominant,,,Frontal Plane,,,Lower Body,Push,Compound,Contralateral,Bodybuilding
Heavy Sandbag Bear Hug Carry,Intermediate,Abdominals,Rectus Abdominis,Biceps Brachii,Gluteus Maximus,Heavy Sandbag,1,None,0,Walking,Double Arm,Continuous,Neutral,Bear Hug,No Elevation,Single Exercise,Loaded Carry,,,Sagittal Plane,,,Full Body,Other,Compound,Bilateral,Unsorted*
Dumbbell Hip Thrust,Beginner,Glutes,Gluteus Maximus,,,Dumbbell,1,Bench (Flat),1,Bridge,Double Arm,Continuous,Neutral,Hip Crease,No Elevation,Single Exercise,Hip Extension,,,Sagittal Plane,,,Lower Body,Unsorted*,Compound,Bilateral,Bodybuilding
Double Dumbbell Overhead Carry,Intermediate,Shoulders,Anterior Deltoids,Obliques,,Dumbbell,2,None,0,Walking,Double Arm,Continuous,Neutral,Overhead,No Elevation,Single Exercise,Loaded Carry,,,Sagittal Plane,,,Full Body,Other,Compound,Unilateral,Unsorted*
Single Arm Kettlebell Bottoms Up Split Jerk,Advanced,Shoulders,Anterior Deltoids,Triceps Brachii,Gluteus Minimus,Kettlebell,1,None,0,Staggered Stance,Single Arm,Continuous,Bottoms Up,Overhead,No Elevation,Single Exercise,Vertical Push,Hip Hinge,,Sagittal Plane,,,Full Body,Push,Compound,Unilateral,Unsorted*
Alternating Single Arm Kettlebell Bottoms Up Clean,Intermediate,Glutes,Gluteus Maximus,,,Kettlebell,1,None,0,Standing,Single Arm,Alternating,Bottoms Up,Front Rack,No Elevation,Single Exercise,Hip Hinge,,,Sagittal Plane,,,Full Body,Unsorted*,Compound,Unilateral,Ballistics
Single Arm Kettlebell Bottoms Up Clean,Intermediate,Glutes,Gluteus Maximus,,,Kettlebell,1,None,0,Standing,Single Arm,Continuous,Bottoms Up,Front Rack,No Elevation,Single Exercise,Hip Hinge,,,Sagittal Plane,,,Full Body,Unsorted*,Compound,Unilateral,Ballistics
Alternating Single Arm Kettlebell Bottoms Up Clean to Thruster,Intermediate,Shoulders,Anterior Deltoids,Gluteus Maximus,,Kettlebell,1,None,0,Standing,Single Arm,Alternating,Bottoms Up,Overhead,No Elevation,Combo Exercise,Vertical Push,Hip Hinge,,Sagittal Plane,,,Full Body,Unsorted*,Compound,Unilateral,Ballistics
Alternating Single Arm Kettlebell Bottoms Up Clean to Front Rack Squat,Intermediate,Quadriceps,Quadriceps Femoris,Gluteus Maximus,,Kettlebell,1,None,0,Standing,Single Arm,Alternating,Bottoms Up,Front Rack,No Elevation,Combo Exercise,Knee Dominant,Hip Hinge,,Sagittal Plane,,,Full Body,Unsorted*,Compound,Unilateral,Unsorted*
Heavy Sandbag Shoulder Carry,Intermediate,Abdominals,Rectus Abdominis,Obliques,Gluteus Maximus,Heavy Sandbag,1,None,0,Walking,Single Arm,Continuous,Neutral,Shoulder,No Elevation,Single Exercise,Loaded Carry,,,Sagittal Plane,,,Full Body,Other,Compound,Unilateral,Unsorted*
Double Dumbbell Front Rack Carry,Novice,Abdominals,Rectus Abdominis,Gluteus Maximus,,Dumbbell,2,None,0,Walking,Double Arm,Continuous,Neutral,Front Rack,No Elevation,Single Exercise,Loaded Carry,,,Sagittal Plane,,,Full Body,Other,Compound,Bilateral,Unsorted*
Single Arm Dumbbell Front Rack Carry,Novice,Abdominals,Rectus Abdominis,Gluteus Maximus,,Dumbbell,1,None,0,Walking,Single Arm,Continuous,Neutral,Front Rack,No Elevation,Single Exercise,Loaded Carry,,,Sagittal Plane,,,Full Body,Other,Compound,Unilateral,Unsorted*
Double Clubbell Order Carry,Novice,Forearms,Brachioradialis,Rectus Abdominis,Gluteus Maximus,Clubbell,2,None,0,Walking,Double Arm,Continuous,Neutral,Order,No Elevation,Single Exercise,Loaded Carry,,,Sagittal Plane,,,Full Body,Other,Compound,Bilateral,Unsorted*
Single Arm Clubbell Order Carry,Novice,Forearms,Brachioradialis,Rectus Abdominis,Gluteus Maximus,Clubbell,1,None,0,Walking,Single Arm,Continuous,Neutral,Order,No Elevation,Single Exercise,Loaded Carry,,,Sagittal Plane,,,Full Body,Other,Compound,Unilateral,Unsorted*
Double Clubbell Front Flag Hold Carry,Intermediate,Forearms,Brachioradialis,Rectus Abdominis,Gluteus Maximus,Clubbell,2,None,0,Walking,Double Arm,Continuous,Neutral,Front Flag Hold,No Elevation,Single Exercise,Loaded Carry,,,Sagittal Plane,,,Full Body,Other,Compound,Bilateral,Unsorted*
Single Arm Clubbell Front Flag Hold Carry,Intermediate,Forearms,Brachioradialis,Rectus Abdominis,Gluteus Maximus,Clubbell,1,None,0,Walking,Single Arm,Continuous,Neutral,Front Flag Hold,No Elevation,Single Exercise,Loaded Carry,,,Sagittal Plane,,,Full Body,Other,Compound,Unilateral,Unsorted*
Barbell Overhead Carry,Advanced,Shoulders,Anterior Deltoids,Rectus Abdominis,Gluteus Maximus,Barbell,1,None,0,Walking,Double Arm,Continuous,Pronated,Overhead,No Elevation,Single Exercise,Loaded Carry,,,Sagittal Plane,,,Full Body,Other,Compound,Bilateral,Unsorted*
Single Arm Barbell Overhead Carry,Expert,Shoulders,Anterior Deltoids,Rectus Abdominis,Gluteus Maximus,Barbell,1,None,0,Walking,Single Arm,Continuous,Neutral,Overhead,No Elevation,Single Exercise,Loaded Carry,,,Sagittal Plane,,,Full Body,Other,Compound,Unilateral,Unsorted*
Barbell Front Rack Carry,Intermediate,Abdominals,Rectus Abdominis,Gluteus Maximus,,Barbell,1,None,0,Walking,Double Arm,Continuous,Pronated,Front Rack,No Elevation,Single Exercise,Loaded Carry,,,Sagittal Plane,,,Full Body,Other,Compound,Bilateral,Unsorted*
Single Arm Kettlebell Split Squat Thruster,Intermediate,Shoulders,Anterior Deltoids,Quadriceps Femoris,,Kettlebell,1,None,0,Split Squat,Single Arm,Continuous,Pronated,Overhead,No Elevation,Single Exercise,Vertical Push,Knee Dominant,,Sagittal Plane,,,Full Body,Push,Compound,Unilateral,Bodybuilding
Double Kettlebell Suitcase Alternating Reverse Lunge,Novice,Quadriceps,Quadriceps Femoris,Gluteus Maximus,Biceps Femoris,Kettlebell,2,None,0,Standing,Double Arm,Continuous,Neutral,Suitcase,No Elevation,Single Exercise,Knee Dominant,,,Sagittal Plane,,,Lower Body,Push,Compound,Unilateral,Bodybuilding
Alternating Single Arm Kettlebell Sumo Deadlift,Novice,Back,Latissimus Dorsi,Gluteus Maximus,Biceps Femoris,Kettlebell,1,None,0,Standing,Single Arm,Alternating,Pronated,Other,No Elevation,Single Exercise,Hip Hinge,,,Sagittal Plane,,,Full Body,Pull,Compound,Unilateral,Bodybuilding
Single Arm Kettlebell Suitcase March,Novice,Abdominals,Rectus Abdominis,,,Kettlebell,1,None,0,March,Single Arm,Continuous,Neutral,Suitcase,No Elevation,Single Exercise,,,,Sagittal Plane,,,Midsection,Other,Compound,Unilateral,Balance
Single Arm Kettlebell Bottoms Up Overhead March,Intermediate,Abdominals,Rectus Abdominis,,,Kettlebell,1,None,0,March,Single Arm,Continuous,Bottoms Up,Overhead,No Elevation,Single Exercise,,,,Sagittal Plane,,,Midsection,Other,Compound,Unilateral,Balance
Single Arm Kettlebell Bottoms Up Front Rack March,Intermediate,Abdominals,Rectus Abdominis,,,Kettlebell,1,None,0,March,Single Arm,Continuous,Bottoms Up,Front Rack,No Elevation,Single Exercise,,,,Sagittal Plane,,,Midsection,Other,Compound,Unilateral,Balance
Double Kettlebell Half Snatch,Intermediate,Glutes,Gluteus Maximus,Anterior Deltoids,,Kettlebell,2,None,0,Standing,Double Arm,Continuous,Pronated,Overhead,No Elevation,Single Exercise,Hip Hinge,,,,,,Full Body,Unsorted*,Compound,Bilateral,Ballistics
Alternating Single Arm Kettlebell Half Snatch,Intermediate,Glutes,Gluteus Maximus,Anterior Deltoids,,Kettlebell,1,None,0,Standing,Single Arm,Alternating,Pronated,Overhead,No Elevation,Single Exercise,Hip Hinge,,,Sagittal Plane,,,Full Body,Unsorted*,Compound,Unilateral,Ballistics
Single Arm Kettlebell Half Snatch,Intermediate,Shoulders,Anterior Deltoids,Gluteus Maximus,,Kettlebell,1,None,0,Standing,Single Arm,Continuous,Pronated,Overhead,No Elevation,Single Exercise,Hip Hinge,,,Sagittal Plane,,,Full Body,Unsorted*,Compound,Unilateral,Ballistics
Double Kettlebell Half Snatch to Thruster,Advanced,Shoulders,Anterior Deltoids,Gluteus Maximus,,Kettlebell,2,None,0,Standing,Double Arm,Continuous,Pronated,Overhead,No Elevation,Combo Exercise,Hip Hinge,Vertical Push,Knee Dominant,Sagittal Plane,,,Full Body,Unsorted*,Compound,Bilateral,Ballistics
Double Kettlebell Overhead Cossack Squat,Intermediate,Quadriceps,Quadriceps Femoris,Adductor Magnus,Gluteus Maximus,Kettlebell,2,None,0,Standing,Double Arm,Continuous,Pronated,Overhead,No Elevation,Single Exercise,Knee Dominant,,,Frontal Plane,,,Lower Body,Push,Compound,Unilateral,Bodybuilding
Heavy Sandbag Bear Hug Squat,Intermediate,Quadriceps,Quadriceps Femoris,Gluteus Maximus,,Heavy Sandbag,1,None,0,Standing,Double Arm,Continuous,Neutral,Bear Hug,No Elevation,Single Exercise,Knee Dominant,,,Sagittal Plane,,,Lower Body,Push,Compound,Bilateral,Unsorted*
Heavy Sandbag Shoulder Squat,Intermediate,Quadriceps,Quadriceps Femoris,Gluteus Maximus,,Heavy Sandbag,1,None,0,Standing,Single Arm,Continuous,Neutral,Shoulder,No Elevation,Single Exercise,Knee Dominant,,,Sagittal Plane,,,Lower Body,Push,Compound,Unilateral,Unsorted*
Heavy Sandbag Turkish Get Up,Advanced,Abdominals,Obliques,Rectus Abdominis,,Heavy Sandbag,1,None,0,Supine,Single Arm,Continuous,Neutral,Shoulder,No Elevation,Single Exercise,Rotational,,,Transverse Plane,Sagittal Plane,,Full Body,Other,Compound,Unilateral,Grinds
Heavy Sandbag Bear Hug Alternating Forward Lunge,Intermediate,Quadriceps,Quadriceps Femoris,Gluteus Maximus,Biceps Brachii,Heavy Sandbag,1,None,0,Standing,Double Arm,Continuous,Neutral,Bear Hug,No Elevation,Single Exercise,Knee Dominant,,,Sagittal Plane,,,Full Body,Other,Compound,Unilateral,Unsorted*
Heavy Sandbag Bear Hug Alternating Reverse Lunge,Intermediate,Quadriceps,Quadriceps Femoris,Gluteus Maximus,Biceps Femoris,Heavy Sandbag,1,None,0,Standing,Double Arm,Continuous,Neutral,Bear Hug,No Elevation,Single Exercise,Knee Dominant,,,Sagittal Plane,,,Full Body,Other,Compound,Unilateral,Bodybuilding
Heavy Sandbag Shoulder Alternating Forward Lunge,Intermediate,Quadriceps,Quadriceps Femoris,Gluteus Maximus,,Heavy Sandbag,1,None,0,Standing,Single Arm,Continuous,Neutral,Shoulder,No Elevation,Single Exercise,Knee Dominant,,,Sagittal Plane,,,Lower Body,Push,Compound,Unilateral,Unsorted*
Heavy Sandbag Shoulder Alternating Reverse Lunge,Intermediate,Quadriceps,Quadriceps Femoris,Gluteus Maximus,Biceps Femoris,Heavy Sandbag,1,None,0,Standing,Single Arm,Continuous,Neutral,Shoulder,No Elevation,Single Exercise,Knee Dominant,,,Sagittal Plane,,,Lower Body,Push,Compound,Unilateral,Bodybuilding
Heavy Sandbag Shoulder Walking Lunge,Intermediate,Quadriceps,Quadriceps Femoris,Gluteus Maximus,,Heavy Sandbag,1,None,0,Walking,Single Arm,Continuous,Neutral,Shoulder,No Elevation,Single Exercise,Knee Dominant,,,Sagittal Plane,,,Lower Body,Push,Compound,Unilateral,Unsorted*
Heavy Sandbag Shoulder Clean,Intermediate,Glutes,Gluteus Maximus,Biceps Femoris,Rectus Abdominis,Heavy Sandbag,1,None,0,Standing,Double Arm,Continuous,Neutral,Shoulder,No Elevation,Single Exercise,Hip Hinge,,,Sagittal Plane,,,Full Body,Other,Compound,Bilateral,Unsorted*
Heavy Sandbag Over the Shoulder,Intermediate,Glutes,Gluteus Maximus,Biceps Femoris,Rectus Abdominis,Heavy Sandbag,1,None,0,Standing,Double Arm,Continuous,Neutral,Other,No Elevation,Single Exercise,Hip Hinge,,,Sagittal Plane,,,Full Body,Other,Compound,Bilateral,Unsorted*
Heavy Sandbag Alternating Shoulder Clean,Intermediate,Glutes,Gluteus Maximus,Biceps Femoris,Rectus Abdominis,Heavy Sandbag,1,None,0,Standing,Double Arm,Continuous,,Shoulder,No Elevation,Single Exercise,Hip Hinge,,,Sagittal Plane,,,Full Body,Other,Compound,Bilateral,Unsorted*
Heavy Sandbag Alternating Over the Shoulder,Intermediate,Glutes,Gluteus Maximus,Biceps Femoris,Rectus Abdominis,Heavy Sandbag,1,None,0,Standing,Double Arm,Continuous,Neutral,Other,No Elevation,Single Exercise,Hip Hinge,,,Sagittal Plane,,,Full Body,Other,Compound,Bilateral,Unsorted*
Heavy Sandbag Bear Hug Walking Lunge,Intermediate,Quadriceps,Quadriceps Femoris,Gluteus Maximus,Biceps Brachii,Heavy Sandbag,1,None,0,Walking,Double Arm,Continuous,Neutral,Bear Hug,No Elevation,Single Exercise,Knee Dominant,,,Sagittal Plane,,,Full Body,Other,Compound,Unilateral,Unsorted*
Double Dumbbell Turkish Get Up,Advanced,Abdominals,Obliques,Rectus Abdominis,,Dumbbell,2,None,0,Supine,Double Arm,Continuous,Neutral,Overhead,No Elevation,Single Exercise,Rotational,,,Transverse Plane,Sagittal Plane,,Full Body,Other,Compound,Bilateral,Unsorted*
Alternating Single Arm Clubbell Mill,Intermediate,Shoulders,Posterior Deltoids,Gluteus Maximus,Obliques,Clubbell,1,None,0,Standing,Single Arm,Alternating,Neutral,Behind Back,No Elevation,Single Exercise,Rotational,,,Transverse Plane,,,Upper Body,Pull,Compound,Unilateral,Ballistics
Bodyweight Hand Assisted Sissy Squat,Novice,Quadriceps,Quadriceps Femoris,Gluteus Maximus,,Bodyweight,1,None,0,Standing,Double Arm,Continuous,Hand Assisted,No Load,No Elevation,Single Exercise,Knee Dominant,,,Sagittal Plane,,,Lower Body,Push,Compound,Bilateral,Bodybuilding
Bodyweight Sissy Squat,Advanced,Quadriceps,Quadriceps Femoris,Gluteus Maximus,,Bodyweight,1,None,0,Standing,No Arms,Continuous,No Grip,No Load,No Elevation,Single Exercise,Knee Dominant,,,Sagittal Plane,,,Lower Body,Push,Compound,Bilateral,Bodybuilding
Bodyweight Hand Assisted Knee Over Toe Split Squat,Beginner,Quadriceps,Quadriceps Femoris,Gluteus Maximus,,Bodyweight,1,None,0,Knee Over Toe Split Squat,Single Arm,Continuous,Hand Assisted,No Load,No Elevation,Single Exercise,Knee Dominant,,,Sagittal Plane,,,Lower Body,Push,Compound,Unilateral,Bodybuilding
Superband Sissy Squat,Intermediate,Quadriceps,Quadriceps Femoris,Gluteus Maximus,,Superband,1,None,0,Standing,No Arms,Continuous,No Grip,No Load,No Elevation,Single Exercise,Knee Dominant,,,Sagittal Plane,,,Lower Body,Push,Compound,Bilateral,Bodybuilding
Double Dumbbell Front Rack Walking Lunge,Novice,Quadriceps,Quadriceps Femoris,Gluteus Maximus,,Dumbbell,2,None,0,Walking,Double Arm,Continuous,Neutral,Front Rack,No Elevation,Single Exercise,Knee Dominant,,,Sagittal Plane,,,Lower Body,Push,Compound,Unilateral,Bodybuilding
Single Arm Dumbbell Suitcase Walking Lunge,Novice,Quadriceps,Quadriceps Femoris,Gluteus Maximus,,Dumbbell,1,None,0,Walking,Single Arm,Continuous,Neutral,Suitcase,No Elevation,Single Exercise,Knee Dominant,Anti-Lateral Flexion,,Sagittal Plane,,,Lower Body,Push,Compound,Unilateral,Bodybuilding
Single Arm Dumbbell Overhead Walking Lunge,Intermediate,Quadriceps,Quadriceps Femoris,Gluteus Maximus,,Dumbbell,1,None,0,Walking,Single Arm,Continuous,Neutral,Overhead,No Elevation,Single Exercise,Knee Dominant,,,Sagittal Plane,,,Lower Body,Push,Compound,Unilateral,Bodybuilding
Single Arm Dumbbell Front Rack Walking Lunge,Novice,Quadriceps,Quadriceps Femoris,Gluteus Maximus,,Dumbbell,1,None,0,Walking,Single Arm,Continuous,Neutral,Front Rack,No Elevation,Single Exercise,Knee Dominant,,,Sagittal Plane,,,Lower Body,Push,Compound,Unilateral,Bodybuilding
Barbell Front Rack Walking Lunge,Intermediate,Quadriceps,Quadriceps Femoris,Gluteus Maximus,,Barbell,1,None,0,Walking,Double Arm,Continuous,Pronated,Front Rack,No Elevation,Single Exercise,Knee Dominant,,,Sagittal Plane,,,Lower Body,Push,Compound,Unilateral,Bodybuilding
Kettlebell Goblet Horse Stance Squat,Novice,Quadriceps,Gluteus Maximus,,,Kettlebell,1,None,0,Horse Stance,Double Arm,Continuous,Goblet,Front Rack,No Elevation,Single Exercise,Knee Dominant,,,Sagittal Plane,,,Lower Body,Push,Compound,Bilateral,Unsorted*
Double Kettlebell Alternating Forward Lunge Snatch,Advanced,Quadriceps,Quadriceps Femoris,Gluteus Maximus,Anterior Deltoids,Kettlebell,2,None,0,Standing,Double Arm,Continuous,Pronated,Overhead,No Elevation,Single Exercise,Knee Dominant,Hip Hinge,,Sagittal Plane,,,Full Body,Unsorted*,Compound,Unilateral,Ballistics
Double Kettlebell Feet Elevated Renegade Row,Advanced,Back,Latissimus Dorsi,,,Kettlebell,2,Bench (Flat),0,Prone,Double Arm,Alternating,Neutral,Other,Feet Elevated,Single Exercise,Horizontal Pull,Anti-Extension,,Sagittal Plane,,,Upper Body,Pull,Compound,Unilateral,Bodybuilding
Double Kettlebell Feet Elevated Renegade Row Push Up,Advanced,Back,Latissimus Dorsi,,,Kettlebell,2,Bench (Flat),0,Prone,Double Arm,Alternating,Neutral,Other,Feet Elevated,Single Exercise,Horizontal Pull,Horizontal Push,Anti-Extension,Sagittal Plane,,,Upper Body,Push & Pull,Compound,Unilateral,Bodybuilding
Double Kettlebell Half Snatch to Overhead Press,Advanced,Shoulders,Anterior Deltoids,Gluteus Maximus,,Kettlebell,2,None,0,Standing,Double Arm,Continuous,Pronated,Overhead,No Elevation,Combo Exercise,Hip Hinge,Vertical Push,,Sagittal Plane,,,Full Body,Unsorted*,Compound,Bilateral,Unsorted*
Double Clubbell Order Walking Lunge,Novice,Quadriceps,Quadriceps Femoris,Gluteus Maximus,Brachioradialis,Clubbell,2,None,0,Walking,Double Arm,Continuous,Neutral,Order,No Elevation,Single Exercise,Knee Dominant,,,Sagittal Plane,,,Lower Body,Push,Compound,Unilateral,Bodybuilding
Single Arm Clubbell Order Walking Lunge,Novice,Quadriceps,Quadriceps Femoris,Gluteus Maximus,Brachioradialis,Clubbell,1,None,0,Walking,Single Arm,Continuous,Neutral,Order,No Elevation,Single Exercise,Knee Dominant,,,Sagittal Plane,,,Lower Body,Push,Compound,Unilateral,Bodybuilding
Clubbell Order Walking Lunge,Novice,Quadriceps,Quadriceps Femoris,Gluteus Maximus,Brachioradialis,Clubbell,1,None,0,Walking,Double Arm,Continuous,Neutral,Order,No Elevation,Single Exercise,Knee Dominant,,,Sagittal Plane,,,Lower Body,Push,Compound,Unilateral,Bodybuilding
Double Clubbell Front Flag Hold Walking Lunge,Intermediate,Quadriceps,Quadriceps Femoris,Gluteus Maximus,Brachioradialis,Clubbell,2,None,0,Walking,Double Arm,Continuous,Neutral,Front Flag Hold,No Elevation,Single Exercise,Knee Dominant,,,Sagittal Plane,,,Lower Body,Push,Compound,Unilateral,Bodybuilding
Single Arm Clubbell Front Flag Hold Walking Lunge,Intermediate,Quadriceps,Quadriceps Femoris,Gluteus Maximus,Brachioradialis,Clubbell,1,None,0,Walking,Single Arm,Continuous,Neutral,Front Flag Hold,No Elevation,Single Exercise,Knee Dominant,,,Sagittal Plane,,,Lower Body,Push,Compound,Unilateral,Bodybuilding
Clubbbell Front Flag Hold Walking Lunge,Intermediate,Quadriceps,Quadriceps Femoris,Gluteus Maximus,Brachioradialis,Clubbell,1,None,0,Walking,Double Arm,Continuous,Neutral,Front Flag Hold,No Elevation,Single Exercise,Knee Dominant,,,Sagittal Plane,,,Lower Body,Push,Compound,Unilateral,Bodybuilding
Bodyweight Box Jump,Intermediate,Quadriceps,Quadriceps Femoris,Gluteus Maximus,Biceps Femoris,Bodyweight,1,Plyo Box,1,Standing,No Arms,Continuous,No Grip,No Load,Feet Elevated,Single Exercise,Knee Dominant,,,Sagittal Plane,,,Lower Body,Push,Compound,Bilateral,Plyometric
Bodyweight Lateral Box Jump,Intermediate,Quadriceps,Quadriceps Femoris,Gluteus Maximus,Biceps Femoris,Bodyweight,1,Plyo Box,1,Standing,No Arms,Continuous,No Grip,No Load,Feet Elevated,Single Exercise,Knee Dominant,,,Frontal Plane,,,Lower Body,Push,Compound,Bilateral,Plyometric
Bodyweight Alternating Lateral Box Jump,Intermediate,Quadriceps,Quadriceps Femoris,Gluteus Maximus,Biceps Femoris,Bodyweight,1,Plyo Box,1,Standing,No Arms,Continuous,No Grip,No Load,Feet Elevated,Single Exercise,Knee Dominant,,,Frontal Plane,,,Lower Body,Push,Compound,Bilateral,Plyometric
Bodyweight Straddle Planche,Expert,Abdominals,Rectus Abdominis,,,Bodyweight,1,None,0,Prone,Double Arm,Continuous,Flat Palm,No Load,No Elevation,Single Exercise,Isometric Hold,,,Sagittal Plane,,,Unsorted*,Other,Compound,Bilateral,Calisthenics
Macebell Alternating 360 to Ballistic Curl,Intermediate,Shoulders,Posterior Deltoids,Biceps Brachii,Rectus Abdominis,Macebell,1,None,0,Standing,Double Arm,Continuous,Neutral,Behind Back,No Elevation,Combo Exercise,Rotational,,,Transverse Plane,,,Upper Body,Pull,Compound,Bilateral,Ballistics
Suspension Pelican Curl,Advanced,Biceps,Biceps Brachii,Pectoralis Major,Brachioradialis,Suspension Trainer,1,None,0,Standing,Double Arm,Continuous,Supinated,No Load,No Elevation,Single Exercise,Elbow Flexion,,,Sagittal Plane,,,Upper Body,Pull,Compound,Bilateral,Unsorted*
Double Kettlebell Half Snatch to Front Rack Squat,Advanced,Shoulders,Anterior Deltoids,Quadriceps Femoris,Gluteus Minimus,Kettlebell,2,None,0,Standing,Double Arm,Continuous,Pronated,Overhead,No Elevation,Combo Exercise,Hip Hinge,Knee Dominant,,Sagittal Plane,,,Full Body,Unsorted*,Compound,Bilateral,Unsorted*
Single Arm Suspension Ipsilateral Pistol Squat,Advanced,Quadriceps,Quadriceps Femoris,Gluteus Maximus,,Suspension Trainer,1,None,0,Single Leg Standing,Single Arm,Continuous,Neutral,No Load,No Elevation,Single Exercise,Knee Dominant,,,Sagittal Plane,,,Lower Body,Push,Compound,Ipsilateral,Balance
Kettlebell Single Leg Standing Hip Flexion,Intermediate,Hip Flexors,Iliopsoas,Rectus Femoris,,Kettlebell,1,Plyo Box,1,Single Leg Standing,No Arms,Continuous,No Grip,Other,Foot Elevated,Single Exercise,Hip Flexion,,,Sagittal Plane,,,Lower Body,Unsorted*,Compound,Unilateral,Unsorted*
Double Kettlebell Bottoms Up Overhead Cossack Squat,Advanced,Quadriceps,Quadriceps Femoris,Adductor Magnus,Gluteus Maximus,Kettlebell,2,None,0,Standing,Double Arm,Continuous,Bottoms Up,Overhead,No Elevation,Single Exercise,Knee Dominant,,,Frontal Plane,,,Lower Body,Push,Compound,Unilateral,Bodybuilding
Double Dumbbell Hammer Curl,Beginner,Biceps,Biceps Brachii,Brachialis,Brachioradialis,Dumbbell,2,None,0,Standing,Double Arm,Continuous,Neutral,Other,No Elevation,Single Exercise,Elbow Flexion,,,Sagittal Plane,,,Upper Body,Pull,Isolation,Bilateral,Bodybuilding
Double Kettlebell Low Hold Cossack Squat,Novice,Quadriceps,Quadriceps Femoris,Adductor Magnus,Gluteus Maximus,Kettlebell,2,None,0,Standing,Double Arm,Continuous,Neutral,Low Hold,No Elevation,Single Exercise,Knee Dominant,,,Frontal Plane,,,Lower Body,Push,Compound,Unilateral,Bodybuilding
Double Kettlebell Low Hold Alternating Cossack Squat,Novice,Quadriceps,Quadriceps Femoris,Adductor Magnus,Gluteus Maximus,Kettlebell,2,None,0,Standing,Double Arm,Continuous,Neutral,Low Hold,No Elevation,Single Exercise,Knee Dominant,,,Frontal Plane,,,Lower Body,Push,Compound,Unilateral,Bodybuilding
Kettlebell Goblet Alternating Cossack Squat,Novice,Quadriceps,Quadriceps Femoris,Adductor Magnus,Gluteus Maximus,Kettlebell,1,None,0,Standing,Double Arm,Continuous,Goblet,Front Rack,No Elevation,Single Exercise,Knee Dominant,,,Frontal Plane,,,Lower Body,Push,Compound,Unilateral,Bodybuilding
Barbell Zercher Carry,Advanced,Abdominals,Rectus Abdominis,Gluteus Maximus,,Barbell,1,None,0,Walking,Double Arm,Continuous,No Grip,Zercher,No Elevation,Single Exercise,Loaded Carry,,,Sagittal Plane,,,Full Body,Other,Compound,Bilateral,Unsorted*
Alternating Double Dumbbell Bench Press,Beginner,Chest,Pectoralis Major,Triceps Brachii,,Dumbbell,2,Bench (Flat),1,Supine,Double Arm,Alternating,Pronated,Above Chest,No Elevation,Single Exercise,Horizontal Push,,,Sagittal Plane,,,Upper Body,Push,Compound,Unilateral,Bodybuilding
Alternating Double Dumbbell Incline Bench Press,Beginner,Chest,Pectoralis Major,Triceps Brachii,,Dumbbell,2,Bench (Incline),1,Seated,Double Arm,Alternating,Pronated,Above Chest,No Elevation,Single Exercise,Horizontal Push,,,Sagittal Plane,,,Upper Body,Push,Compound,Unilateral,Bodybuilding
Alternating Double Dumbbell Decline Bench Press,Beginner,Chest,Pectoralis Major,Triceps Brachii,,Dumbbell,2,Bench (Decline),1,Supine,Double Arm,Alternating,Pronated,Above Chest,No Elevation,Single Exercise,Horizontal Push,,,Sagittal Plane,,,Upper Body,Push,Compound,Unilateral,Bodybuilding
Alternating Double Dumbbell Top Down Bench Press,Beginner,Chest,Pectoralis Major,Triceps Brachii,,Dumbbell,2,Bench (Flat),1,Supine,Double Arm,Alternating,Pronated,Above Chest,No Elevation,Single Exercise,Horizontal Push,,,Sagittal Plane,,,Upper Body,Push,Compound,Unilateral,Bodybuilding
Alternating Double Dumbbell Top Down Incline Bench Press,Beginner,Chest,Pectoralis Major,Triceps Brachii,,Dumbbell,2,Bench (Incline),1,Seated,Double Arm,Alternating,Pronated,Above Chest,No Elevation,Single Exercise,Horizontal Push,,,Sagittal Plane,,,Upper Body,Push,Compound,Unilateral,Bodybuilding
Alternating Double Dumbbell Top Down Decline Bench Press,Beginner,Chest,Pectoralis Major,Triceps Brachii,,Dumbbell,2,Bench (Decline),1,Supine,Double Arm,Alternating,Pronated,Above Chest,No Elevation,Single Exercise,Horizontal Push,,,Sagittal Plane,,,Upper Body,Push,Compound,Unilateral,Bodybuilding
Single Arm Kettlebell Front Rack Alternating Cossack Squat,Novice,Quadriceps,Quadriceps Femoris,Adductor Magnus,Gluteus Maximus,Kettlebell,1,None,0,Standing,Single Arm,Continuous,Neutral,Front Rack,No Elevation,Single Exercise,Knee Dominant,,,Frontal Plane,,,Lower Body,Push,Compound,Unilateral,Bodybuilding
Single Arm Kettlebell Ipsilateral Cossack Squat Thruster,Intermediate,Shoulders,Anterior Deltoids,Quadriceps Femoris,Adductor Magnus,Kettlebell,1,None,0,Standing,Single Arm,Continuous,Pronated,Overhead,No Elevation,Combo Exercise,Rotational,Knee Dominant,,Frontal Plane,,,Full Body,Push,Compound,Ipsilateral,Bodybuilding
Kettlebell Goblet Foot Elevated Cossack Squat,Novice,Quadriceps,Quadriceps Femoris,Adductor Magnus,Gluteus Maximus,Kettlebell,1,None,0,Standing,Double Arm,Continuous,Goblet,Front Rack,Foot Elevated (Lateral),Single Exercise,Knee Dominant,,,Frontal Plane,,,Lower Body,Push,Compound,Unilateral,Bodybuilding
Double Dumbbell Overhead Alternating Box Step Up,Intermediate,Quadriceps,Quadriceps Femoris,Gluteus Maximus,,Dumbbell,2,Plyo Box,1,Standing,Double Arm,Continuous,Neutral,Overhead,Foot Elevated (Front),Single Exercise,Knee Dominant,,,Sagittal Plane,,,Lower Body,Push,Compound,Unilateral,Bodybuilding
Single Arm Dumbbell Overhead Contralateral Box Step Up,Intermediate,Quadriceps,Quadriceps Femoris,Gluteus Maximus,,Dumbbell,1,Plyo Box,1,Standing,Single Arm,Continuous,Neutral,Overhead,Foot Elevated (Front),Single Exercise,Knee Dominant,,,Sagittal Plane,,,Lower Body,Push,Compound,Contralateral,Bodybuilding
Barbell Overhead Alternating Box Step Up,Advanced,Quadriceps,Quadriceps Femoris,Gluteus Maximus,,Barbell,1,Plyo Box,1,Standing,Double Arm,Continuous,Pronated,Overhead,Foot Elevated (Front),Single Exercise,Knee Dominant,,,Sagittal Plane,,,Lower Body,Push,Compound,Unilateral,Bodybuilding
Barbell Overhead Box Step Up,Advanced,Quadriceps,Quadriceps Femoris,Gluteus Maximus,,Barbell,1,Plyo Box,1,Standing,Double Arm,Continuous,Pronated,Overhead,Foot Elevated (Front),Single Exercise,Knee Dominant,,,Sagittal Plane,,,Lower Body,Push,Compound,Unilateral,Bodybuilding
Single Arm Dumbbell Suitcase Contralateral Box Step Up,Novice,Quadriceps,Quadriceps Femoris,Gluteus Maximus,,Dumbbell,1,Plyo Box,1,Standing,Single Arm,Continuous,Neutral,Suitcase,Foot Elevated (Front),Single Exercise,Knee Dominant,,,Sagittal Plane,,,Lower Body,Push,Compound,Contralateral,Bodybuilding
Single Arm Dumbbell Suitcase Ipsilateral Box Step Up,Novice,Quadriceps,Quadriceps Femoris,Gluteus Maximus,,Dumbbell,1,Plyo Box,1,Standing,Single Arm,Continuous,Neutral,Suitcase,Foot Elevated (Front),Single Exercise,Knee Dominant,,,Sagittal Plane,,,Lower Body,Push,Compound,Ipsilateral,Bodybuilding
Single Arm Dumbbell Front Rack Alternating Box Step Up,Novice,Quadriceps,Quadriceps Femoris,Gluteus Maximus,,Dumbbell,1,Plyo Box,1,Standing,Single Arm,Continuous,Neutral,Front Rack,Foot Elevated (Front),Single Exercise,Knee Dominant,,,Sagittal Plane,,,Lower Body,Push,Compound,Unilateral,Bodybuilding
Barbell Overhead Box Russian Step Up,Advanced,Quadriceps,Quadriceps Femoris,Gluteus Maximus,,Barbell,1,Plyo Box,1,Single Leg Standing Bent Knee,Double Arm,Continuous,Pronated,Overhead,Foot Elevated (Front),Single Exercise,Knee Dominant,,,Sagittal Plane,,,Lower Body,Push,Compound,Unilateral,Balance
Barbell Front Rack Box Russian Step Up,Intermediate,Quadriceps,Quadriceps Femoris,Gluteus Maximus,,Barbell,1,Plyo Box,1,Single Leg Standing Bent Knee,Double Arm,Continuous,Pronated,Front Rack,Foot Elevated (Front),Single Exercise,Knee Dominant,,,Sagittal Plane,,,Lower Body,Push,Compound,Unilateral,Balance
Barbell Back Rack Box Russian Step Up,Intermediate,Quadriceps,Quadriceps Femoris,Gluteus Maximus,,Barbell,1,Plyo Box,1,Single Leg Standing Bent Knee,Double Arm,Continuous,Pronated,Back Rack,Foot Elevated (Front),Single Exercise,Knee Dominant,,,Sagittal Plane,,,Lower Body,Push,Compound,Unilateral,Balance
Single Arm Dumbbell Front Rack Contralateral Box Russian Step Up,Intermediate,Quadriceps,Quadriceps Femoris,Gluteus Maximus,,Dumbbell,1,Plyo Box,1,Single Leg Standing Bent Knee,Single Arm,Continuous,Neutral,Front Rack,Foot Elevated (Front),Single Exercise,Knee Dominant,,,Sagittal Plane,,,Lower Body,Push,Compound,Contralateral,Balance
Single Arm Dumbbell Overhead Ipsilateral Box Step Up,Intermediate,Quadriceps,Quadriceps Femoris,Gluteus Maximus,,Dumbbell,1,Plyo Box,1,Standing,Single Arm,Continuous,Neutral,Overhead,Foot Elevated (Front),Single Exercise,Knee Dominant,,,Sagittal Plane,,,Lower Body,Push,Compound,Ipsilateral,Bodybuilding
Single Arm Kettlebell Bottoms Up Overhead Alternating Cossack Squat,Intermediate,Quadriceps,Quadriceps Femoris,Adductor Magnus,Gluteus Maximus,Kettlebell,1,None,0,Standing,Single Arm,Continuous,Bottoms Up,Overhead,No Elevation,Single Exercise,Knee Dominant,,,Frontal Plane,,,Lower Body,Push,Compound,Unilateral,Bodybuilding
Kettlebell Goblet Low Switch Cossack Squat,Intermediate,Quadriceps,Quadriceps Femoris,Adductor Magnus,Gluteus Maximus,Kettlebell,1,None,0,Standing,Double Arm,Continuous,Goblet,Front Rack,No Elevation,Single Exercise,Knee Dominant,,,Frontal Plane,,,Lower Body,Push,Compound,Unilateral,Bodybuilding
Kettlebell Low Hold Cossack Squat,Novice,Quadriceps,Quadriceps Femoris,Adductor Magnus,Gluteus Maximus,Kettlebell,1,None,0,Standing,Double Arm,Continuous,Pronated,Low Hold,No Elevation,Single Exercise,Knee Dominant,,,Frontal Plane,,,Lower Body,Push,Compound,Unilateral,Bodybuilding
Kettlebell Low Hold Alternating Cossack Squat,Novice,Quadriceps,Quadriceps Femoris,Adductor Magnus,Gluteus Maximus,Kettlebell,1,None,0,Standing,Double Arm,Continuous,Pronated,Low Hold,No Elevation,Single Exercise,Knee Dominant,,,Frontal Plane,,,Lower Body,Push,Compound,Unilateral,Bodybuilding
Single Arm Kettlebell Front Rack Ipsilateral Cossack Squat,Novice,Quadriceps,Quadriceps Femoris,Adductor Magnus,Gluteus Maximus,Kettlebell,1,None,0,Standing,Single Arm,Continuous,Neutral,Front Rack,No Elevation,Single Exercise,Knee Dominant,,,Frontal Plane,,,Lower Body,Push,Compound,Ipsilateral,Bodybuilding
Double Kettlebell Front Rack Carry,Novice,Abdominals,Rectus Abdominis,,,Kettlebell,2,None,0,Walking,Double Arm,Continuous,Neutral,Front Rack,No Elevation,Single Exercise,Loaded Carry,,,Sagittal Plane,,,Full Body,Other,Compound,Bilateral,Unsorted*
Double Kettlebell Overhead Carry,Intermediate,Shoulders,Anterior Deltoids,Obliques,,Kettlebell,2,None,0,Walking,Double Arm,Continuous,Pronated,Overhead,No Elevation,Single Exercise,Loaded Carry,,,Sagittal Plane,,,Full Body,Other,Compound,Bilateral,Unsorted*
Double Kettlebell Bottoms Up Overhead Carry,Advanced,Shoulders,Anterior Deltoids,Obliques,,Kettlebell,2,None,0,Walking,Double Arm,Continuous,Bottoms Up,Overhead,No Elevation,Single Exercise,Loaded Carry,,,Sagittal Plane,,,Full Body,Other,Compound,Bilateral,Unsorted*
Single Arm Kettlebell Overhead Carry,Intermediate,Shoulders,Anterior Deltoids,Obliques,,Kettlebell,1,None,0,Walking,Single Arm,Continuous,Pronated,Overhead,No Elevation,Single Exercise,Loaded Carry,,,Sagittal Plane,,,Full Body,Other,Compound,Unilateral,Unsorted*
Single Arm Kettlebell Bottoms Up Overhead Carry,Advanced,Shoulders,Anterior Deltoids,Obliques,,Kettlebell,1,None,0,Walking,Single Arm,Continuous,Bottoms Up,Overhead,No Elevation,Single Exercise,Loaded Carry,,,Sagittal Plane,,,Full Body,Other,Compound,Unilateral,Unsorted*
Single Arm Kettlebell Half Kneeling Bent Press,Intermediate,Shoulders,Anterior Deltoids,Triceps Brachii,,Kettlebell,1,None,0,Half Kneeling,Single Arm,Continuous,Pronated,Overhead,No Elevation,Single Exercise,Rotational,Vertical Push,,Transverse Plane,,,Unsorted*,Push,Compound,Unilateral,Grinds
Double Clubbell Order Box Step Up,Novice,Quadriceps,Quadriceps Femoris,Gluteus Maximus,,Clubbell,2,Plyo Box,1,Standing,Double Arm,Continuous,Neutral,Order,Foot Elevated (Front),Single Exercise,Knee Dominant,,,Sagittal Plane,,,Lower Body,Push,Compound,Unilateral,Bodybuilding
Double Clubbell Order Alternating Box Step Up,Novice,Quadriceps,Quadriceps Femoris,Gluteus Maximus,,Clubbell,2,Plyo Box,1,Standing,Double Arm,Continuous,Neutral,Order,Foot Elevated (Front),Single Exercise,Knee Dominant,,,Sagittal Plane,,,Lower Body,Push,Compound,Unilateral,Bodybuilding
Single Arm Clubbell Order Contralateral Box Step Up,Novice,Quadriceps,Quadriceps Femoris,Gluteus Maximus,,Clubbell,1,Plyo Box,1,Standing,Single Arm,Continuous,Neutral,Order,Foot Elevated (Front),Single Exercise,Knee Dominant,,,Sagittal Plane,,,Lower Body,Push,Compound,Contralateral,Bodybuilding
Single Arm Clubbell Order Ipsilateral Box Step Up,Novice,Quadriceps,Quadriceps Femoris,Gluteus Maximus,,Clubbell,1,Plyo Box,1,Standing,Single Arm,Continuous,Neutral,Order,Foot Elevated (Front),Single Exercise,Knee Dominant,,,Sagittal Plane,,,Lower Body,Push,Compound,Ipsilateral,Bodybuilding
Bar Advanced Tuck Back Lever,Advanced,Abdominals,Rectus Abdominis,,,Pull Up Bar,1,None,0,Hanging,Double Arm,Continuous,Pronated,No Load,No Elevation,Single Exercise,Isometric Hold,,,Sagittal Plane,,,Unsorted*,Other,Compound,Bilateral,Calisthenics
Bar Advanced Tuck Front Lever,Advanced,Abdominals,Rectus Abdominis,,,Pull Up Bar,1,None,0,Hanging,Double Arm,Continuous,Pronated,No Load,No Elevation,Single Exercise,Isometric Hold,,,Sagittal Plane,,,Unsorted*,Other,Compound,Bilateral,Calisthenics
Bar Advanced Tuck Front Lever Pull Up,Expert,Back,Latissimus Dorsi,,,Pull Up Bar,1,None,0,Hanging,Double Arm,Continuous,Pronated,No Load,No Elevation,Single Exercise,Horizontal Pull,,,Sagittal Plane,,,Upper Body,Pull,Compound,Bilateral,Calisthenics
Bar Archer Pull Up,Advanced,Back,Latissimus Dorsi,,,Pull Up Bar,1,None,0,Hanging,Double Arm,Alternating,Pronated,No Load,No Elevation,Single Exercise,Vertical Pull,,,Frontal Plane,,,Upper Body,Pull,Compound,Unilateral,Calisthenics
Bar Chin Up,Intermediate,Biceps,Biceps Brachii,Latissimus Dorsi,,Pull Up Bar,1,None,0,Hanging,Double Arm,Continuous,Supinated,No Load,No Elevation,Single Exercise,Vertical Pull,,,Sagittal Plane,,,Upper Body,Pull,Compound,Bilateral,Calisthenics
Bar Circle Front Lever,Expert,Abdominals,Rectus Abdominis,,,Pull Up Bar,1,None,0,Hanging,Double Arm,Continuous,Pronated,No Load,No Elevation,Single Exercise,Isometric Hold,,,Transverse Plane,,,Midsection,Other,Compound,Bilateral,Calisthenics
Bar Dead Hang,Beginner,Back,Latissimus Dorsi,,,Pull Up Bar,1,None,0,Hanging,Double Arm,Continuous,Pronated,No Load,No Elevation,Single Exercise,Isometric Hold,,,Sagittal Plane,,,Upper Body,Other,Compound,Bilateral,Unsorted*
Bar Dead Hang to Front Lever Pull Up,Master,Back,Latissimus Dorsi,,,Pull Up Bar,1,None,0,Hanging,Double Arm,Continuous,Pronated,No Load,No Elevation,Combo Exercise,Horizontal Pull,,,Sagittal Plane,,,Upper Body,Pull,Compound,Bilateral,Calisthenics
Bar Eccentric Chin Up,Novice,Biceps,Biceps Brachii,Latissimus Dorsi,,Pull Up Bar,1,None,0,Hanging,Double Arm,Continuous,Supinated,No Load,No Elevation,Single Exercise,Vertical Pull,,,Sagittal Plane,,,Upper Body,Pull,Compound,Bilateral,Calisthenics
Bar Eccentric Pull Up,Novice,Back,Latissimus Dorsi,,,Pull Up Bar,1,None,0,Hanging,Double Arm,Continuous,Pronated,No Load,No Elevation,Single Exercise,Vertical Pull,,,Sagittal Plane,,,Upper Body,Pull,Compound,Bilateral,Calisthenics
Bar False Grip Pull Up,Advanced,Back,Latissimus Dorsi,,,Pull Up Bar,1,None,0,Hanging,Double Arm,Continuous,False Grip,No Load,No Elevation,Single Exercise,Vertical Pull,,,Sagittal Plane,,,Upper Body,Pull,Compound,Bilateral,Calisthenics
Bar Front Lever Pull to Inverted Hang,Expert,Abdominals,Rectus Abdominis,,,Pull Up Bar,1,None,0,Hanging,Double Arm,Continuous,Pronated,No Load,No Elevation,Combo Exercise,Isometric Hold,,,Sagittal Plane,,,Unsorted*,Other,Compound,Bilateral,Calisthenics
Bar Full Back Lever,Expert,Abdominals,Rectus Abdominis,,,Pull Up Bar,1,None,0,Hanging,Double Arm,Continuous,Pronated,No Load,No Elevation,Single Exercise,Isometric Hold,,,Sagittal Plane,,,Unsorted*,Other,Compound,Bilateral,Calisthenics
Bar Full Front Lever,Expert,Abdominals,Rectus Abdominis,,,Pull Up Bar,1,None,0,Hanging,Double Arm,Continuous,Pronated,No Load,No Elevation,Single Exercise,Isometric Hold,,,Sagittal Plane,,,Unsorted*,Other,Compound,Bilateral,Calisthenics
Bar Full Front Lever Pull Up,Master,Back,Latissimus Dorsi,,,Pull Up Bar,1,None,0,Hanging,Double Arm,Continuous,Pronated,No Load,No Elevation,Single Exercise,Horizontal Pull,,,Sagittal Plane,,,Upper Body,Pull,Compound,Bilateral,Calisthenics
Bar Gironda Sternum Chin Up,Expert,Biceps,Biceps Brachii,Latissimus Dorsi,,Pull Up Bar,1,None,0,Hanging,Double Arm,Continuous,Supinated,No Load,No Elevation,Single Exercise,Vertical Pull,,,Sagittal Plane,,,Upper Body,Pull,Compound,Bilateral,Calisthenics
Bar Half Lay Back Lever,Advanced,Abdominals,Rectus Abdominis,,,Pull Up Bar,1,None,0,Hanging,Double Arm,Continuous,Pronated,No Load,No Elevation,Single Exercise,Isometric Hold,,,Sagittal Plane,,,Unsorted*,Other,Compound,Bilateral,Calisthenics
Bar Half Lay Front Lever,Advanced,Abdominals,Rectus Abdominis,,,Pull Up Bar,1,None,0,Hanging,Double Arm,Continuous,Pronated,No Load,No Elevation,Single Exercise,Isometric Hold,,,Sagittal Plane,,,Unsorted*,Other,Compound,Bilateral,Calisthenics
Bar Hanging Knee Raise,Intermediate,Abdominals,Rectus Abdominis,Iliopsoas,Rectus Femoris,Pull Up Bar,1,None,0,Hanging,Double Arm,Continuous,Pronated,No Load,No Elevation,Single Exercise,Spinal Flexion,,,Sagittal Plane,,,Midsection,Other,Compound,Bilateral,Unsorted*
Bar Hanging Knees to Elbows,Advanced,Abdominals,Rectus Abdominis,Iliopsoas,Rectus Femoris,Pull Up Bar,1,None,0,Hanging,Double Arm,Continuous,Pronated,No Load,No Elevation,Single Exercise,Spinal Flexion,,,Sagittal Plane,,,Midsection,Other,Compound,Bilateral,Unsorted*
Bar Hanging Knees to Wrists,Advanced,Abdominals,Rectus Abdominis,Iliopsoas,Rectus Femoris,Pull Up Bar,1,None,0,Hanging,Double Arm,Continuous,Pronated,No Load,No Elevation,Single Exercise,Spinal Flexion,,,Sagittal Plane,,,Midsection,Other,Compound,Bilateral,Unsorted*
Bar Hanging Leg Raise,Advanced,Abdominals,Rectus Abdominis,,,Pull Up Bar,1,None,0,Hanging,Double Arm,Continuous,Pronated,No Load,No Elevation,Single Exercise,Hip Flexion,,,Sagittal Plane,,,Midsection,Other,Compound,Bilateral,Calisthenics
Bar Hanging Leg Raise Toes to Bar,Advanced,Abdominals,Rectus Abdominis,,,Pull Up Bar,1,None,0,Hanging,Double Arm,Continuous,Pronated,No Load,No Elevation,Single Exercise,Hip Flexion,,,Sagittal Plane,,,Midsection,Other,Compound,Bilateral,Calisthenics
Bar Hanging Oblique Knee Raise,Intermediate,Abdominals,Obliques,Rectus Abdominis,,Pull Up Bar,1,None,0,Hanging,Double Arm,Continuous,Pronated,No Load,No Elevation,Single Exercise,Rotational,,,Transverse Plane,,,Midsection,Other,Compound,Bilateral,Unsorted*
Bar Inverted Hang,Advanced,Abdominals,Rectus Abdominis,,,Pull Up Bar,1,None,0,Hanging,Double Arm,Continuous,Pronated,No Load,No Elevation,Single Exercise,Isometric Hold,,,Sagittal Plane,,,Unsorted*,Other,Compound,Bilateral,Calisthenics
Bar L Sit Hang Flutter Kicks,Intermediate,Abdominals,Rectus Abdominis,,,Pull Up Bar,1,None,0,Hanging,Double Arm,Continuous,Pronated,No Load,No Elevation,Single Exercise,Hip Flexion,Isometric Hold,,Sagittal Plane,,,Midsection,Other,Compound,Unilateral,Unsorted*
Bar L Sit Archer Pull Up,Expert,Back,Latissimus Dorsi,Biceps Brachii,,Pull Up Bar,1,None,0,Hanging,Double Arm,Alternating,Pronated,No Load,No Elevation,Single Exercise,Vertical Pull,,,Frontal Plane,Sagittal Plane,,Upper Body,Pull,Compound,Unilateral,Calisthenics
Bar L Sit Chin Up,Advanced,Biceps,Biceps Brachii,Latissimus Dorsi,Rectus Abdominis,Pull Up Bar,1,None,0,Hanging,Double Arm,Continuous,Supinated,No Load,No Elevation,Single Exercise,Vertical Pull,Isometric Hold,,Sagittal Plane,,,Upper Body,Pull,Compound,Bilateral,Calisthenics
Bar L Sit Pull Up,Advanced,Back,Latissimus Dorsi,Biceps Brachii,Rectus Abdominis,Pull Up Bar,1,None,0,Hanging,Double Arm,Continuous,Pronated,No Load,No Elevation,Single Exercise,Vertical Pull,Isometric Hold,,Sagittal Plane,,,Upper Body,Pull,Compound,Bilateral,Calisthenics
Bar Pull Up,Intermediate,Back,Latissimus Dorsi,,,Pull Up Bar,1,None,0,Hanging,Double Arm,Continuous,Pronated,No Load,No Elevation,Single Exercise,Vertical Pull,,,Sagittal Plane,,,Upper Body,Pull,Compound,Bilateral,Calisthenics
Bar Scapular Pull Up,Intermediate,Back,Latissimus Dorsi,Rhomboids,,Pull Up Bar,1,None,0,Hanging,Double Arm,Continuous,Pronated,No Load,No Elevation,Single Exercise,Vertical Pull,,,Sagittal Plane,,,Upper Body,Pull,Compound,Bilateral,Calisthenics
Bar Single Leg Out Back Lever,Advanced,Abdominals,Rectus Abdominis,,,Pull Up Bar,1,None,0,Hanging,Double Arm,Continuous,Pronated,No Load,No Elevation,Single Exercise,Isometric Hold,,,Sagittal Plane,,,Unsorted*,Other,Compound,Unilateral,Calisthenics
Bar Single Leg Out Front Lever,Advanced,Abdominals,Rectus Abdominis,,,Pull Up Bar,1,None,0,Hanging,Double Arm,Continuous,Pronated,No Load,No Elevation,Single Exercise,Isometric Hold,,,Sagittal Plane,,,Unsorted*,Other,Compound,Unilateral,Calisthenics
Bar Skin The Cat,Intermediate,Shoulders,Anterior Deltoids,,,Pull Up Bar,,None,0,Hanging,Double Arm,Continuous,Pronated,No Load,No Elevation,Single Exercise,Vertical Pull,,,Sagittal Plane,,,Upper Body,Pull,Compound,Bilateral,Calisthenics
Bar Straddle Back Lever,Expert,Abdominals,Rectus Abdominis,,,Pull Up Bar,1,None,0,Hanging,Double Arm,Continuous,Pronated,No Load,No Elevation,Single Exercise,Isometric Hold,,,Sagittal Plane,,,Unsorted*,Other,Compound,Bilateral,Calisthenics
Bar Straddle Front Lever,Expert,Abdominals,Rectus Abdominis,,,Pull Up Bar,1,None,0,Hanging,Double Arm,Continuous,Pronated,No Load,No Elevation,Single Exercise,Isometric Hold,,,Sagittal Plane,,,Unsorted*,Other,Compound,Bilateral,Calisthenics
Bar Straddle Front Lever Pull Up,Expert,Back,Latissimus Dorsi,,,Pull Up Bar,1,None,0,Hanging,Double Arm,Continuous,Pronated,No Load,No Elevation,Single Exercise,Horizontal Pull,,,Sagittal Plane,,,Upper Body,Pull,Compound,Bilateral,Calisthenics
Bar Strict Muscle Up,Expert,Back,Latissimus Dorsi,,,Pull Up Bar,1,None,0,Hanging,Double Arm,Continuous,False Grip,No Load,No Elevation,Single Exercise,Vertical Pull,Vertical Push,,Sagittal Plane,,,Upper Body,Push & Pull,Compound,Bilateral,Calisthenics
Bar Tuck Back Lever,Advanced,Abdominals,Rectus Abdominis,,,Pull Up Bar,1,None,0,Hanging,Double Arm,Continuous,Pronated,No Load,No Elevation,Single Exercise,Isometric Hold,,,Sagittal Plane,,,Unsorted*,Other,Compound,Bilateral,Calisthenics
Bar Tuck Back Lever with Alternating Single Leg Extensions,Advanced,Abdominals,Rectus Abdominis,,,Pull Up Bar,1,None,0,Hanging,Double Arm,Continuous,Pronated,No Load,No Elevation,Single Exercise,Isometric Hold,,,Sagittal Plane,,,Upper Body,Other,Compound,Unilateral,Calisthenics
Bar Tuck Front Lever,Advanced,Abdominals,Rectus Abdominis,,,Pull Up Bar,1,None,0,Hanging,Double Arm,Continuous,Pronated,No Load,No Elevation,Single Exercise,Isometric Hold,,,Sagittal Plane,,,Unsorted*,Other,Compound,Bilateral,Calisthenics
Bar Tuck Front Lever Pull Up,Expert,Back,Latissimus Dorsi,,,Pull Up Bar,1,None,0,Hanging,Double Arm,Continuous,Pronated,No Load,No Elevation,Single Exercise,Horizontal Pull,,,Sagittal Plane,,,Upper Body,Pull,Compound,Bilateral,Calisthenics
Bar Tuck Front Lever with Alternating Single Leg Extensions,Advanced,Abdominals,Rectus Abdominis,,,Pull Up Bar,1,None,0,Hanging,Double Arm,Continuous,Pronated,No Load,No Elevation,Single Exercise,Isometric Hold,,,Sagittal Plane,,,Upper Body,Other,Compound,Unilateral,Calisthenics
Single Arm Bar Dead Hang,Novice,Back,Latissimus Dorsi,,,Pull Up Bar,1,None,0,Hanging,Single Arm,Continuous,Pronated,No Load,No Elevation,Single Exercise,Isometric Hold,,,Sagittal Plane,,,Upper Body,Other,Compound,Unilateral,Calisthenics
Single Arm Kettlebell Tall Kneeling Overhead Press,Novice,Shoulders,Anterior Deltoids,Triceps Brachii,,Kettlebell,1,None,0,Tall Kneeling,Single Arm,Continuous,Pronated,Overhead,No Elevation,Single Exercise,Vertical Push,,,Sagittal Plane,,,Upper Body,Push,Compound,Unilateral,Bodybuilding
Single Arm Kettlebell Bottoms Up Tall Kneeling Overhead Press,Intermediate,Shoulders,Anterior Deltoids,Triceps Brachii,,Kettlebell,1,None,0,Tall Kneeling,Single Arm,Continuous,Bottoms Up,Overhead,No Elevation,Single Exercise,Vertical Push,,,Sagittal Plane,,,Upper Body,Push,Compound,Unilateral,Bodybuilding
Double Kettlebell Bottoms Up Tall Kneeling Overhead Press,Intermediate,Shoulders,Anterior Deltoids,Triceps Brachii,,Kettlebell,2,None,0,Tall Kneeling,Double Arm,Continuous,Bottoms Up,Overhead,No Elevation,Single Exercise,Vertical Push,,,Sagittal Plane,,,Upper Body,Push,Compound,Unilateral,Bodybuilding
Alternating Double Kettlebell Bottoms Up Tall Kneeling Overhead Press,Intermediate,Shoulders,Anterior Deltoids,Triceps Brachii,,Kettlebell,2,None,0,Tall Kneeling,Double Arm,Alternating,Bottoms Up,Overhead,No Elevation,Single Exercise,Vertical Push,,,Sagittal Plane,,,Upper Body,Push,Compound,Unilateral,Bodybuilding
Alternating Double Kettlebell Tall Kneeling Overhead Press,Novice,Shoulders,Anterior Deltoids,Triceps Brachii,,Kettlebell,2,None,0,Tall Kneeling,Double Arm,Alternating,Pronated,Overhead,No Elevation,Single Exercise,Vertical Push,,,Sagittal Plane,,,Upper Body,Push,Compound,Unilateral,Bodybuilding
Alternating Double Kettlebell Half Kneeling Overhead Press,Novice,Shoulders,Anterior Deltoids,Triceps Brachii,,Kettlebell,2,None,0,Half Kneeling,Double Arm,Alternating,Pronated,Overhead,No Elevation,Single Exercise,Vertical Push,,,Sagittal Plane,,,Upper Body,Push,Compound,Unilateral,Bodybuilding
Double Kettlebell Bottoms Up Half Kneeling Overhead Press,Intermediate,Shoulders,Anterior Deltoids,Triceps Brachii,,Kettlebell,2,None,0,Half Kneeling,Double Arm,Continuous,Bottoms Up,Overhead,No Elevation,Single Exercise,Vertical Push,,,Sagittal Plane,,,Upper Body,Push,Compound,Unilateral,Bodybuilding
Alternating Double Kettlebell Bottoms Up Half Kneeling Overhead Press,Intermediate,Shoulders,Anterior Deltoids,Triceps Brachii,,Kettlebell,2,None,0,Half Kneeling,Double Arm,Alternating,Bottoms Up,Overhead,No Elevation,Single Exercise,Vertical Push,,,Sagittal Plane,,,Upper Body,Push,Compound,Unilateral,Bodybuilding
Double Kettlebell Tall Kneeling Seesaw Overhead Press,Novice,Shoulders,Anterior Deltoids,Triceps Brachii,,Kettlebell,2,None,0,Tall Kneeling,Double Arm,Alternating,Pronated,Overhead,No Elevation,Single Exercise,Vertical Push,,,Sagittal Plane,,,Upper Body,Push,Compound,Unilateral,Bodybuilding
Bodyweight Alternating Box Step Up,Novice,Quadriceps,Quadriceps Femoris,Gluteus Maximus,,Bodyweight,1,Plyo Box,1,Standing,No Arms,Continuous,No Grip,No Load,Foot Elevated (Front),Single Exercise,Knee Dominant,,,Sagittal Plane,,,Lower Body,Push,Compound,Unilateral,Calisthenics
Bodyweight Box Step Up,Novice,Quadriceps,Quadriceps Femoris,Gluteus Maximus,,Bodyweight,1,Plyo Box,1,Standing,No Arms,Continuous,No Grip,No Load,Foot Elevated (Front),Single Exercise,Knee Dominant,,,Sagittal Plane,,,Lower Body,Push,Compound,Unilateral,Unsorted*
Macebell Order Cossack Squat,Novice,Quadriceps,Quadriceps Femoris,Adductor Magnus,Gluteus Maximus,Macebell,1,None,0,Standing,Double Arm,Continuous,Neutral,Order,No Elevation,Single Exercise,Knee Dominant,,,Frontal Plane,,,Lower Body,Push,Compound,Unilateral,Bodybuilding
Macebell Order Alternating Cossack Squat,Novice,Quadriceps,Quadriceps Femoris,Adductor Magnus,Gluteus Maximus,Macebell,1,None,0,Standing,Double Arm,Continuous,Neutral,Order,No Elevation,Single Exercise,Knee Dominant,,,Frontal Plane,,,Lower Body,Push,Compound,Unilateral,Bodybuilding
Macebell Order Low Switch Cossack Squat,Intermediate,Quadriceps,Quadriceps Femoris,Adductor Magnus,Gluteus Maximus,Macebell,1,None,0,Standing,Double Arm,Continuous,Neutral,Order,No Elevation,Single Exercise,Knee Dominant,,,Frontal Plane,,,Lower Body,Push,Compound,Unilateral,Bodybuilding
Macebell Order Foot Elevated Cossack Squat,Intermediate,Quadriceps,Quadriceps Femoris,Adductor Magnus,Gluteus Maximus,Macebell,1,None,0,Standing,Double Arm,Continuous,Neutral,Order,Foot Elevated (Lateral),Single Exercise,Knee Dominant,,,Frontal Plane,,,Lower Body,Push,Compound,Unilateral,Bodybuilding
Alternating Single Arm Macebell 10 to 2,Intermediate,Shoulders,Posterior Deltoids,Rectus Abdominis,,Macebell,1,None,0,Standing,Single Arm,Alternating,Neutral,Overhead,No Elevation,Single Exercise,Rotational,,,Transverse Plane,,,Upper Body,Pull,Compound,Unilateral,Ballistics
Slider Archer Push Up,Advanced,Chest,Pectoralis Major,,,Sliders,1,None,0,Prone,Single Arm,Continuous,Flat Palm,No Load,No Elevation,Single Exercise,Horizontal Push,,,Frontal Plane,,,Upper Body,Push,Compound,Unilateral,Unsorted*
Suspension Archer Push Up,Advanced,Chest,Pectoralis Major,,,Suspension Trainer,1,None,0,Prone,Double Arm,Alternating,Neutral,No Load,No Elevation,Single Exercise,Horizontal Push,,,Frontal Plane,,,Upper Body,Push,Compound,Unilateral,Unsorted*
Heavy Sandbag Clean to Overhead Press,Intermediate,Shoulders,Anterior Deltoids,Triceps Brachii,Gluteus Maximus,Heavy Sandbag,1,None,0,Standing,Double Arm,Continuous,Neutral,Overhead,No Elevation,Combo Exercise,Vertical Push,Hip Hinge,,Sagittal Plane,,,Full Body,Push,Compound,Bilateral,Unsorted*
Superband Chaos Push Up,Advanced,Chest,Pectoralis Major,Triceps Brachii,,Superband,1,None,0,Prone,Double Arm,Continuous,Pronated,No Load,No Elevation,Single Exercise,Horizontal Push,,,Sagittal Plane,,,Upper Body,Push,Compound,Bilateral,Unsorted*
Double Kettlebell Bottoms Up Tall Kneeling Seesaw Overhead Press,Intermediate,Shoulders,Anterior Deltoids,Triceps Brachii,,Kettlebell,2,None,0,Tall Kneeling,Double Arm,Alternating,Bottoms Up,Overhead,No Elevation,Single Exercise,Vertical Push,,,Sagittal Plane,,,Upper Body,Push,Compound,Unilateral,Bodybuilding
Double Kettlebell Suitcase Walking Lunge,Novice,Quadriceps,Quadriceps Femoris,Gluteus Maximus,,Kettlebell,2,None,0,Walking,Double Arm,Continuous,Neutral,Suitcase,No Elevation,Single Exercise,Knee Dominant,,,Sagittal Plane,,,Lower Body,Push,Compound,Unilateral,Bodybuilding
Double Clubbell Order March,Novice,Abdominals,Rectus Abdominis,,,Clubbell,2,None,0,March,Double Arm,Continuous,Neutral,Order,No Elevation,Single Exercise,,,,Sagittal Plane,,,Midsection,Other,Compound,Unilateral,Balance
Single Arm Clubbell Order March,Novice,Abdominals,Rectus Abdominis,,,Clubbell,1,None,0,March,Single Arm,Continuous,Neutral,Order,No Elevation,Single Exercise,,,,Sagittal Plane,,,Midsection,Other,Compound,Unilateral,Balance
Resistance Band Alternating Bicep Curl,Beginner,Biceps,Biceps Brachii,Brachialis,Brachioradialis,Resistance Band,1,None,0,Standing,Double Arm,Alternating,Supinated,Other,No Elevation,Single Exercise,Elbow Flexion,,,Sagittal Plane,,,Upper Body,Pull,Isolation,Unilateral,Bodybuilding
Resistance Band Bicep Curl,Beginner,Biceps,Biceps Brachii,Brachialis,Brachioradialis,Resistance Band,1,None,0,Standing,Double Arm,Continuous,Supinated,Other,No Elevation,Single Exercise,Elbow Flexion,,,Sagittal Plane,,,Upper Body,Pull,Isolation,Bilateral,Bodybuilding
Resistance Band Chest Press,Beginner,Chest,Pectoralis Major,Triceps Brachii,Anterior Deltoids,Resistance Band,1,None,0,Standing,Double Arm,Continuous,Pronated,No Load,No Elevation,Single Exercise,Horizontal Push,,,Sagittal Plane,,,Upper Body,Push,Compound,Bilateral,Unsorted*
Resistance Band Alternating Chest Press,Beginner,Chest,Pectoralis Major,Triceps Brachii,Anterior Deltoids,Resistance Band,1,None,0,Standing,Double Arm,Alternating,Pronated,No Load,No Elevation,Single Exercise,Horizontal Push,,,Sagittal Plane,,,Upper Body,Push,Compound,Unilateral,Unsorted*
Single Arm Kettlebell Suitcase Walking Lunge,Novice,Quadriceps,Quadriceps Femoris,Gluteus Maximus,,Kettlebell,1,None,0,Walking,Single Arm,Continuous,Neutral,Suitcase,No Elevation,Single Exercise,Knee Dominant,Anti-Lateral Flexion,,Sagittal Plane,,,Lower Body,Push,Compound,Unilateral,Bodybuilding
Single Arm Kettlebell Front Rack Walking Lunge,Novice,Quadriceps,Quadriceps Femoris,Gluteus Maximus,,Kettlebell,1,None,0,Walking,Single Arm,Continuous,Neutral,Front Rack,No Elevation,Single Exercise,Knee Dominant,,,Sagittal Plane,,,Lower Body,Push,Compound,Unilateral,Bodybuilding
Single Arm Kettlebell Overhead Walking Lunge,Intermediate,Quadriceps,Quadriceps Femoris,Gluteus Maximus,,Kettlebell,1,None,0,Walking,Single Arm,Continuous,Neutral,Overhead,No Elevation,Single Exercise,Knee Dominant,,,Sagittal Plane,,,Lower Body,Push,Compound,Unilateral,Bodybuilding
Single Arm Kettlebell Bottoms Up Overhead Walking Lunge,Advanced,Quadriceps,Quadriceps Femoris,Gluteus Maximus,,Kettlebell,1,None,0,Walking,Single Arm,Continuous,Bottoms Up,Overhead,No Elevation,Single Exercise,Knee Dominant,,,Sagittal Plane,,,Lower Body,Push,Compound,Unilateral,Bodybuilding
Clubbell Inside Pendulum to Inside Pullover,Intermediate,Back,Latissimus Dorsi,Posterior Deltoids,Obliques,Clubbell,1,None,0,Standing,Double Arm,Continuous,Neutral,Behind Back,No Elevation,Combo Exercise,Rotational,,,Transverse Plane,,,Upper Body,Pull,Compound,Bilateral,Unsorted*
Single Arm Clubbell Inside Pendulum to Outside Pendulum,Intermediate,Abdominals,Obliques,Gluteus Maximus,,Clubbell,1,None,0,Standing,Single Arm,Continuous,Neutral,Other,No Elevation,Combo Exercise,Rotational,,,Transverse Plane,,,Full Body,Other,Compound,Unilateral,Ballistics
Clubbell Inside Pendulum,Intermediate,Abdominals,Obliques,Gluteus Maximus,,Clubbell,1,None,0,Standing,Double Arm,Continuous,Neutral,Other,No Elevation,Single Exercise,Rotational,,,Transverse Plane,,,Full Body,Other,Compound,Bilateral,Ballistics
Clubbell Inside Pendulum to Outside Pendulum,Intermediate,Abdominals,Obliques,Gluteus Maximus,,Clubbell,1,None,0,Standing,Double Arm,Continuous,Neutral,Other,No Elevation,Combo Exercise,Rotational,,,Transverse Plane,,,Full Body,Other,Compound,Bilateral,Ballistics
Single Arm Clubbell Outside Circle,Intermediate,Abdominals,Rectus Abdominis,Gluteus Maximus,Brachioradialis,Clubbell,1,None,0,Standing,Single Arm,Continuous,Neutral,Other,No Elevation,Single Exercise,Rotational,,,Transverse Plane,,,Full Body,Other,Compound,Unilateral,Ballistics
Alternating Double Clubbell Outside Circle,Intermediate,Abdominals,Rectus Abdominis,Gluteus Maximus,Brachioradialis,Clubbell,2,None,0,Standing,Double Arm,Alternating,Neutral,Other,No Elevation,Single Exercise,Rotational,,,Transverse Plane,,,Full Body,Other,Compound,Unilateral,Ballistics
Double Clubbell Inside Circle to Outside Circle,Intermediate,Abdominals,Rectus Abdominis,Gluteus Maximus,Brachioradialis,Clubbell,2,None,0,Standing,Double Arm,Continuous,Neutral,Order,No Elevation,Single Exercise,Rotational,,,Transverse Plane,,,Full Body,Other,Compound,Bilateral,Ballistics
Double Clubbell Front Flag Hold March,Novice,Abdominals,Rectus Abdominis,Anterior Deltoids,,Clubbell,2,None,0,March,Double Arm,Continuous,Neutral,Front Flag Hold,No Elevation,Single Exercise,,,,Sagittal Plane,,,Midsection,Other,Compound,Unilateral,Balance
Single Arm Clubbell Front Flag Hold March,Novice,Abdominals,Rectus Abdominis,Anterior Deltoids,,Clubbell,1,None,0,March,Single Arm,Continuous,Neutral,Front Flag Hold,No Elevation,Single Exercise,,,,Sagittal Plane,,,Midsection,Other,Compound,Unilateral,Balance
Single Arm Kettlebell Bottoms Up Front Rack Squat,Intermediate,Quadriceps,Quadriceps Femoris,Gluteus Maximus,,Kettlebell,1,None,0,Standing,Single Arm,Continuous,Bottoms Up,Front Rack,No Elevation,Single Exercise,Knee Dominant,,,Sagittal Plane,,,Lower Body,Push,Compound,Bilateral,Bodybuilding
Kettlebell Romanian Deadlift,Beginner,Hamstrings,Biceps Femoris,Gluteus Maximus,,Kettlebell,1,None,0,Standing,Double Arm,Continuous,Pronated,Other,No Elevation,Single Exercise,Hip Hinge,,,Sagittal Plane,,,Lower Body,Pull,Compound,Bilateral,Bodybuilding
Barbell Snatch Balance,Advanced,Quadriceps,Quadriceps Femoris,Gluteus Maximus,,Barbell,1,None,0,Standing,Double Arm,Continuous,Pronated,Overhead,No Elevation,Single Exercise,Knee Dominant,,,Sagittal Plane,,,Full Body,Unsorted*,Compound,Bilateral,Olympic Weightlifting
Clubbell Alternating Inside Pendulum to Inside Pullover,Intermediate,Back,Latissimus Dorsi,Posterior Deltoids,Obliques,Clubbell,1,None,0,Standing,Double Arm,Continuous,Neutral,Behind Back,No Elevation,Combo Exercise,Rotational,,,Transverse Plane,,,Upper Body,Pull,Compound,Bilateral,Unsorted*
Double Dumbbell Suitcase March,Novice,Abdominals,Rectus Abdominis,,,Dumbbell,2,None,0,March,Double Arm,Continuous,Neutral,Suitcase,No Elevation,Single Exercise,,,,Sagittal Plane,,,Midsection,Other,Compound,Unilateral,Balance
Single Arm Dumbbell Suitcase March,Novice,Abdominals,Rectus Abdominis,,,Dumbbell,1,None,0,March,Single Arm,Continuous,Neutral,Suitcase,No Elevation,Single Exercise,Anti-Lateral Flexion,,,Sagittal Plane,,,Midsection,Other,Compound,Unilateral,Balance
Double Dumbbell Front Rack March,Novice,Abdominals,Rectus Abdominis,,,Dumbbell,2,None,0,March,Double Arm,Continuous,Neutral,Front Rack,No Elevation,Single Exercise,,,,Sagittal Plane,,,Midsection,Other,Compound,Unilateral,Balance
Single Arm Dumbbell Front Rack March,Novice,Abdominals,Rectus Abdominis,,,Dumbbell,1,None,0,March,Single Arm,Continuous,Neutral,Front Rack,No Elevation,Single Exercise,,,,Sagittal Plane,,,Midsection,Other,Compound,Unilateral,Balance
Double Dumbbell Overhead March,Intermediate,Abdominals,Rectus Abdominis,,,Dumbbell,2,None,0,March,Double Arm,Continuous,Neutral,Overhead,No Elevation,Single Exercise,,,,Sagittal Plane,,,Midsection,Other,Compound,Unilateral,Balance
Single Arm Dumbbell Overhead March,Intermediate,Abdominals,Rectus Abdominis,,,Dumbbell,1,None,0,March,Single Arm,Continuous,Neutral,Overhead,No Elevation,Single Exercise,,,,Sagittal Plane,,,Midsection,Other,Compound,Unilateral,Balance
Barbell Front Rack March,Novice,Abdominals,Rectus Abdominis,,,Barbell,1,None,0,March,Double Arm,Continuous,Pronated,Front Rack,No Elevation,Single Exercise,,,,Sagittal Plane,,,Midsection,Other,Compound,Unilateral,Balance
Barbell Back Rack March,Novice,Abdominals,Rectus Abdominis,,,Barbell,1,None,0,March,Double Arm,Continuous,Pronated,Back Rack,No Elevation,Single Exercise,,,,Sagittal Plane,,,Midsection,Other,Compound,Unilateral,Balance
Barbell Back Rack Alternating Forward Lunge,Intermediate,Quadriceps,Quadriceps Femoris,Gluteus Maximus,,Barbell,1,None,0,Standing,Double Arm,Continuous,Pronated,Back Rack,No Elevation,Single Exercise,Knee Dominant,,,Sagittal Plane,,,Lower Body,Push,Compound,Unilateral,Bodybuilding
Barbell Back Rack Alternating Reverse Lunge,Intermediate,Quadriceps,Quadriceps Femoris,Gluteus Maximus,Biceps Femoris,Barbell,1,None,0,Standing,Double Arm,Continuous,Pronated,Back Rack,No Elevation,Single Exercise,Knee Dominant,,,Sagittal Plane,,,Lower Body,Push,Compound,Unilateral,Bodybuilding
Barbell Overhead Alternating Lateral Lunge,Advanced,Quadriceps,Quadriceps Femoris,Gluteus Maximus,,Barbell,1,None,0,Standing,Double Arm,Continuous,Pronated,Overhead,No Elevation,Single Exercise,Knee Dominant,,,Frontal Plane,,,Lower Body,Push,Compound,Unilateral,Bodybuilding
Barbell Front Rack Alternating Lateral Lunge,Intermediate,Quadriceps,Quadriceps Femoris,Gluteus Maximus,,Barbell,1,None,0,Standing,Double Arm,Continuous,Pronated,Front Rack,No Elevation,Single Exercise,Knee Dominant,,,Frontal Plane,,,Lower Body,Push,Compound,Unilateral,Bodybuilding
Barbell Back Rack Alternating Lateral Lunge,Intermediate,Quadriceps,Quadriceps Femoris,Gluteus Maximus,,Barbell,1,None,0,Standing,Double Arm,Continuous,Pronated,Back Rack,No Elevation,Single Exercise,Knee Dominant,,,Frontal Plane,,,Lower Body,Push,Compound,Unilateral,Bodybuilding
Kettlebell Single Leg Romanian Deadlift,Intermediate,Hamstrings,Biceps Femoris,Gluteus Maximus,,Kettlebell,1,None,0,Single Leg Standing,Double Arm,Continuous,Neutral,Other,No Elevation,Single Exercise,Hip Hinge,,,Sagittal Plane,,,Lower Body,Pull,Compound,Unilateral,Bodybuilding
Single Arm Kettlebell Arm Bar,Novice,Shoulders,Infraspinatus,Subscapularis,Obliques,Kettlebell,1,None,0,Supine,Single Arm,Continuous,Neutral,Overhead,No Elevation,Single Exercise,Rotational,,,Transverse Plane,,,Upper Body,Other,Compound,Unilateral,Mobility
Single Arm Kettlebell Bottoms Up Arm Bar,Intermediate,Shoulders,Infraspinatus,Subscapularis,Obliques,Kettlebell,1,None,0,Supine,Single Arm,Continuous,Neutral,Overhead,No Elevation,Single Exercise,Rotational,,,Transverse Plane,,,Upper Body,Other,Compound,Unilateral,Mobility
Single Arm Kettlebell Bottoms Up Arm Bar Rotation,Intermediate,Shoulders,Infraspinatus,Subscapularis,Obliques,Kettlebell,1,None,0,Supine,Single Arm,Continuous,Neutral,Overhead,No Elevation,Single Exercise,Rotational,,,Transverse Plane,,,Upper Body,Other,Compound,Unilateral,Mobility
Single Arm Kettlebell Front Rack Contralateral Pistol Squat,Advanced,Quadriceps,Quadriceps Femoris,Gluteus Maximus,,Kettlebell,1,None,0,Single Leg Standing,Single Arm,Continuous,Neutral,Front Rack,No Elevation,Single Exercise,Knee Dominant,,,Sagittal Plane,,,Lower Body,Push,Compound,Contralateral,Balance
Single Arm Kettlebell Front Rack Ipsilateral Pistol Squat,Advanced,Quadriceps,Quadriceps Femoris,Gluteus Maximus,,Kettlebell,1,None,0,Single Leg Standing,Single Arm,Continuous,Neutral,Front Rack,No Elevation,Single Exercise,Knee Dominant,,,Sagittal Plane,,,Lower Body,Push,Compound,Ipsilateral,Balance
Single Arm Kettlebell Bottoms Up Front Rack Contralateral Pistol Squat,Expert,Quadriceps,Quadriceps Femoris,Gluteus Maximus,,Kettlebell,1,None,0,Single Leg Standing,Single Arm,Continuous,Bottoms Up,Front Rack,No Elevation,Single Exercise,Knee Dominant,,,Sagittal Plane,,,Lower Body,Push,Compound,Contralateral,Balance
Single Arm Kettlebell Bottoms Up Front Rack Ipsilateral Pistol Squat,Expert,Quadriceps,Quadriceps Femoris,Gluteus Maximus,,Kettlebell,1,None,0,Single Leg Standing,Single Arm,Continuous,Bottoms Up,Front Rack,No Elevation,Single Exercise,Knee Dominant,,,Sagittal Plane,,,Lower Body,Push,Compound,Ipsilateral,Balance
Kettlebell Horn Grip Pistol Squat,Advanced,Quadriceps,Quadriceps Femoris,Gluteus Maximus,,Kettlebell,1,None,0,Single Leg Standing,Double Arm,Continuous,Horn Grip,Front Rack,No Elevation,Single Exercise,Knee Dominant,,,Sagittal Plane,,,Lower Body,Push,Compound,Unilateral,Balance
Single Arm Kettlebell Overhead Contralateral Pistol Squat,Expert,Quadriceps,Quadriceps Femoris,Gluteus Maximus,,Kettlebell,1,None,0,Single Leg Standing,Single Arm,Continuous,Pronated,Overhead,No Elevation,Single Exercise,Knee Dominant,,,Sagittal Plane,,,Lower Body,Push,Compound,Contralateral,Balance
Single Arm Kettlebell Overhead Ipsilateral Pistol Squat,Expert,Quadriceps,Quadriceps Femoris,Gluteus Maximus,,Kettlebell,1,None,0,Single Leg Standing,Single Arm,Continuous,Pronated,Overhead,No Elevation,Single Exercise,Knee Dominant,,,Sagittal Plane,,,Lower Body,Push,Compound,Ipsilateral,Balance
Single Arm Kettlebell Bottoms Up Overhead Contralateral Pistol Squat,Expert,Quadriceps,Quadriceps Femoris,Gluteus Maximus,,Kettlebell,1,None,0,Single Leg Standing,Single Arm,Continuous,Bottoms Up,Overhead,No Elevation,Single Exercise,Knee Dominant,,,Sagittal Plane,,,Lower Body,Push,Compound,Contralateral,Balance
Single Arm Kettlebell Bottoms Up Overhead Ipsilateral Pistol Squat,Expert,Quadriceps,Quadriceps Femoris,Gluteus Maximus,,Kettlebell,1,None,0,Single Leg Standing,Single Arm,Continuous,Bottoms Up,Overhead,No Elevation,Single Exercise,Knee Dominant,,,Sagittal Plane,,,Lower Body,Push,Compound,Ipsilateral,Balance
Double Kettlebell L Sit,Advanced,Abdominals,Rectus Abdominis,,,Kettlebell,2,None,0,L Sit,Double Arm,Continuous,Neutral,No Load,No Elevation,Single Exercise,Isometric Hold,,,Sagittal Plane,,,Midsection,Other,Compound,Bilateral,Calisthenics
Double Kettlebell L Sit Lift Over,Advanced,Abdominals,Rectus Abdominis,,,Kettlebell,2,None,0,L Sit,Double Arm,Continuous,Neutral,No Load,No Elevation,Single Exercise,Isometric Hold,,,Frontal Plane,Sagittal Plane,,Midsection,Other,Compound,Bilateral,Calisthenics
Single Arm Kettlebell Bottoms Up Windmill,Advanced,Abdominals,Obliques,,,Kettlebell,1,None,0,Standing,Single Arm,Continuous,Bottoms Up,Overhead,No Elevation,Single Exercise,Rotational,,,Transverse Plane,,,Midsection,Other,Compound,Unilateral,Grinds
Single Arm Kettlebell Bottoms Up Bent Press,Advanced,Shoulders,Anterior Deltoids,Triceps Brachii,,Kettlebell,1,None,0,Standing,Single Arm,Continuous,Bottoms Up,Overhead,No Elevation,Single Exercise,Rotational,Vertical Push,,Transverse Plane,,,Unsorted*,Push,Compound,Unilateral,Grinds
Single Arm Kettlebell Bottoms Up Half Kneeling Bent Press,Advanced,Shoulders,Anterior Deltoids,Triceps Brachii,,Kettlebell,1,None,0,Half Kneeling,Single Arm,Continuous,Bottoms Up,Overhead,No Elevation,Single Exercise,Rotational,Vertical Push,,Transverse Plane,,,Unsorted*,Push,Compound,Unilateral,Grinds
Double Kettlebell Push Up,Intermediate,Chest,Pectoralis Major,Triceps Brachii,,Kettlebell,2,None,0,Prone,Double Arm,Continuous,Neutral,No Load,No Elevation,Single Exercise,Horizontal Push,,,Sagittal Plane,,,Upper Body,Push,Compound,Bilateral,Calisthenics
Double Kettlebell Overhead March,Intermediate,Abdominals,Rectus Abdominis,,,Kettlebell,2,None,0,March,Double Arm,Continuous,Pronated,Overhead,No Elevation,Single Exercise,,,,Sagittal Plane,,,Midsection,Other,Compound,Unilateral,Balance
Single Arm Kettlebell Overhead March,Intermediate,Abdominals,Rectus Abdominis,,,Kettlebell,1,None,0,March,Single Arm,Continuous,Pronated,Overhead,No Elevation,Single Exercise,,,,Sagittal Plane,,,Midsection,Other,Compound,Unilateral,Balance
Double Kettlebell Suitcase Alternating Forward Lunge,Novice,Quadriceps,Quadriceps Femoris,Gluteus Maximus,,Kettlebell,2,None,0,Standing,Double Arm,Continuous,Neutral,Suitcase,No Elevation,Single Exercise,Knee Dominant,,,Sagittal Plane,,,Lower Body,Push,Compound,Unilateral,Bodybuilding
Double Kettlebell Suitcase Alternating Lateral Lunge,Novice,Quadriceps,Quadriceps Femoris,Gluteus Maximus,,Kettlebell,2,None,0,Standing,Double Arm,Continuous,Neutral,Suitcase,No Elevation,Single Exercise,Knee Dominant,,,Frontal Plane,,,Lower Body,Push,Compound,Unilateral,Bodybuilding
Double Kettlebell Front Rack Alternating Lateral Lunge,Novice,Quadriceps,Quadriceps Femoris,Gluteus Maximus,,Kettlebell,2,None,0,Standing,Double Arm,Continuous,Neutral,Front Rack,No Elevation,Single Exercise,Knee Dominant,,,Frontal Plane,,,Lower Body,Push,Compound,Unilateral,Bodybuilding
Double Kettlebell Front Rack Alternating Forward Lunge,Novice,Quadriceps,Quadriceps Femoris,Gluteus Maximus,,Kettlebell,2,None,0,Standing,Double Arm,Continuous,Neutral,Front Rack,No Elevation,Single Exercise,Knee Dominant,,,Sagittal Plane,,,Lower Body,Push,Compound,Unilateral,Bodybuilding
Double Kettlebell Front Rack Alternating Reverse Lunge,Novice,Quadriceps,Quadriceps Femoris,Gluteus Maximus,Biceps Femoris,Kettlebell,2,None,0,Standing,Double Arm,Continuous,Neutral,Front Rack,No Elevation,Single Exercise,Knee Dominant,,,Sagittal Plane,,,Lower Body,Push,Compound,Unilateral,Bodybuilding
Double Kettlebell Bottoms Up Front Rack Alternating Lateral Lunge,Intermediate,Quadriceps,Quadriceps Femoris,Gluteus Maximus,,Kettlebell,2,None,0,Standing,Double Arm,Continuous,Bottoms Up,Front Rack,No Elevation,Single Exercise,Knee Dominant,,,Frontal Plane,,,Lower Body,Push,Compound,Unilateral,Bodybuilding
Double Kettlebell Bottoms Up Front Rack Alternating Forward Lunge,Intermediate,Quadriceps,Quadriceps Femoris,Gluteus Maximus,,Kettlebell,2,None,0,Standing,Double Arm,Continuous,Bottoms Up,Front Rack,No Elevation,Single Exercise,Knee Dominant,,,Sagittal Plane,,,Lower Body,Push,Compound,Unilateral,Bodybuilding
Double Kettlebell Bottoms Up Front Rack Alternating Reverse Lunge,Intermediate,Quadriceps,Quadriceps Femoris,Gluteus Maximus,Biceps Femoris,Kettlebell,2,None,0,Standing,Double Arm,Continuous,Bottoms Up,Front Rack,No Elevation,Single Exercise,Knee Dominant,,,Sagittal Plane,,,Lower Body,Push,Compound,Unilateral,Bodybuilding
Double Dumbbell Suitcase Alternating Lateral Lunge,Novice,Quadriceps,Quadriceps Femoris,Gluteus Maximus,,Dumbbell,2,None,0,Standing,Double Arm,Continuous,Neutral,Suitcase,No Elevation,Single Exercise,Knee Dominant,,,Frontal Plane,,,Lower Body,Push,Compound,Unilateral,Bodybuilding
Double Dumbbell Front Rack Alternating Lateral Lunge,Novice,Quadriceps,Quadriceps Femoris,Gluteus Maximus,,Dumbbell,2,None,0,Standing,Double Arm,Continuous,Neutral,Front Rack,No Elevation,Single Exercise,Knee Dominant,,,Frontal Plane,,,Lower Body,Push,Compound,Unilateral,Bodybuilding
Double Dumbbell Front Rack Alternating Forward Lunge,Novice,Quadriceps,Quadriceps Femoris,Gluteus Maximus,,Dumbbell,2,None,0,Standing,Double Arm,Continuous,Neutral,Front Rack,No Elevation,Single Exercise,Knee Dominant,,,Sagittal Plane,,,Lower Body,Push,Compound,Unilateral,Bodybuilding
Double Dumbbell Front Rack Alternating Reverse Lunge,Novice,Quadriceps,Quadriceps Femoris,Gluteus Maximus,Biceps Femoris,Dumbbell,2,None,0,Standing,Double Arm,Continuous,Neutral,Front Rack,No Elevation,Single Exercise,Knee Dominant,,,Sagittal Plane,,,Lower Body,Push,Compound,Unilateral,Bodybuilding
Double Dumbbell Overhead Alternating Lateral Lunge,Intermediate,Quadriceps,Quadriceps Femoris,Gluteus Maximus,,Dumbbell,2,None,0,Standing,Double Arm,Continuous,Neutral,Overhead,No Elevation,Single Exercise,Knee Dominant,,,Frontal Plane,,,Lower Body,Push,Compound,Unilateral,Bodybuilding
Double Dumbbell Overhead Alternating Forward Lunge,Intermediate,Quadriceps,Quadriceps Femoris,Gluteus Maximus,,Dumbbell,2,None,0,Standing,Double Arm,Continuous,Neutral,Overhead,No Elevation,Single Exercise,Knee Dominant,,,Sagittal Plane,,,Lower Body,Push,Compound,Unilateral,Bodybuilding
Double Dumbbell Overhead Alternating Reverse Lunge,Intermediate,Quadriceps,Quadriceps Femoris,Gluteus Maximus,Biceps Femoris,Dumbbell,2,None,0,Standing,Double Arm,Continuous,Neutral,Overhead,No Elevation,Single Exercise,Knee Dominant,,,Sagittal Plane,,,Lower Body,Push,Compound,Unilateral,Bodybuilding
Single Arm Dumbbell Suitcase Alternating Forward Lunge,Novice,Quadriceps,Quadriceps Femoris,Gluteus Maximus,,Dumbbell,1,None,0,Standing,Single Arm,Continuous,Neutral,Suitcase,No Elevation,Single Exercise,Knee Dominant,,,Sagittal Plane,,,Lower Body,Push,Compound,Unilateral,Bodybuilding
Single Arm Dumbbell Suitcase Alternating Reverse Lunge,Novice,Quadriceps,Quadriceps Femoris,Gluteus Maximus,Biceps Femoris,Dumbbell,1,None,0,Standing,Single Arm,Continuous,Neutral,Suitcase,No Elevation,Single Exercise,Knee Dominant,,,Sagittal Plane,,,Lower Body,Push,Compound,Unilateral,Bodybuilding
Alternating Single Arm Dumbbell Low Hold Alternating Lateral Lunge,Novice,Quadriceps,Quadriceps Femoris,Gluteus Maximus,,Dumbbell,1,None,0,Standing,Single Arm,Continuous,Neutral,Low Hold,No Elevation,Single Exercise,Knee Dominant,,,Frontal Plane,,,Lower Body,Push,Compound,Unilateral,Bodybuilding
Single Arm Dumbbell Front Rack Alternating Lateral Lunge,Novice,Quadriceps,Quadriceps Femoris,Gluteus Maximus,,Dumbbell,1,None,0,Standing,Single Arm,Continuous,Neutral,Front Rack,No Elevation,Single Exercise,Knee Dominant,,,Frontal Plane,,,Lower Body,Push,Compound,Unilateral,Bodybuilding
Single Arm Dumbbell Front Rack Alternating Forward Lunge,Novice,Quadriceps,Quadriceps Femoris,Gluteus Maximus,,Dumbbell,1,None,0,Standing,Single Arm,Continuous,Neutral,Front Rack,No Elevation,Single Exercise,Knee Dominant,,,Sagittal Plane,,,Lower Body,Push,Compound,Unilateral,Bodybuilding
Single Arm Dumbbell Front Rack Alternating Reverse Lunge,Novice,Quadriceps,Quadriceps Femoris,Gluteus Maximus,Biceps Femoris,Dumbbell,1,None,0,Standing,Single Arm,Continuous,Neutral,Front Rack,No Elevation,Single Exercise,Knee Dominant,,,Sagittal Plane,,,Lower Body,Push,Compound,Unilateral,Bodybuilding
Single Arm Dumbbell Overhead Alternating Lateral Lunge,Intermediate,Quadriceps,Quadriceps Femoris,Gluteus Maximus,,Dumbbell,1,None,0,Standing,Single Arm,Continuous,Neutral,Overhead,No Elevation,Single Exercise,Knee Dominant,,,Frontal Plane,,,Lower Body,Push,Compound,Unilateral,Bodybuilding
Single Arm Dumbbell Overhead Alternating Forward Lunge,Intermediate,Quadriceps,Quadriceps Femoris,Gluteus Maximus,,Dumbbell,1,None,0,Standing,Single Arm,Continuous,Neutral,Overhead,No Elevation,Single Exercise,Knee Dominant,,,Sagittal Plane,,,Lower Body,Push,Compound,Unilateral,Bodybuilding
Single Arm Dumbbell Overhead Alternating Reverse Lunge,Intermediate,Quadriceps,Quadriceps Femoris,Gluteus Maximus,Biceps Femoris,Dumbbell,1,None,0,Standing,Single Arm,Continuous,Neutral,Overhead,No Elevation,Single Exercise,Knee Dominant,,,Sagittal Plane,,,Lower Body,Push,Compound,Unilateral,Bodybuilding
Double Kettlebell Overhead Alternating Lateral Lunge,Intermediate,Quadriceps,Quadriceps Femoris,Gluteus Maximus,,Kettlebell,2,None,0,Standing,Double Arm,Continuous,Pronated,Overhead,No Elevation,Single Exercise,Knee Dominant,,,Frontal Plane,,,Lower Body,Push,Compound,Unilateral,Bodybuilding
Double Kettlebell Overhead Alternating Forward Lunge,Intermediate,Quadriceps,Quadriceps Femoris,Gluteus Maximus,,Kettlebell,2,None,0,Standing,Double Arm,Continuous,Pronated,Overhead,No Elevation,Single Exercise,Knee Dominant,,,Sagittal Plane,,,Lower Body,Push,Compound,Unilateral,Bodybuilding
Double Kettlebell Overhead Alternating Reverse Lunge,Intermediate,Quadriceps,Quadriceps Femoris,Gluteus Maximus,Biceps Femoris,Kettlebell,2,None,0,Standing,Double Arm,Continuous,Pronated,Overhead,No Elevation,Single Exercise,Knee Dominant,,,Sagittal Plane,,,Lower Body,Push,Compound,Unilateral,Bodybuilding
Dumbbell Goblet Alternating Lateral Lunge,Novice,Quadriceps,Quadriceps Femoris,Gluteus Maximus,,Dumbbell,1,None,0,Standing,Double Arm,Continuous,Goblet,Front Rack,No Elevation,Single Exercise,Knee Dominant,,,Frontal Plane,,,Lower Body,Push,Compound,Unilateral,Bodybuilding
Dumbbell Goblet Alternating Forward Lunge,Novice,Quadriceps,Quadriceps Femoris,Gluteus Maximus,,Dumbbell,1,None,0,Standing,Double Arm,Continuous,Goblet,Front Rack,No Elevation,Single Exercise,Knee Dominant,,,Sagittal Plane,,,Lower Body,Push,Compound,Unilateral,Bodybuilding
Dumbbell Goblet Alternating Reverse Lunge,Novice,Quadriceps,Quadriceps Femoris,Gluteus Maximus,Biceps Femoris,Dumbbell,1,None,0,Standing,Double Arm,Continuous,Goblet,Front Rack,No Elevation,Single Exercise,Knee Dominant,,,Sagittal Plane,,,Lower Body,Push,Compound,Unilateral,Bodybuilding
Clubbell Order Alternating Lateral Lunge,Novice,Quadriceps,Quadriceps Femoris,Gluteus Maximus,,Clubbell,1,None,0,Standing,Double Arm,Continuous,Neutral,Order,No Elevation,Single Exercise,Knee Dominant,,,Frontal Plane,,,Lower Body,Push,Compound,Unilateral,Bodybuilding
Clubbell Order Alternating Forward Lunge,Novice,Quadriceps,Quadriceps Femoris,Gluteus Maximus,,Clubbell,1,None,0,Standing,Double Arm,Continuous,Neutral,Order,No Elevation,Single Exercise,Knee Dominant,,,Sagittal Plane,,,Lower Body,Push,Compound,Unilateral,Bodybuilding
Clubbell Order Alternating Reverse Lunge,Novice,Quadriceps,Quadriceps Femoris,Gluteus Maximus,Biceps Femoris,Clubbell,1,None,0,Standing,Double Arm,Continuous,Neutral,Order,No Elevation,Single Exercise,Knee Dominant,,,Sagittal Plane,,,Lower Body,Push,Compound,Unilateral,Bodybuilding
Double Clubbell Order Alternating Lateral Lunge,Novice,Quadriceps,Quadriceps Femoris,Gluteus Maximus,,Clubbell,2,None,0,Standing,Double Arm,Continuous,Neutral,Order,No Elevation,Single Exercise,Knee Dominant,,,Frontal Plane,,,Lower Body,Push,Compound,Unilateral,Bodybuilding
Double Clubbell Order Alternating Forward Lunge,Novice,Quadriceps,Quadriceps Femoris,Gluteus Maximus,,Clubbell,2,None,0,Standing,Double Arm,Continuous,Neutral,Order,No Elevation,Single Exercise,Knee Dominant,,,Sagittal Plane,,,Lower Body,Push,Compound,Unilateral,Bodybuilding
Double Clubbell Order Alternating Reverse Lunge,Novice,Quadriceps,Quadriceps Femoris,Gluteus Maximus,Biceps Femoris,Clubbell,2,None,0,Standing,Double Arm,Continuous,Neutral,Order,No Elevation,Single Exercise,Knee Dominant,,,Sagittal Plane,,,Lower Body,Push,Compound,Unilateral,Bodybuilding
Single Arm Clubbell Order Alternating Lateral Lunge,Novice,Quadriceps,Quadriceps Femoris,Gluteus Maximus,,Clubbell,1,None,0,Standing,Single Arm,Continuous,Neutral,Order,No Elevation,Single Exercise,Knee Dominant,,,Frontal Plane,,,Lower Body,Push,Compound,Unilateral,Bodybuilding
Single Arm Clubbell Order Alternating Forward Lunge,Novice,Quadriceps,Quadriceps Femoris,Gluteus Maximus,,Clubbell,1,None,0,Standing,Single Arm,Continuous,Neutral,Order,No Elevation,Single Exercise,Knee Dominant,,,Sagittal Plane,,,Lower Body,Push,Compound,Unilateral,Bodybuilding
Single Arm Clubbell Order Alternating Reverse Lunge,Novice,Quadriceps,Quadriceps Femoris,Gluteus Maximus,Biceps Femoris,Clubbell,1,None,0,Standing,Single Arm,Continuous,Neutral,Order,No Elevation,Single Exercise,Knee Dominant,,,Sagittal Plane,,,Lower Body,Push,Compound,Unilateral,Bodybuilding
Clubbell Front Flag Hold Alternating Lateral Lunge,Novice,Quadriceps,Quadriceps Femoris,Gluteus Maximus,,Clubbell,1,None,0,Standing,Double Arm,Continuous,Neutral,Front Flag Hold,No Elevation,Single Exercise,Knee Dominant,,,Frontal Plane,,,Lower Body,Push,Compound,Unilateral,Bodybuilding
Clubbell Front Flag Hold Alternating Forward Lunge,Novice,Quadriceps,Quadriceps Femoris,Gluteus Maximus,,Clubbell,1,None,0,Standing,Double Arm,Continuous,Neutral,Front Flag Hold,No Elevation,Single Exercise,Knee Dominant,,,Sagittal Plane,,,Lower Body,Push,Compound,Unilateral,Bodybuilding
Clubbell Front Flag Hold Alternating Reverse Lunge,Novice,Quadriceps,Quadriceps Femoris,Gluteus Maximus,Biceps Femoris,Clubbell,1,None,0,Standing,Double Arm,Continuous,Neutral,Front Flag Hold,No Elevation,Single Exercise,Knee Dominant,,,Sagittal Plane,,,Lower Body,Push,Compound,Unilateral,Bodybuilding
Double Clubbell Front Flag Hold Alternating Lateral Lunge,Novice,Quadriceps,Quadriceps Femoris,Gluteus Maximus,,Clubbell,2,None,0,Standing,Double Arm,Continuous,Neutral,Front Flag Hold,No Elevation,Single Exercise,Knee Dominant,,,Frontal Plane,,,Lower Body,Push,Compound,Unilateral,Bodybuilding
Double Clubbell Front Flag Hold Alternating Forward Lunge,Novice,Quadriceps,Quadriceps Femoris,Gluteus Maximus,,Clubbell,2,None,0,Standing,Double Arm,Continuous,Neutral,Front Flag Hold,No Elevation,Single Exercise,Knee Dominant,,,Sagittal Plane,,,Lower Body,Push,Compound,Unilateral,Bodybuilding
Double Clubbell Front Flag Hold Alternating Reverse Lunge,Novice,Quadriceps,Quadriceps Femoris,Gluteus Maximus,Biceps Femoris,Clubbell,2,None,0,Standing,Double Arm,Continuous,Neutral,Front Flag Hold,No Elevation,Single Exercise,Knee Dominant,,,Sagittal Plane,,,Lower Body,Push,Compound,Unilateral,Bodybuilding
Single Arm Clubbell Front Flag Hold Alternating Lateral Lunge,Novice,Quadriceps,Quadriceps Femoris,Gluteus Maximus,,Clubbell,1,None,0,Standing,Single Arm,Continuous,Neutral,Front Flag Hold,No Elevation,Single Exercise,Knee Dominant,,,Frontal Plane,,,Lower Body,Push,Compound,Unilateral,Bodybuilding
Single Arm Clubbell Front Flag Hold Alternating Forward Lunge,Novice,Quadriceps,Quadriceps Femoris,Gluteus Maximus,,Clubbell,1,None,0,Standing,Single Arm,Continuous,Neutral,Front Flag Hold,No Elevation,Single Exercise,Knee Dominant,,,Sagittal Plane,,,Lower Body,Push,Compound,Unilateral,Bodybuilding
Single Arm Clubbell Front Flag Hold Alternating Reverse Lunge,Novice,Quadriceps,Quadriceps Femoris,Gluteus Maximus,Biceps Femoris,Clubbell,1,None,0,Standing,Single Arm,Continuous,Neutral,Front Flag Hold,No Elevation,Single Exercise,Knee Dominant,,,Sagittal Plane,,,Lower Body,Push,Compound,Unilateral,Bodybuilding
Landmine Low Hold Alternating Lateral Lunge,Novice,Quadriceps,Quadriceps Femoris,Gluteus Maximus,,Landmine,1,None,0,Standing,Double Arm,Continuous,Neutral,Low Hold,No Elevation,Single Exercise,Knee Dominant,,,Frontal Plane,,,Lower Body,Push,Compound,Unilateral,Bodybuilding
Landmine Goblet Alternating Lateral Lunge,Novice,Quadriceps,Quadriceps Femoris,Gluteus Maximus,,Landmine,1,None,0,Standing,Double Arm,Continuous,Goblet,Front Rack,No Elevation,Single Exercise,Knee Dominant,,,Frontal Plane,,,Lower Body,Push,Compound,Unilateral,Bodybuilding
Landmine Goblet Alternating Reverse Lunge,Novice,Quadriceps,Quadriceps Femoris,Gluteus Maximus,Biceps Femoris,Landmine,1,None,0,Standing,Double Arm,Continuous,Goblet,Front Rack,No Elevation,Single Exercise,Knee Dominant,,,Sagittal Plane,,,Lower Body,Push,Compound,Unilateral,Bodybuilding
Macebell Order Alternating Lateral Lunge,Novice,Quadriceps,Quadriceps Femoris,Gluteus Maximus,,Macebell,1,None,0,Standing,Double Arm,Continuous,Neutral,Order,No Elevation,Single Exercise,Knee Dominant,,,Frontal Plane,,,Lower Body,Push,Compound,Unilateral,Bodybuilding
Macebell Order Alternating Forward Lunge,Novice,Quadriceps,Quadriceps Femoris,Gluteus Maximus,,Macebell,1,None,0,Standing,Double Arm,Continuous,Neutral,Order,No Elevation,Single Exercise,Knee Dominant,,,Sagittal Plane,,,Lower Body,Push,Compound,Unilateral,Bodybuilding
Macebell Order Alternating Reverse Lunge,Novice,Quadriceps,Quadriceps Femoris,Gluteus Maximus,Biceps Femoris,Macebell,1,None,0,Standing,Double Arm,Continuous,Neutral,Order,No Elevation,Single Exercise,Knee Dominant,,,Sagittal Plane,,,Lower Body,Push,Compound,Unilateral,Bodybuilding
Double Kettlebell Bottoms Up Overhead Alternating Lateral Lunge,Advanced,Quadriceps,Quadriceps Femoris,Gluteus Maximus,,Kettlebell,2,None,0,Standing,Double Arm,Continuous,Bottoms Up,Overhead,No Elevation,Single Exercise,Knee Dominant,,,Frontal Plane,,,Lower Body,Push,Compound,Unilateral,Bodybuilding
Double Kettlebell Bottoms Up Overhead Alternating Forward Lunge,Advanced,Quadriceps,Quadriceps Femoris,Gluteus Maximus,,Kettlebell,2,None,0,Standing,Double Arm,Continuous,Bottoms Up,Overhead,No Elevation,Single Exercise,Knee Dominant,,,Sagittal Plane,,,Lower Body,Push,Compound,Unilateral,Bodybuilding
Double Kettlebell Bottoms Up Overhead Alternating Reverse Lunge,Advanced,Quadriceps,Quadriceps Femoris,Gluteus Maximus,Biceps Femoris,Kettlebell,2,None,0,Standing,Double Arm,Continuous,Bottoms Up,Overhead,No Elevation,Single Exercise,Knee Dominant,,,Sagittal Plane,,,Lower Body,Push,Compound,Unilateral,Bodybuilding
Single Arm Kettlebell Suitcase Alternating Forward Lunge,Novice,Quadriceps,Quadriceps Femoris,Gluteus Maximus,,Kettlebell,1,None,0,Standing,Single Arm,Continuous,Neutral,Suitcase,No Elevation,Single Exercise,Knee Dominant,,,Sagittal Plane,,,Lower Body,Push,Compound,Unilateral,Bodybuilding
Double Dumbbell Front Rack Cyclist Squat,Novice,Quadriceps,Quadriceps Femoris,Gluteus Maximus,,Dumbbell,2,Slant Board,1,Standing,Double Arm,Continuous,Neutral,Front Rack,Heels Elevated,Single Exercise,Knee Dominant,,,Sagittal Plane,,,Lower Body,Push,Compound,Bilateral,Bodybuilding
Double Dumbbell Overhead Cyclist Squat,Intermediate,Quadriceps,Quadriceps Femoris,Gluteus Maximus,,Dumbbell,2,Slant Board,1,Standing,Double Arm,Continuous,Neutral,Overhead,Heels Elevated,Single Exercise,Knee Dominant,,,Sagittal Plane,,,Lower Body,Push,Compound,Bilateral,Bodybuilding
Single Arm Dumbbell Front Rack Cyclist Squat,Novice,Quadriceps,Quadriceps Femoris,Gluteus Maximus,,Dumbbell,1,Slant Board,1,Standing,Single Arm,Continuous,Neutral,Front Rack,Heels Elevated,Single Exercise,Knee Dominant,,,Sagittal Plane,,,Lower Body,Push,Compound,Unilateral,Bodybuilding
Single Arm Dumbbell Overhead Cyclist Squat,Intermediate,Quadriceps,Quadriceps Femoris,Gluteus Maximus,,Dumbbell,1,Slant Board,1,Standing,Single Arm,Continuous,Neutral,Overhead,Heels Elevated,Single Exercise,Knee Dominant,,,Sagittal Plane,,,Lower Body,Push,Compound,Unilateral,Bodybuilding
Bodyweight Alternating Lateral Lunge,Beginner,Quadriceps,Quadriceps Femoris,Gluteus Maximus,,Bodyweight,1,None,0,Standing,No Arms,Continuous,No Grip,No Load,No Elevation,Single Exercise,Knee Dominant,,,Frontal Plane,,,Lower Body,Push,Compound,Unilateral,Bodybuilding
Bodyweight Alternating Forward Lunge,Beginner,Quadriceps,Quadriceps Femoris,Gluteus Maximus,,Bodyweight,1,None,0,Standing,No Arms,Continuous,No Grip,No Load,No Elevation,Single Exercise,Knee Dominant,,,Sagittal Plane,,,Lower Body,Push,Compound,Unilateral,Bodybuilding
Bodyweight Alternating Reverse Lunge,Beginner,Quadriceps,Quadriceps Femoris,Gluteus Maximus,Biceps Femoris,Bodyweight,1,None,0,Standing,No Arms,Continuous,No Grip,No Load,No Elevation,Single Exercise,Knee Dominant,,,Sagittal Plane,,,Lower Body,Push,Compound,Unilateral,Bodybuilding
Macebell Order Cyclist Squat,Novice,Quadriceps,Quadriceps Femoris,Gluteus Maximus,,Macebell,1,Slant Board,1,Standing,Double Arm,Continuous,Neutral,Order,Heels Elevated,Single Exercise,Knee Dominant,,,Sagittal Plane,,,Lower Body,Push,Compound,Bilateral,Bodybuilding
Double Dumbbell Overhead Squat,Intermediate,Quadriceps,Quadriceps Femoris,Gluteus Maximus,,Dumbbell,2,None,0,Standing,Double Arm,Continuous,Neutral,Overhead,No Elevation,Single Exercise,Knee Dominant,,,Sagittal Plane,,,Lower Body,Push,Compound,Bilateral,Bodybuilding
Single Arm Dumbbell Overhead Squat,Intermediate,Quadriceps,Quadriceps Femoris,Gluteus Maximus,,Dumbbell,1,None,0,Standing,Single Arm,Continuous,Neutral,Overhead,No Elevation,Single Exercise,Knee Dominant,,,Sagittal Plane,,,Lower Body,Push,Compound,Unilateral,Bodybuilding
Macebell Order Squat,Beginner,Quadriceps,Quadriceps Femoris,Gluteus Maximus,,Macebell,1,None,0,Standing,Double Arm,Continuous,Neutral,Order,No Elevation,Single Exercise,Knee Dominant,,,Sagittal Plane,,,Lower Body,Push,Compound,Bilateral,Unsorted*
Double Dumbbell Front Rack Bulgarian Split Squat,Intermediate,Quadriceps,Quadriceps Femoris,Gluteus Maximus,,Dumbbell,2,Bench (Flat),1,Single Leg Supported,Double Arm,Continuous,Neutral,Front Rack,Foot Elevated (Rear),Single Exercise,Knee Dominant,,,Sagittal Plane,,,Lower Body,Push,Compound,Unilateral,Bodybuilding
Double Dumbbell Overhead Bulgarian Split Squat,Advanced,Quadriceps,Quadriceps Femoris,Gluteus Maximus,,Dumbbell,2,Bench (Flat),1,Single Leg Supported,Double Arm,Continuous,Neutral,Overhead,Foot Elevated (Rear),Single Exercise,Knee Dominant,,,Sagittal Plane,,,Lower Body,Push,Compound,Unilateral,Bodybuilding
Single Arm Dumbbell Overhead Ipsilateral Bulgarian Split Squat,Advanced,Quadriceps,Quadriceps Femoris,Gluteus Maximus,,Dumbbell,1,Bench (Flat),1,Single Leg Supported,Single Arm,Continuous,Neutral,Overhead,Foot Elevated (Rear),Single Exercise,Knee Dominant,,,Sagittal Plane,,,Lower Body,Push,Compound,Ipsilateral,Bodybuilding
Single Arm Dumbbell Suitcase Contralateral Bulgarian Split Squat,Intermediate,Quadriceps,Quadriceps Femoris,Gluteus Maximus,,Dumbbell,1,Bench (Flat),1,Single Leg Supported,Single Arm,Continuous,Neutral,Suitcase,Foot Elevated (Rear),Single Exercise,Knee Dominant,,,Sagittal Plane,,,Lower Body,Push,Compound,Contralateral,Bodybuilding
Single Arm Dumbbell Suitcase Ipsilateral Bulgarian Split Squat,Intermediate,Quadriceps,Quadriceps Femoris,Gluteus Maximus,,Dumbbell,1,Bench (Flat),1,Single Leg Supported,Single Arm,Continuous,Neutral,Suitcase,Foot Elevated (Rear),Single Exercise,Knee Dominant,,,Sagittal Plane,,,Lower Body,Push,Compound,Ipsilateral,Bodybuilding
Single Arm Dumbbell Front Rack Contralateral Bulgarian Split Squat,Intermediate,Quadriceps,Quadriceps Femoris,Gluteus Maximus,,Dumbbell,1,Bench (Flat),1,Single Leg Supported,Single Arm,Continuous,Neutral,Front Rack,Foot Elevated (Rear),Single Exercise,Knee Dominant,,,Sagittal Plane,,,Lower Body,Push,Compound,Contralateral,Bodybuilding
Single Arm Dumbbell Front Rack Ipsilateral Bulgarian Split Squat,Intermediate,Quadriceps,Quadriceps Femoris,Gluteus Maximus,,Dumbbell,1,Bench (Flat),1,Single Leg Supported,Single Arm,Continuous,Neutral,Front Rack,Foot Elevated (Rear),Single Exercise,Knee Dominant,,,Sagittal Plane,,,Lower Body,Push,Compound,Ipsilateral,Bodybuilding
Clubbell Order March,Novice,Abdominals,Rectus Abdominis,,,Clubbell,1,None,0,March,Double Arm,Continuous,Neutral,Order,No Elevation,Single Exercise,,,,Sagittal Plane,,,Midsection,Other,Compound,Unilateral,Balance
Macebell Order Walking Lunge,Novice,Quadriceps,Quadriceps Femoris,Gluteus Maximus,,Macebell,1,None,0,Walking,Double Arm,Continuous,Neutral,Order,No Elevation,Single Exercise,Knee Dominant,,,Sagittal Plane,,,Lower Body,Push,Compound,Unilateral,Bodybuilding
Suspension Alternating Lateral Lunge,Beginner,Quadriceps,Quadriceps Femoris,Gluteus Maximus,,Suspension Trainer,1,None,0,Standing,Double Arm,Continuous,Neutral,Other,No Elevation,Single Exercise,Knee Dominant,,,Frontal Plane,,,Lower Body,Push,Compound,Unilateral,Bodybuilding
Bulgarian Bag Back Rack Alternating Lateral Lunge,Novice,Quadriceps,Quadriceps Femoris,Gluteus Maximus,,Bulgarian Bag,1,None,0,Standing,Double Arm,Continuous,Neutral,Back Rack,No Elevation,Single Exercise,Knee Dominant,,,Frontal Plane,,,Lower Body,Push,Compound,Unilateral,Bodybuilding
Bulgarian Bag Back Rack Walking Lunge,Novice,Quadriceps,Quadriceps Femoris,Gluteus Maximus,,Bulgarian Bag,1,None,0,Walking,Double Arm,Continuous,Neutral,Back Rack,No Elevation,Single Exercise,Knee Dominant,,,Sagittal Plane,,,Lower Body,Push,Compound,Unilateral,Bodybuilding
Bulgarian Bag Back Rack Alternating Forward Lunge,Novice,Quadriceps,Quadriceps Femoris,Gluteus Maximus,,Bulgarian Bag,1,None,0,Standing,Double Arm,Continuous,Neutral,Back Rack,No Elevation,Single Exercise,Knee Dominant,,,Sagittal Plane,,,Lower Body,Push,Compound,Unilateral,Bodybuilding
Heavy Sandbag Bear Hug Alternating Lateral Lunge,Intermediate,Quadriceps,Quadriceps Femoris,Gluteus Maximus,,Heavy Sandbag,1,None,0,Standing,Double Arm,Continuous,Neutral,Bear Hug,No Elevation,Single Exercise,Knee Dominant,,,Frontal Plane,,,Lower Body,Push,Compound,Unilateral,Unsorted*
Heavy Sandbag Shoulder Alternating Lateral Lunge,Intermediate,Quadriceps,Quadriceps Femoris,Gluteus Maximus,,Heavy Sandbag,1,None,0,Standing,Double Arm,Continuous,Neutral,Shoulder,No Elevation,Single Exercise,Knee Dominant,,,Frontal Plane,,,Lower Body,Push,Compound,Unilateral,Unsorted*
Sandbag Front Rack Alternating Lateral Lunge,Novice,Quadriceps,Quadriceps Femoris,Gluteus Maximus,,Sandbag,1,None,0,Standing,Double Arm,Continuous,Neutral,Front Rack,No Elevation,Single Exercise,Knee Dominant,,,Frontal Plane,,,Lower Body,Push,Compound,Unilateral,Bodybuilding
Sandbag Front Rack Walking Lunge,Novice,Quadriceps,Quadriceps Femoris,Gluteus Maximus,,Sandbag,1,None,0,Walking,Double Arm,Continuous,Neutral,Front Rack,No Elevation,Single Exercise,Knee Dominant,,,Sagittal Plane,,,Lower Body,Push,Compound,Unilateral,Bodybuilding
Sandbag Front Rack Alternating Forward Lunge,Novice,Quadriceps,Quadriceps Femoris,Gluteus Maximus,,Sandbag,1,None,0,Standing,Double Arm,Continuous,Neutral,Front Rack,No Elevation,Single Exercise,Knee Dominant,,,Sagittal Plane,,,Lower Body,Push,Compound,Unilateral,Bodybuilding
Sandbag Front Rack Alternating Reverse Lunge,Novice,Quadriceps,Quadriceps Femoris,Gluteus Maximus,Biceps Femoris,Sandbag,1,None,0,Standing,Double Arm,Continuous,Neutral,Front Rack,No Elevation,Single Exercise,Knee Dominant,,,Sagittal Plane,,,Lower Body,Push,Compound,Unilateral,Bodybuilding
Plate Overhead Walking Lunge,Intermediate,Quadriceps,Quadriceps Femoris,Gluteus Maximus,,Weight Plate,1,None,0,Walking,Double Arm,Continuous,Neutral,Overhead,No Elevation,Single Exercise,Knee Dominant,,,Sagittal Plane,,,Lower Body,Push,Compound,Unilateral,Bodybuilding
Plate Overhead Alternating Lateral Lunge,Intermediate,Quadriceps,Quadriceps Femoris,Gluteus Maximus,,Weight Plate,1,None,0,Standing,Double Arm,Continuous,Neutral,Overhead,No Elevation,Single Exercise,Knee Dominant,,,Frontal Plane,,,Lower Body,Push,Compound,Unilateral,Bodybuilding
Plate Overhead Alternating Forward Lunge,Intermediate,Quadriceps,Quadriceps Femoris,Gluteus Maximus,,Weight Plate,1,None,0,Standing,Double Arm,Continuous,Neutral,Overhead,No Elevation,Single Exercise,Knee Dominant,,,Sagittal Plane,,,Lower Body,Push,Compound,Unilateral,Bodybuilding
Plate Overhead Alternating Reverse Lunge,Intermediate,Quadriceps,Quadriceps Femoris,Gluteus Maximus,Biceps Femoris,Weight Plate,1,None,0,Standing,Double Arm,Continuous,Neutral,Overhead,No Elevation,Single Exercise,Knee Dominant,,,Sagittal Plane,,,Lower Body,Push,Compound,Unilateral,Bodybuilding
Bodyweight Full Planche Push Up,Master,Chest,Pectoralis Major,Triceps Brachii,Rectus Abdominis,Bodyweight,1,None,0,Prone,Double Arm,Continuous,Flat Palm,No Load,No Elevation,Single Exercise,Horizontal Push,Isometric Hold,,Sagittal Plane,,,Upper Body,Push,Compound,Bilateral,Calisthenics
Bodyweight Straddle Planche Push Up,Master,Chest,Pectoralis Major,Triceps Brachii,Rectus Abdominis,Bodyweight,1,None,0,Prone,Double Arm,Continuous,Flat Palm,No Load,No Elevation,Single Exercise,Horizontal Push,Isometric Hold,,Sagittal Plane,,,Upper Body,Push,Compound,Bilateral,Calisthenics
Bodyweight Tuck Planche,Advanced,Abdominals,Rectus Abdominis,Biceps Brachii,,Bodyweight,1,None,0,Other,Double Arm,Continuous,Flat Palm,No Load,No Elevation,Single Exercise,Isometric Hold,,,Sagittal Plane,,,Midsection,Other,Compound,Bilateral,Calisthenics
Bodyweight Tuck Planche Push Up,Expert,Chest,Pectoralis Major,Triceps Brachii,Rectus Abdominis,Bodyweight,1,None,0,Other,Double Arm,Continuous,Flat Palm,No Load,No Elevation,Single Exercise,Horizontal Push,Isometric Hold,,Sagittal Plane,,,Upper Body,Push,Compound,Bilateral,Calisthenics
Bodyweight Pseudo Planche Lean,Intermediate,Abdominals,Rectus Abdominis,Anterior Deltoids,Pectoralis Major,Bodyweight,1,None,0,Prone,Double Arm,Continuous,Flat Palm,No Load,No Elevation,Single Exercise,Isometric Hold,,,Sagittal Plane,,,Upper Body,Other,Compound,Bilateral,Calisthenics
Bar L Sit Hang,Intermediate,Abdominals,Rectus Abdominis,,,Pull Up Bar,1,None,0,Hanging,Double Arm,Continuous,Pronated,No Load,No Elevation,Single Exercise,Isometric Hold,,,Sagittal Plane,,,Midsection,Other,Compound,Bilateral,Calisthenics
Ring L Sit Hang,Intermediate,Abdominals,Rectus Abdominis,,,Gymnastic Rings,2,None,0,Hanging,Double Arm,Continuous,Pronated,No Load,No Elevation,Single Exercise,Isometric Hold,,,Sagittal Plane,,,Midsection,Other,Compound,Bilateral,Calisthenics
Single Arm Bar L Sit Hang,Advanced,Abdominals,Rectus Abdominis,,,Pull Up Bar,1,None,0,Hanging,Single Arm,Continuous,Pronated,No Load,No Elevation,Single Exercise,Isometric Hold,,,Sagittal Plane,,,Midsection,Other,Compound,Unilateral,Calisthenics
Single Arm Ring L Sit Hang,Advanced,Abdominals,Rectus Abdominis,,,Gymnastic Rings,1,None,0,Hanging,Single Arm,Continuous,Pronated,No Load,No Elevation,Single Exercise,Isometric Hold,,,Sagittal Plane,,,Midsection,Other,Compound,Unilateral,Calisthenics
Single Arm Kettlebell Suitcase Alternating Reverse Lunge,Novice,Quadriceps,Quadriceps Femoris,Gluteus Maximus,Biceps Femoris,Kettlebell,1,None,0,Standing,Single Arm,Continuous,Neutral,Suitcase,No Elevation,Single Exercise,Knee Dominant,,,Sagittal Plane,,,Lower Body,Push,Compound,Unilateral,Bodybuilding
Parallette L Sit Flutter Kicks,Advanced,Abdominals,Rectus Abdominis,,,Parallette Bars,2,None,0,L Sit,Double Arm,Continuous,Neutral,No Load,No Elevation,Single Exercise,Isometric Hold,,,Sagittal Plane,,,Midsection,Other,Compound,Unilateral,Calisthenics
Resistance Band Chest Fly,Beginner,Chest,Pectoralis Major,,,Resistance Band,1,None,0,Standing,Double Arm,Continuous,Neutral,No Load,No Elevation,Single Exercise,Horizontal Push,,,Sagittal Plane,,,Upper Body,Push,Isolation,Bilateral,Bodybuilding
Resistance Band Low Row,Beginner,Back,Latissimus Dorsi,,,Resistance Band,1,None,0,Standing,Double Arm,Continuous,Neutral,No Load,No Elevation,Single Exercise,Horizontal Pull,,,Sagittal Plane,,,Upper Body,Pull,Compound,Bilateral,Bodybuilding
Resistance Band Mid Row,Beginner,Back,Latissimus Dorsi,,,Resistance Band,1,None,0,Standing,Double Arm,Continuous,Pronated,No Load,No Elevation,Single Exercise,Horizontal Pull,,,Sagittal Plane,,,Upper Body,Pull,Compound,Bilateral,Bodybuilding
Resistance Band Face Pull,Beginner,Shoulders,Posterior Deltoids,Infraspinatus,Teres Minor,Resistance Band,1,None,0,Standing,Double Arm,Continuous,Pronated,No Load,No Elevation,Single Exercise,Shoulder External Rotation,,,Transverse Plane,,,Upper Body,Pull,Compound,Bilateral,Bodybuilding
Resistance Band Face Pull to Overhead Press,Beginner,Shoulders,Posterior Deltoids,Infraspinatus,Teres Minor,Resistance Band,1,None,0,Standing,Double Arm,Continuous,Pronated,Overhead,No Elevation,Combo Exercise,Shoulder External Rotation,Vertical Push,,Transverse Plane,,,Upper Body,Push & Pull,Compound,Bilateral,Bodybuilding
Single Arm Resistance Band Low Row,Beginner,Back,Latissimus Dorsi,,,Resistance Band,1,None,0,Standing,Single Arm,Continuous,Neutral,No Load,No Elevation,Single Exercise,Horizontal Pull,,,Sagittal Plane,,,Upper Body,Pull,Compound,Unilateral,Bodybuilding
Single Arm Resistance Band Mid Row,Beginner,Back,Latissimus Dorsi,,,Resistance Band,1,None,0,Standing,Single Arm,Continuous,Pronated,No Load,No Elevation,Single Exercise,Horizontal Pull,,,Sagittal Plane,,,Upper Body,Pull,Compound,Unilateral,Bodybuilding
Single Arm Suspension Mid Row,Novice,Back,Latissimus Dorsi,,,Suspension Trainer,1,None,0,Standing,Single Arm,Continuous,Pronated,No Load,No Elevation,Single Exercise,Horizontal Pull,,,Sagittal Plane,,,Upper Body,Pull,Compound,Unilateral,Bodybuilding
Single Arm Resistance Band Chest Press,Beginner,Chest,Pectoralis Major,Triceps Brachii,Anterior Deltoids,Resistance Band,1,None,0,Standing,Single Arm,Continuous,Pronated,No Load,No Elevation,Single Exercise,Horizontal Push,,,Sagittal Plane,,,Upper Body,Push,Compound,Unilateral,Bodybuilding
Resistance Band Reverse Grip Bicep Curl,Beginner,Forearms,Brachioradialis,Biceps Brachii,Brachialis,Resistance Band,1,None,0,Standing,Double Arm,Continuous,Pronated,No Load,No Elevation,Single Exercise,Elbow Flexion,,,Sagittal Plane,,,Upper Body,Pull,Isolation,Bilateral,Bodybuilding
Resistance Band Alternating Reverse Grip Bicep Curl,Beginner,Forearms,Brachioradialis,Biceps Brachii,Brachialis,Resistance Band,1,None,0,Standing,Double Arm,Alternating,Pronated,No Load,No Elevation,Single Exercise,Elbow Flexion,,,Sagittal Plane,,,Upper Body,Pull,Isolation,Unilateral,Bodybuilding
Resistance Band Hammer Curl,Beginner,Biceps,Biceps Brachii,Brachialis,Brachioradialis,Resistance Band,1,None,0,Standing,Double Arm,Continuous,Neutral,Other,No Elevation,Single Exercise,Elbow Flexion,,,Sagittal Plane,,,Upper Body,Pull,Isolation,Bilateral,Bodybuilding
Resistance Band Alternating Hammer Curl,Beginner,Biceps,Biceps Brachii,Brachialis,Brachioradialis,Resistance Band,1,None,0,Standing,Double Arm,Alternating,Neutral,Other,No Elevation,Single Exercise,Elbow Flexion,,,Sagittal Plane,,,Upper Body,Pull,Isolation,Unilateral,Bodybuilding
Resistance Band Y Raise,Beginner,Shoulders,Posterior Deltoids,,,Resistance Band,1,None,0,Standing,Double Arm,Continuous,Pronated,No Load,No Elevation,Single Exercise,,,,Sagittal Plane,,,Upper Body,Pull,Compound,Bilateral,Unsorted*
Clubbell Order Box Step Up,Novice,Quadriceps,Quadriceps Femoris,Gluteus Maximus,,Clubbell,1,Plyo Box,1,Standing,Double Arm,Continuous,Neutral,Order,Foot Elevated (Front),Single Exercise,Knee Dominant,,,Sagittal Plane,,,Lower Body,Push,Compound,Unilateral,Bodybuilding
Clubbell Order Alternating Box Step Up,Novice,Quadriceps,Quadriceps Femoris,Gluteus Maximus,,Clubbell,1,Plyo Box,1,Standing,Double Arm,Continuous,Neutral,Order,Foot Elevated (Front),Single Exercise,Knee Dominant,,,Sagittal Plane,,,Lower Body,Push,Compound,Unilateral,Bodybuilding
Bodyweight L Sit,Expert,Abdominals,Rectus Abdominis,,,Bodyweight,1,None,0,L Sit,Double Arm,Continuous,Flat Palm,No Load,No Elevation,Single Exercise,Isometric Hold,,,Sagittal Plane,,,Midsection,Other,Compound,Bilateral,Calisthenics
Bodyweight Single Arm L Sit,Master,Abdominals,Rectus Abdominis,,,Bodyweight,1,None,0,L Sit,Single Arm,Continuous,Flat Palm,No Load,No Elevation,Single Exercise,Isometric Hold,,,Sagittal Plane,,,Midsection,Other,Compound,Unilateral,Calisthenics
Alternating Single Arm Kettlebell Low Hold Alternating Lateral Lunge,Novice,Quadriceps,Quadriceps Femoris,Gluteus Maximus,,Kettlebell,1,None,0,Standing,Single Arm,Continuous,Neutral,Low Hold,No Elevation,Single Exercise,Knee Dominant,,,Frontal Plane,,,Lower Body,Push,Compound,Unilateral,Bodybuilding
Single Arm Kettlebell Front Rack Alternating Lateral Lunge,Novice,Quadriceps,Quadriceps Femoris,Gluteus Maximus,,Kettlebell,1,None,0,Standing,Single Arm,Continuous,Neutral,Front Rack,No Elevation,Single Exercise,Knee Dominant,,,Frontal Plane,,,Lower Body,Push,Compound,Unilateral,Bodybuilding
Single Arm Kettlebell Front Rack Alternating Forward Lunge,Novice,Quadriceps,Quadriceps Femoris,Gluteus Maximus,,Kettlebell,1,None,0,Standing,Single Arm,Continuous,Neutral,Front Rack,No Elevation,Single Exercise,Knee Dominant,,,Sagittal Plane,,,Lower Body,Push,Compound,Unilateral,Bodybuilding
Single Arm Kettlebell Front Rack Alternating Reverse Lunge,Novice,Quadriceps,Quadriceps Femoris,Gluteus Maximus,Biceps Femoris,Kettlebell,1,None,0,Standing,Single Arm,Continuous,Neutral,Front Rack,No Elevation,Single Exercise,Knee Dominant,,,Sagittal Plane,,,Lower Body,Push,Compound,Unilateral,Bodybuilding
Single Arm Kettlebell Bottoms Up Front Rack Alternating Lateral Lunge,Intermediate,Quadriceps,Quadriceps Femoris,Gluteus Maximus,,Kettlebell,1,None,0,Standing,Single Arm,Continuous,Bottoms Up,Front Rack,No Elevation,Single Exercise,Knee Dominant,,,Frontal Plane,,,Lower Body,Push,Compound,Unilateral,Bodybuilding
Single Arm Kettlebell Bottoms Up Front Rack Alternating Forward Lunge,Intermediate,Quadriceps,Quadriceps Femoris,Gluteus Maximus,,Kettlebell,1,None,0,Standing,Single Arm,Continuous,Bottoms Up,Front Rack,No Elevation,Single Exercise,Knee Dominant,,,Sagittal Plane,,,Lower Body,Push,Compound,Unilateral,Bodybuilding
Resistance Band Cuban Press,Beginner,Shoulders,Posterior Deltoids,Triceps Brachii,,Resistance Band,1,None,0,Standing,Double Arm,Continuous,Pronated,No Load,No Elevation,Single Exercise,Shoulder External Rotation,Vertical Push,Horizontal Pull,Transverse Plane,,,Upper Body,Push & Pull,Compound,Bilateral,Unsorted*
Resistance Band Tall Kneeling Cuban Press,Beginner,Shoulders,Posterior Deltoids,Triceps Brachii,,Resistance Band,1,None,0,Tall Kneeling,Double Arm,Continuous,Pronated,No Load,No Elevation,Single Exercise,Shoulder External Rotation,Vertical Push,Horizontal Pull,Transverse Plane,,,Upper Body,Push & Pull,Compound,Bilateral,Unsorted*
Single Arm Macebell Order Contralateral Cossack Squat,Novice,Quadriceps,Quadriceps Femoris,Adductor Magnus,Gluteus Maximus,Macebell,1,None,0,Standing,Single Arm,Continuous,Neutral,Order,No Elevation,Single Exercise,Knee Dominant,,,Frontal Plane,,,Lower Body,Push,Compound,Contralateral,Bodybuilding
Single Arm Macebell Order Low Switch Cossack Squat,Intermediate,Quadriceps,Quadriceps Femoris,Adductor Magnus,Gluteus Maximus,Macebell,1,None,0,Standing,Single Arm,Continuous,Neutral,Order,No Elevation,Single Exercise,Knee Dominant,,,Frontal Plane,,,Lower Body,Push,Compound,Unilateral,Bodybuilding
Single Arm Macebell Order Alternating Cossack Squat,Novice,Quadriceps,Quadriceps Femoris,Adductor Magnus,Gluteus Maximus,Macebell,1,None,0,Standing,Single Arm,Continuous,Neutral,Order,No Elevation,Single Exercise,Knee Dominant,,,Frontal Plane,,,Lower Body,Push,Compound,Unilateral,Bodybuilding
Single Arm Macebell Order Foot Elevated Contralateral Cossack Squat,Intermediate,Quadriceps,Quadriceps Femoris,Adductor Magnus,Gluteus Maximus,Macebell,1,None,0,Standing,Single Arm,Continuous,Neutral,Order,Foot Elevated (Lateral),Single Exercise,Knee Dominant,,,Frontal Plane,,,Lower Body,Push,Compound,Contralateral,Bodybuilding
Stability Ball Feet Elevated Glute Bridge,Novice,Glutes,Gluteus Maximus,,,Stability Ball,1,None,0,Bridge,No Arms,Continuous,No Grip,No Load,Feet Elevated,Single Exercise,Hip Extension,,,Sagittal Plane,,,Lower Body,Unsorted*,Compound,Bilateral,Bodybuilding
Bodyweight Mountain Climber,Novice,Abdominals,Rectus Abdominis,,,Bodyweight,1,None,0,Prone,Double Arm,Continuous,Flat Palm,No Load,No Elevation,Single Exercise,Anti-Extension,Spinal Flexion,,Sagittal Plane,,,Midsection,Other,Compound,Unilateral,Calisthenics
Suspension Mountain Climber,Intermediate,Abdominals,Rectus Abdominis,,,Suspension Trainer,1,None,0,Prone,Double Arm,Continuous,Flat Palm,No Load,Feet Elevated,Single Exercise,Anti-Extension,Spinal Flexion,,Sagittal Plane,,,Midsection,Other,Compound,Unilateral,Unsorted*
Bodyweight Straddle L Sit,Expert,Abdominals,Rectus Abdominis,,,Bodyweight,1,None,0,L Sit,Double Arm,Continuous,Flat Palm,No Load,No Elevation,Single Exercise,Isometric Hold,,,Sagittal Plane,,,Midsection,Other,Compound,Bilateral,Calisthenics
Single Arm Kettlebell Bottoms Up Front Rack Alternating Reverse Lunge,Intermediate,Quadriceps,Quadriceps Femoris,Gluteus Maximus,Biceps Femoris,Kettlebell,1,None,0,Standing,Single Arm,Continuous,Bottoms Up,Front Rack,No Elevation,Single Exercise,Knee Dominant,,,Sagittal Plane,,,Lower Body,Push,Compound,Unilateral,Bodybuilding
Bodyweight Cossack Squat,Beginner,Quadriceps,Quadriceps Femoris,Adductor Magnus,Gluteus Maximus,Bodyweight,1,None,0,Standing,No Arms,Continuous,No Grip,No Load,No Elevation,Single Exercise,Knee Dominant,,,Frontal Plane,,,Lower Body,Push,Compound,Unilateral,Bodybuilding
Single Arm Macebell Order Walking Lunge,Novice,Quadriceps,Quadriceps Femoris,Gluteus Maximus,,Macebell,1,None,0,Walking,Single Arm,Continuous,Neutral,Order,No Elevation,Single Exercise,Knee Dominant,,,Sagittal Plane,,,Lower Body,Push,Compound,Unilateral,Bodybuilding
Superband Pull Apart,Beginner,Shoulders,Posterior Deltoids,,,Superband,1,None,0,Standing,Double Arm,Continuous,Supinated,Lateral,No Elevation,Single Exercise,Shoulder Abduction,,,Frontal Plane,,,Upper Body,Pull,Isolation,Bilateral,Mobility
Resistance Band Tall Kneeling Face Pull,Beginner,Shoulders,Posterior Deltoids,Infraspinatus,Teres Minor,Resistance Band,1,None,0,Standing,Double Arm,Continuous,Pronated,No Load,No Elevation,Single Exercise,Shoulder External Rotation,,,Transverse Plane,,,Upper Body,Pull,Compound,Bilateral,Bodybuilding
Barbell Back Rack Alternating Box Step Up,Intermediate,Quadriceps,Quadriceps Femoris,Gluteus Maximus,,Barbell,1,Plyo Box,1,Standing,Double Arm,Continuous,Pronated,Back Rack,Foot Elevated (Front),Single Exercise,Knee Dominant,,,Sagittal Plane,,,Lower Body,Push,Compound,Unilateral,Bodybuilding
Barbell Front Rack Alternating Box Step Up,Intermediate,Quadriceps,Quadriceps Femoris,Gluteus Maximus,,Barbell,1,Plyo Box,1,Standing,Double Arm,Continuous,Pronated,Front Rack,Foot Elevated (Front),Single Exercise,Knee Dominant,,,Sagittal Plane,,,Lower Body,Push,Compound,Unilateral,Bodybuilding
Resistance Band Overhead Press,Beginner,Shoulders,Anterior Deltoids,Triceps Brachii,,Resistance Band,1,None,0,Standing,Double Arm,Continuous,Pronated,Overhead,No Elevation,Single Exercise,Vertical Push,,,Sagittal Plane,,,Upper Body,Push,Compound,Bilateral,Bodybuilding
Resistance Band Alternating Overhead Press,Beginner,Shoulders,Anterior Deltoids,Triceps Brachii,,Resistance Band,1,None,0,Standing,Double Arm,Alternating,Pronated,Overhead,No Elevation,Single Exercise,Vertical Push,,,Sagittal Plane,,,Upper Body,Push,Compound,Bilateral,Bodybuilding
Ring Tuck L Sit,Intermediate,Abdominals,Rectus Abdominis,,,Gymnastic Rings,2,None,0,Tuck L Sit,Double Arm,Continuous,Neutral,No Load,No Elevation,Single Exercise,Isometric Hold,,,Sagittal Plane,,,Midsection,Other,Compound,Bilateral,Calisthenics
Ring Tuck L Sit Hang,Intermediate,Abdominals,Rectus Abdominis,,,Gymnastic Rings,2,None,0,Hanging,Double Arm,Continuous,Pronated,No Load,No Elevation,Single Exercise,Isometric Hold,,,Sagittal Plane,,,Midsection,Other,Compound,Bilateral,Calisthenics
Bar Tuck L Sit Hang,Intermediate,Abdominals,Rectus Abdominis,,,Pull Up Bar,1,None,0,Hanging,Double Arm,Continuous,Pronated,No Load,No Elevation,Single Exercise,Isometric Hold,,,Sagittal Plane,,,Midsection,Other,Compound,Bilateral,Calisthenics
Single Arm Kettlebell Overhead Alternating Lateral Lunge,Intermediate,Quadriceps,Quadriceps Femoris,Gluteus Maximus,,Kettlebell,1,None,0,Standing,Single Arm,Continuous,Pronated,Overhead,No Elevation,Single Exercise,Knee Dominant,,,Frontal Plane,,,Lower Body,Push,Compound,Unilateral,Bodybuilding
Single Arm Kettlebell Overhead Alternating Forward Lunge,Intermediate,Quadriceps,Quadriceps Femoris,Gluteus Maximus,,Kettlebell,1,None,0,Standing,Single Arm,Continuous,Pronated,Overhead,No Elevation,Single Exercise,Knee Dominant,,,Sagittal Plane,,,Lower Body,Push,Compound,Unilateral,Bodybuilding
Ring Support Mountain Climber,Intermediate,Abdominals,Rectus Abdominis,,,Gymnastic Rings,2,None,0,Prone,Double Arm,Continuous,Neutral,No Load,No Elevation,Single Exercise,Anti-Extension,Spinal Flexion,,Sagittal Plane,,,Midsection,Other,Compound,Unilateral,Calisthenics
Ring Mountain Climber,Intermediate,Abdominals,Rectus Abdominis,,,Gymnastic Rings,2,None,0,Prone,Double Arm,Continuous,Flat Palm,No Load,Feet Elevated,Single Exercise,Anti-Extension,Spinal Flexion,,Sagittal Plane,,,Midsection,Other,Compound,Unilateral,Calisthenics
Single Arm Kettlebell Overhead Alternating Reverse Lunge,Intermediate,Quadriceps,Quadriceps Femoris,Gluteus Maximus,Biceps Femoris,Kettlebell,1,None,0,Standing,Single Arm,Continuous,Pronated,Overhead,No Elevation,Single Exercise,Knee Dominant,,,Sagittal Plane,,,Lower Body,Push,Compound,Unilateral,Bodybuilding
Alternating Double Dumbbell Overhead Press,Beginner,Shoulders,Anterior Deltoids,Triceps Brachii,,Dumbbell,2,None,0,Standing,Double Arm,Alternating,Neutral,Overhead,No Elevation,Single Exercise,Vertical Push,,,Sagittal Plane,,,Upper Body,Push,Compound,Unilateral,Bodybuilding
Macebell 360 to Single Arm 360,Intermediate,Shoulders,Posterior Deltoids,Rectus Abdominis,,Macebell,1,None,0,Standing,Single Arm,Continuous,Neutral,Behind Back,No Elevation,Combo Exercise,Rotational,,,Transverse Plane,,,Upper Body,Pull,Compound,Unilateral,Ballistics
Clubbell Outside Circle,Intermediate,Abdominals,Rectus Abdominis,Gluteus Maximus,Brachioradialis,Clubbell,1,None,0,Standing,Double Arm,Continuous,Neutral,Other,No Elevation,Single Exercise,Rotational,,,Transverse Plane,,,Full Body,Other,Compound,Bilateral,Ballistics
Single Arm Macebell Order Carry,Novice,Forearms,Brachioradialis,Rectus Abdominis,Gluteus Maximus,Macebell,1,None,0,Walking,Single Arm,Continuous,Neutral,Order,No Elevation,Single Exercise,Loaded Carry,,,Sagittal Plane,,,Full Body,Other,Compound,Unilateral,Unsorted*
Clubbell Order Carry,Novice,Forearms,Brachioradialis,Rectus Abdominis,Gluteus Maximus,Clubbell,1,None,0,Walking,Double Arm,Continuous,Neutral,Order,No Elevation,Single Exercise,Loaded Carry,,,Sagittal Plane,,,Full Body,Other,Compound,Bilateral,Unsorted*
Macebell Order Carry,Novice,Forearms,Brachioradialis,Rectus Abdominis,Gluteus Maximus,Macebell,1,None,0,Walking,Double Arm,Continuous,Neutral,Order,No Elevation,Single Exercise,Loaded Carry,,,Sagittal Plane,,,Full Body,Other,Compound,Bilateral,Unsorted*
Clubbell Front Flag Hold Carry,Intermediate,Forearms,Brachioradialis,Rectus Abdominis,Gluteus Maximus,Clubbell,1,None,0,Walking,Double Arm,Continuous,Neutral,Front Flag Hold,No Elevation,Single Exercise,Loaded Carry,,,Sagittal Plane,,,Full Body,Other,Compound,Bilateral,Unsorted*
Macebell Order March,Novice,Abdominals,Rectus Abdominis,,,Macebell,1,None,0,March,Single Arm,Continuous,Neutral,Order,No Elevation,Single Exercise,,,,Sagittal Plane,,,Midsection,Other,Compound,Unilateral,Balance
Single Arm Macebell Order March,Novice,Abdominals,Rectus Abdominis,,,Macebell,1,None,0,March,Single Arm,Continuous,Neutral,Order,No Elevation,Single Exercise,,,,Sagittal Plane,,,Midsection,Other,Compound,Unilateral,Balance
Single Arm Kettlebell Bottoms Up Overhead Alternating Lateral Lunge,Advanced,Quadriceps,Quadriceps Femoris,Gluteus Maximus,,Kettlebell,1,None,0,Standing,Single Arm,Continuous,Bottoms Up,Overhead,No Elevation,Single Exercise,Knee Dominant,,,Frontal Plane,,,Lower Body,Push,Compound,Unilateral,Bodybuilding
Single Arm Kettlebell Bottoms Up Overhead Alternating Forward Lunge,Advanced,Quadriceps,Quadriceps Femoris,Gluteus Maximus,,Kettlebell,1,None,0,Standing,Single Arm,Continuous,Bottoms Up,Overhead,No Elevation,Single Exercise,Knee Dominant,,,Sagittal Plane,,,Lower Body,Push,Compound,Unilateral,Bodybuilding
Single Arm Kettlebell Bottoms Up Overhead Alternating Reverse Lunge,Advanced,Quadriceps,Quadriceps Femoris,Gluteus Maximus,Biceps Femoris,Kettlebell,1,None,0,Standing,Single Arm,Continuous,Bottoms Up,Overhead,No Elevation,Single Exercise,Knee Dominant,,,Sagittal Plane,,,Lower Body,Push,Compound,Unilateral,Bodybuilding
EZ Bar Incline Bench Lying Tricep Extension,Novice,Triceps,Triceps Brachii,,,EZ Bar,1,Bench (Incline),1,Seated,Double Arm,Continuous,Pronated,Other,No Elevation,Single Exercise,Elbow Extension,,,Sagittal Plane,,,Upper Body,Push,Compound,Bilateral,Bodybuilding
EZ Bar Skull Crusher,Novice,Triceps,Triceps Brachii,,,EZ Bar,1,Bench (Flat),1,Supine,Double Arm,Continuous,Pronated,Other,No Elevation,Single Exercise,Elbow Extension,,,Sagittal Plane,,,Upper Body,Push,Compound,Bilateral,Bodybuilding
EZ Bar Incline Bench Skull Crusher,Novice,Triceps,Triceps Brachii,,,EZ Bar,1,Bench (Incline),1,Seated,Double Arm,Continuous,Pronated,Other,No Elevation,Single Exercise,Elbow Extension,,,Sagittal Plane,,,Upper Body,Push,Compound,Bilateral,Bodybuilding
EZ Bar Decline Bench Skull Crusher,Novice,Triceps,Triceps Brachii,,,EZ Bar,1,Bench (Decline),1,Supine,Double Arm,Continuous,Pronated,Other,No Elevation,Single Exercise,Elbow Extension,,,Sagittal Plane,,,Upper Body,Push,Compound,Bilateral,Bodybuilding
Suspension Skull Crusher,Beginner,Triceps,Triceps Brachii,,,Suspension Trainer,1,None,0,Standing,Double Arm,Continuous,Pronated,Other,No Elevation,Single Exercise,Elbow Extension,,,Sagittal Plane,,,Upper Body,Push,Compound,Bilateral,Bodybuilding
Double Dumbbell Skull Crusher,Beginner,Triceps,Triceps Brachii,,,Dumbbell,2,Bench (Flat),1,Supine,Double Arm,Continuous,Neutral,Other,No Elevation,Single Exercise,Elbow Extension,,,Sagittal Plane,,,Upper Body,Push,Compound,Bilateral,Bodybuilding
Double Dumbbell Incline Bench Skull Crusher,Beginner,Triceps,Triceps Brachii,,,Dumbbell,2,Bench (Incline),1,Seated,Double Arm,Continuous,Neutral,Other,No Elevation,Single Exercise,Elbow Extension,,,Sagittal Plane,,,Upper Body,Push,Compound,Bilateral,Bodybuilding
Double Dumbbell Decline Bench Skull Crusher,Beginner,Triceps,Triceps Brachii,,,Dumbbell,2,Bench (Decline),1,Supine,Double Arm,Continuous,Neutral,Other,No Elevation,Single Exercise,Elbow Extension,,,Sagittal Plane,,,Upper Body,Push,Compound,Bilateral,Bodybuilding
Dumbbell Crush Grip Skull Crusher,Beginner,Triceps,Triceps Brachii,,,Dumbbell,1,Bench (Flat),1,Supine,Double Arm,Continuous,Crush Grip,Other,No Elevation,Single Exercise,Elbow Extension,,,Sagittal Plane,,,Upper Body,Push,Compound,Bilateral,Bodybuilding
Dumbbell Crush Grip Incline Bench Skull Crusher,Beginner,Triceps,Triceps Brachii,,,Dumbbell,1,Bench (Incline),1,Seated,Double Arm,Continuous,Crush Grip,Other,No Elevation,Single Exercise,Elbow Extension,,,Sagittal Plane,,,Upper Body,Push,Compound,Bilateral,Bodybuilding
Dumbbell Crush Grip Decline Bench Skull Crusher,Beginner,Triceps,Triceps Brachii,,,Dumbbell,1,Bench (Decline),1,Supine,Double Arm,Continuous,Crush Grip,Other,No Elevation,Single Exercise,Elbow Extension,,,Sagittal Plane,,,Upper Body,Push,Compound,Bilateral,Bodybuilding
EZ Bar Front Raise,Novice,Shoulders,Anterior Deltoids,Pectoralis Major,Biceps Brachii,EZ Bar,1,None,0,Standing,Double Arm,Continuous,Pronated,Other,No Elevation,Single Exercise,Shoulder Flexion,,,Sagittal Plane,,,Upper Body,Push,Isolation,Bilateral,Bodybuilding
EZ Bar Close Grip Bicep Curl,Novice,Biceps,Biceps Brachii,Brachialis,Brachioradialis,EZ Bar,1,None,0,Standing,Double Arm,Continuous,Supinated,Other,No Elevation,Single Exercise,Elbow Flexion,,,Sagittal Plane,,,Upper Body,Pull,Isolation,Bilateral,Bodybuilding
EZ Bar Overhead Press,Novice,Shoulders,Anterior Deltoids,Triceps Brachii,,EZ Bar,1,None,0,Standing,Double Arm,Continuous,Pronated,Overhead,No Elevation,Single Exercise,Vertical Push,,,Sagittal Plane,,,Upper Body,Push,Compound,Bilateral,Bodybuilding
EZ Bar Seated Overhead Press,Novice,Shoulders,Anterior Deltoids,Triceps Brachii,,EZ Bar,1,Bench (Flat),1,Seated,Double Arm,Continuous,Pronated,Overhead,No Elevation,Single Exercise,Vertical Push,,,Sagittal Plane,,,Upper Body,Push,Compound,Bilateral,Bodybuilding
EZ Bar Kneeling Rollout,Intermediate,Abdominals,Rectus Abdominis,,,EZ Bar,1,None,0,Kneeling,Double Arm,Continuous,Pronated,Other,No Elevation,Single Exercise,Anti-Extension,,,Sagittal Plane,,,Midsection,Other,Compound,Bilateral,Unsorted*
EZ Bar Standing Rollout,Advanced,Abdominals,Rectus Abdominis,,,EZ Bar,1,None,0,Standing,Double Arm,Continuous,Pronated,Other,No Elevation,Single Exercise,Anti-Extension,,,Sagittal Plane,,,Midsection,Other,Compound,Bilateral,Unsorted*
EZ Bar Tall Kneeling Overhead Tricep Extension,Novice,Triceps,Triceps Brachii,,,EZ Bar,1,None,0,Tall Kneeling,Double Arm,Continuous,Pronated,Overhead,No Elevation,Single Exercise,Elbow Extension,,,Sagittal Plane,,,Upper Body,Push,Isolation,Bilateral,Bodybuilding
Double Dumbbell Bent Over Row,Beginner,Back,Latissimus Dorsi,Rhomboids,Posterior Deltoids,Dumbbell,2,None,0,Standing,Double Arm,Continuous,Neutral,Other,No Elevation,Single Exercise,Horizontal Pull,,,Sagittal Plane,,,Upper Body,Pull,Compound,Bilateral,Bodybuilding
EZ Bar Reverse Grip Bent Over Row,Beginner,Back,Latissimus Dorsi,Rhomboids,Posterior Deltoids,EZ Bar,1,None,0,Standing,Double Arm,Continuous,Supinated,Other,No Elevation,Single Exercise,Horizontal Pull,,,Sagittal Plane,,,Upper Body,Pull,Compound,Bilateral,Bodybuilding
EZ Bar Reverse Grip Overhead Press,Novice,Shoulders,Anterior Deltoids,Triceps Brachii,,EZ Bar,1,None,0,Standing,Double Arm,Continuous,Supinated,Overhead,No Elevation,Single Exercise,Vertical Push,,,Sagittal Plane,,,Upper Body,Push,Compound,Bilateral,Bodybuilding
EZ Bar Reverse Grip Seated Overhead Press,Novice,Shoulders,Anterior Deltoids,Triceps Brachii,,EZ Bar,1,Bench (Flat),1,Seated,Double Arm,Continuous,Supinated,Overhead,No Elevation,Single Exercise,Vertical Push,,,Sagittal Plane,,,Upper Body,Push,Compound,Bilateral,Bodybuilding
EZ Bar Close Grip Bench Press,Novice,Triceps,Triceps Brachii,Pectoralis Major,,EZ Bar,1,Bench (Flat),1,Supine,Double Arm,Continuous,Pronated,Above Chest,No Elevation,Single Exercise,Horizontal Push,,,Sagittal Plane,,,Upper Body,Push,Compound,Bilateral,Bodybuilding
EZ Bar Close Grip Incline Bench Press,Novice,Triceps,Triceps Brachii,Pectoralis Major,,EZ Bar,1,Bench (Incline),1,Seated,Double Arm,Continuous,Pronated,Above Chest,No Elevation,Single Exercise,Horizontal Push,,,Sagittal Plane,,,Upper Body,Push,Compound,Bilateral,Bodybuilding
EZ Bar Close Grip Decline Bench Press,Novice,Triceps,Triceps Brachii,Pectoralis Major,,EZ Bar,1,Bench (Decline),1,Supine,Double Arm,Continuous,Pronated,Above Chest,No Elevation,Single Exercise,Horizontal Push,,,Sagittal Plane,,,Upper Body,Push,Compound,Bilateral,Bodybuilding
Single Arm Dumbbell Bent Over Row,Beginner,Back,Latissimus Dorsi,Rhomboids,Posterior Deltoids,Dumbbell,1,None,0,Standing,Single Arm,Continuous,Neutral,Other,No Elevation,Single Exercise,Horizontal Pull,,,Sagittal Plane,,,Upper Body,Pull,Compound,Unilateral,Bodybuilding
Single Arm Dumbbell Knee Supported Row,Beginner,Back,Latissimus Dorsi,,,Dumbbell,1,Bench (Flat),1,Knee Supported,Single Arm,Continuous,Neutral,Other,No Elevation,Single Exercise,Horizontal Pull,,,Sagittal Plane,,,Upper Body,Pull,Compound,Unilateral,Bodybuilding
Barbell Reverse Grip Overhead Press,Novice,Shoulders,Anterior Deltoids,Triceps Brachii,,Barbell,1,None,0,Standing,Double Arm,Continuous,Supinated,Overhead,No Elevation,Single Exercise,Vertical Push,,,Sagittal Plane,,,Upper Body,Push,Compound,Bilateral,Bodybuilding
Barbell Seated Reverse Grip Overhead Press,Novice,Shoulders,Anterior Deltoids,Triceps Brachii,,Barbell,1,Bench (Flat),1,Seated,Double Arm,Continuous,Supinated,Overhead,No Elevation,Single Exercise,Vertical Push,,,Sagittal Plane,,,Upper Body,Push,Compound,Bilateral,Bodybuilding
Kettlebell Goblet Alternating Lateral Lunge,Novice,Quadriceps,Quadriceps Femoris,Gluteus Maximus,,Kettlebell,1,None,0,Standing,Double Arm,Continuous,Goblet,Front Rack,No Elevation,Single Exercise,Knee Dominant,,,Frontal Plane,,,Lower Body,Push,Compound,Unilateral,Bodybuilding
Dumbbell Pullover,Beginner,Back,Latissimus Dorsi,Pectoralis Major,Triceps Brachii,Dumbbell,1,Bench (Flat),1,Supine,Double Arm,Continuous,Flat Palm,Above Chest,No Elevation,Single Exercise,,,,Sagittal Plane,,,Upper Body,Pull,Compound,Bilateral,Bodybuilding
Dumbbell Incline Bench Pullover,Beginner,Back,Latissimus Dorsi,Pectoralis Major,Triceps Brachii,Dumbbell,1,Bench (Incline),1,Seated,Double Arm,Continuous,Flat Palm,Above Chest,No Elevation,Single Exercise,,,,Sagittal Plane,,,Upper Body,Pull,Compound,Bilateral,Bodybuilding
Tire Jump,Intermediate,Quadriceps,Quadriceps Femoris,Gluteus Maximus,Biceps Femoris,Tire,1,None,0,Standing,No Arms,Continuous,No Grip,No Load,Feet Elevated,Single Exercise,Knee Dominant,,,Sagittal Plane,,,Lower Body,Push,Compound,Bilateral,Plyometric
Tire Jump Through,Intermediate,Quadriceps,Quadriceps Femoris,Gluteus Maximus,Biceps Femoris,Tire,1,None,0,Standing,No Arms,Continuous,No Grip,No Load,No Elevation,Single Exercise,Knee Dominant,,,Sagittal Plane,,,Lower Body,Push,Compound,Bilateral,Plyometric
Tire Broad Jump,Advanced,Quadriceps,Quadriceps Femoris,Gluteus Maximus,Biceps Femoris,Tire,1,None,0,Standing,No Arms,Continuous,No Grip,No Load,No Elevation,Single Exercise,Knee Dominant,,,Sagittal Plane,,,Lower Body,Push,Compound,Bilateral,Plyometric
Tire Step Up,Novice,Quadriceps,Quadriceps Femoris,Gluteus Maximus,,Tire,1,None,0,Standing,No Arms,Continuous,No Grip,No Load,Foot Elevated (Front),Single Exercise,Knee Dominant,,,Sagittal Plane,,,Lower Body,Push,Compound,Unilateral,Unsorted*
Tire Alternating Step Up,Novice,Quadriceps,Quadriceps Femoris,Gluteus Maximus,,Tire,1,None,0,Standing,No Arms,Continuous,No Grip,No Load,Foot Elevated (Front),Single Exercise,Knee Dominant,,,Sagittal Plane,,,Lower Body,Push,Compound,Unilateral,Unsorted*
Tire Alternating Toe Taps Around the World,Intermediate,Quadriceps,Quadriceps Femoris,Gluteus Maximus,,Tire,1,None,0,Standing,No Arms,Continuous,No Grip,No Load,Foot Elevated (Front),Single Exercise,Knee Dominant,,,Sagittal Plane,,,Lower Body,Push,Compound,Unilateral,Plyometric
Tire Incline Push Up,Beginner,Chest,Pectoralis Major,Triceps Brachii,Anterior Deltoids,Tire,1,None,0,Prone,Double Arm,Continuous,Flat Palm,No Load,No Elevation,Single Exercise,Horizontal Push,,,Sagittal Plane,,,Upper Body,Push,Compound,Bilateral,Calisthenics
Tire Lateral Jump Through,Intermediate,Quadriceps,Quadriceps Femoris,Gluteus Maximus,Biceps Femoris,Tire,1,None,0,Standing,No Arms,Continuous,No Grip,No Load,No Elevation,Single Exercise,Knee Dominant,,,Frontal Plane,,,Lower Body,Push,Compound,Bilateral,Plyometric
Tire Carry,Intermediate,Forearms,Brachioradialis,Rectus Abdominis,,Tire,1,None,0,Walking,Double Arm,Continuous,Other,Suitcase,No Elevation,Single Exercise,Loaded Carry,,,Sagittal Plane,,,Full Body,Other,Compound,Bilateral,Unsorted*
Tire Sledge Hammer Staggered Stance Slam,Novice,Abdominals,Obliques,Rectus Abdominis,Posterior Deltoids,Tire,1,Sledge Hammer,1,Staggered Stance,Double Arm,Continuous,Neutral,Overhead,No Elevation,Single Exercise,Rotational,,,Transverse Plane,,,Upper Body,Other,Compound,Bilateral,Ballistics
Tire Macebell Staggered Stance Slam,Novice,Abdominals,Obliques,Rectus Abdominis,Posterior Deltoids,Tire,1,Macebell,1,Staggered Stance,Double Arm,Continuous,Neutral,Overhead,No Elevation,Single Exercise,Rotational,,,Transverse Plane,,,Upper Body,Other,Compound,Bilateral,Ballistics
Barbell Back Rack Carry,Intermediate,Abdominals,Rectus Abdominis,Gluteus Maximus,,Barbell,1,None,0,Walking,Double Arm,Continuous,Pronated,Back Rack,No Elevation,Single Exercise,Loaded Carry,,,Sagittal Plane,,,Full Body,Other,Compound,Bilateral,Unsorted*
Single Arm Barbell Suitcase Carry,Intermediate,Forearms,Brachioradialis,Obliques,,Barbell,1,None,0,Walking,Single Arm,Continuous,Neutral,Suitcase,No Elevation,Single Exercise,Loaded Carry,Anti-Lateral Flexion,,Sagittal Plane,,,Full Body,Other,Compound,Unilateral,Unsorted*
Suspension Bulgarian Split Squat,Intermediate,Quadriceps,Quadriceps Femoris,Gluteus Maximus,,Suspension Trainer,1,None,0,Single Leg Supported,No Arms,Continuous,No Grip,No Load,Foot Elevated (Rear),Single Exercise,Knee Dominant,,,Sagittal Plane,,,Lower Body,Push,Compound,Unilateral,Bodybuilding
Suspension Bulgarian Split Squat Jump,Advanced,Quadriceps,Quadriceps Femoris,Gluteus Maximus,,Suspension Trainer,1,None,0,Single Leg Supported,No Arms,Continuous,No Grip,No Load,Foot Elevated (Rear),Single Exercise,Knee Dominant,,,Sagittal Plane,,,Lower Body,Push,Compound,Unilateral,Plyometric
Bodyweight Lateral Bear Crawl,Novice,Abdominals,Rectus Abdominis,,,Bodyweight,1,None,0,Knee Hover Quadruped,Double Arm,Alternating,Flat Palm,No Load,No Elevation,Single Exercise,,,,Frontal Plane,,,Midsection,Other,Compound,Bilateral,Animal Flow
Bodyweight Box Step Up Jump,Intermediate,Quadriceps,Quadriceps Femoris,Gluteus Maximus,,Bodyweight,1,Plyo Box,1,Standing,No Arms,Continuous,No Grip,No Load,Foot Elevated (Front),Single Exercise,Knee Dominant,,,Sagittal Plane,,,Lower Body,Push,Compound,Unilateral,Plyometric
Tire Step Up Jump,Intermediate,Quadriceps,Quadriceps Femoris,Gluteus Maximus,,Tire,1,None,0,Standing,No Arms,Continuous,No Grip,No Load,Foot Elevated (Front),Single Exercise,Knee Dominant,,,Sagittal Plane,,,Lower Body,Push,Compound,Unilateral,Plyometric
Bodyweight Alternating Box Step Up Jump,Intermediate,Quadriceps,Quadriceps Femoris,Gluteus Maximus,,Bodyweight,1,Plyo Box,1,Standing,No Arms,Continuous,No Grip,No Load,Foot Elevated (Front),Single Exercise,Knee Dominant,,,Sagittal Plane,,,Lower Body,Push,Compound,Unilateral,Plyometric
Tire Alternating Step Up Jump,Intermediate,Quadriceps,Quadriceps Femoris,Gluteus Maximus,,Tire,1,None,0,Standing,No Arms,Continuous,No Grip,No Load,Foot Elevated (Front),Single Exercise,Knee Dominant,,,Sagittal Plane,,,Lower Body,Push,Compound,Unilateral,Plyometric
Barbell Power Clean to Push Press,Expert,Shoulders,Anterior Deltoids,Triceps Brachii,,Barbell,1,None,0,Standing,Double Arm,Continuous,Pronated,Overhead,No Elevation,Combo Exercise,Hip Hinge,Vertical Push,,Sagittal Plane,,,Full Body,Push & Pull,Compound,Bilateral,Olympic Weightlifting
Double Clubbell Asynchronous Mill,Expert,Shoulders,Posterior Deltoids,Gluteus Maximus,Obliques,Clubbell,2,None,0,Standing,Double Arm,Alternating,Neutral,Behind Back,No Elevation,Single Exercise,Rotational,,,Transverse Plane,,,Upper Body,Pull,Compound,Unilateral,Ballistics
Double Clubbell Inside Pendulum,Intermediate,Abdominals,Obliques,Gluteus Maximus,,Clubbell,2,None,0,Standing,Double Arm,Continuous,Neutral,Order,No Elevation,Single Exercise,Rotational,,,Transverse Plane,,,Full Body,Other,Compound,Bilateral,Ballistics
Single Arm Clubbell Outside Pendulum,Intermediate,Abdominals,Obliques,Gluteus Maximus,,Clubbell,1,None,0,Standing,Single Arm,Continuous,Neutral,Order,No Elevation,Single Exercise,Rotational,,,Transverse Plane,,,Full Body,Other,Compound,Unilateral,Ballistics
Double Clubbell Outside Pendulum,Intermediate,Abdominals,Obliques,Gluteus Maximus,,Clubbell,2,None,0,Standing,Double Arm,Continuous,Neutral,Order,No Elevation,Single Exercise,Rotational,,,Transverse Plane,,,Full Body,Other,Compound,Bilateral,Ballistics
Double Clubbell Inside Pendulum to Outside Pendulum,Intermediate,Abdominals,Obliques,Gluteus Maximus,,Clubbell,2,None,0,Standing,Double Arm,Continuous,Neutral,Order,No Elevation,Combo Exercise,Rotational,,,Transverse Plane,,,Full Body,Other,Compound,Bilateral,Ballistics
Clubbell Outside Pendulum,Intermediate,Abdominals,Obliques,Gluteus Maximus,,Clubbell,1,None,0,Standing,Double Arm,Continuous,Neutral,Other,No Elevation,Single Exercise,Rotational,,,Transverse Plane,,,Full Body,Other,Compound,Bilateral,Ballistics
Double Clubbell Inside Circle,Intermediate,Abdominals,Rectus Abdominis,Gluteus Maximus,Brachioradialis,Clubbell,2,None,0,Standing,Double Arm,Continuous,Neutral,Order,No Elevation,Single Exercise,Rotational,,,Transverse Plane,,,Full Body,Other,Compound,Bilateral,Ballistics
Double Clubbell Outside Circle,Intermediate,Abdominals,Rectus Abdominis,Gluteus Maximus,Brachioradialis,Clubbell,2,None,0,Standing,Double Arm,Continuous,Neutral,Order,No Elevation,Single Exercise,Rotational,,,Transverse Plane,,,Full Body,Other,Compound,Bilateral,Ballistics
Clubbell Side to Side Swing,Intermediate,Abdominals,Obliques,Gluteus Maximus,,Clubbell,1,None,0,Standing,Double Arm,Continuous,Neutral,Other,No Elevation,Single Exercise,Rotational,,,Transverse Plane,,,Full Body,Other,Compound,Bilateral,Ballistics
Double Dumbbell Close Grip Decline Bench Press,Beginner,Triceps,Triceps Brachii,Pectoralis Major,Anterior Deltoids,Dumbbell,2,Bench (Decline),1,Supine,Double Arm,Continuous,Neutral,Above Chest,No Elevation,Single Exercise,Horizontal Push,,,Sagittal Plane,,,Upper Body,Push,Compound,Bilateral,Bodybuilding
Bodyweight Eccentric Push Up,Beginner,Chest,Pectoralis Major,Triceps Brachii,,Bodyweight,1,None,0,Prone,Double Arm,Continuous,Flat Palm,No Load,No Elevation,Single Exercise,Horizontal Push,,,Sagittal Plane,,,Upper Body,Push,Compound,Bilateral,Calisthenics
Bodyweight Push Up,Novice,Chest,Pectoralis Major,Triceps Brachii,,Bodyweight,1,None,0,Prone,Double Arm,Continuous,Flat Palm,No Load,No Elevation,Single Exercise,Horizontal Push,,,Sagittal Plane,,,Upper Body,Push,Compound,Bilateral,Calisthenics
Tire Feet Elevated Decline Push Up,Intermediate,Chest,Pectoralis Major,Triceps Brachii,,Tire,1,None,0,Prone,Double Arm,Continuous,Flat Palm,No Load,Feet Elevated,Single Exercise,Horizontal Push,,,Sagittal Plane,,,Upper Body,Push,Compound,Bilateral,Calisthenics
Bodyweight Bench Feet Elevated Decline Push Up,Intermediate,Chest,Pectoralis Major,Triceps Brachii,,Bodyweight,1,Bench (Flat),1,Prone,Double Arm,Continuous,Flat Palm,No Load,Feet Elevated,Single Exercise,Horizontal Push,,,Sagittal Plane,,,Upper Body,Push,Compound,Bilateral,Calisthenics
Bodyweight Box Feet Elevated Decline Push Up,Intermediate,Chest,Pectoralis Major,Triceps Brachii,,Bodyweight,1,Plyo Box,1,Prone,Double Arm,Continuous,Flat Palm,No Load,Feet Elevated,Single Exercise,Horizontal Push,,,Sagittal Plane,,,Upper Body,Push,Compound,Bilateral,Calisthenics
Barbell Close Grip Incline Bench Press,Novice,Triceps,Triceps Brachii,Pectoralis Major,,Barbell,1,Bench (Incline),1,Seated,Double Arm,Continuous,Pronated,Above Chest,No Elevation,Single Exercise,Horizontal Push,,,Sagittal Plane,,,Upper Body,Push,Compound,Bilateral,Bodybuilding
Barbell Close Grip Decline Bench Press,Novice,Triceps,Triceps Brachii,Pectoralis Major,,Barbell,1,Bench (Decline),1,Supine,Double Arm,Continuous,Pronated,Above Chest,No Elevation,Single Exercise,Horizontal Push,,,Sagittal Plane,,,Upper Body,Push,Compound,Bilateral,Bodybuilding
Tire Feet Elevated Glute Bridge,Novice,Glutes,Gluteus Maximus,,,Tire,1,None,0,Bridge,No Arms,Continuous,No Grip,No Load,Feet Elevated,Single Exercise,Hip Extension,,,Sagittal Plane,,,Lower Body,Unsorted*,Compound,Bilateral,Bodybuilding
Bodyweight Feet Elevated Pike Push Up,Intermediate,Shoulders,Anterior Deltoids,Triceps Brachii,,Bodyweight,1,Plyo Box,1,Inverted,Double Arm,Continuous,Flat Palm,No Load,Feet Elevated,Single Exercise,Vertical Push,,,Sagittal Plane,,,Upper Body,Push,Compound,Bilateral,Calisthenics
Tire Feet Elevated Pike Push Up,Intermediate,Shoulders,Anterior Deltoids,Triceps Brachii,,Tire,1,None,0,Inverted,Double Arm,Continuous,Flat Palm,No Load,Feet Elevated,Single Exercise,Vertical Push,,,Sagittal Plane,,,Upper Body,Push,Compound,Bilateral,Calisthenics
Tire Flip,Advanced,Back,Latissimus Dorsi,Quadriceps Femoris,,Tire,1,None,0,Standing,Double Arm,Continuous,Supinated,Other,No Elevation,Single Exercise,Hip Hinge,Horizontal Push,,Sagittal Plane,,,Full Body,Push & Pull,Compound,Bilateral,Unsorted*
Tire In and Out Jump Squat,Intermediate,Quadriceps,Quadriceps Femoris,Gluteus Maximus,,Tire,1,None,0,Standing,No Arms,Continuous,No Grip,No Load,Feet Elevated,Single Exercise,Knee Dominant,,,Frontal Plane,Sagittal Plane,,Lower Body,Push,Compound,Bilateral,Plyometric
Kettlebell Goblet Alternating Forward Lunge,Novice,Quadriceps,Quadriceps Femoris,Gluteus Maximus,,Kettlebell,1,None,0,Standing,Double Arm,Continuous,Goblet,Front Rack,No Elevation,Single Exercise,Knee Dominant,,,Sagittal Plane,,,Lower Body,Push,Compound,Unilateral,Bodybuilding
Double Dumbbell Suitcase Feet Elevated Calf Raise,Novice,Calves,Gastrocnemius,Soleus,,Dumbbell,2,None,0,Standing,Double Arm,Continuous,Neutral,Suitcase,Toes Elevated,Single Exercise,Ankle Plantar Flexion,,,Sagittal Plane,,,Lower Body,Push,Isolation,Bilateral,Bodybuilding
Double Dumbbell Suitcase Calf Raise,Beginner,Calves,Gastrocnemius,Soleus,,Dumbbell,2,None,0,Standing,Double Arm,Continuous,Neutral,Suitcase,No Elevation,Single Exercise,Ankle Plantar Flexion,,,Sagittal Plane,,,Lower Body,Push,Isolation,Bilateral,Bodybuilding
Double Kettlebell Bottoms Up Push Jerk,Intermediate,Shoulders,Anterior Deltoids,Triceps Brachii,Gluteus Minimus,Kettlebell,2,None,0,Standing,Double Arm,Continuous,Bottoms Up,Overhead,No Elevation,Single Exercise,Vertical Push,,,Sagittal Plane,,,Upper Body,Push,Compound,Bilateral,Unsorted*
Double Dumbbell Seated Calf Raise,Beginner,Calves,Soleus,,,Dumbbell,2,Bench (Flat),1,Seated,Double Arm,Continuous,Neutral,Other,No Elevation,Single Exercise,Ankle Plantar Flexion,,,Sagittal Plane,,,Lower Body,Push,Isolation,Bilateral,Bodybuilding
Barbell Seated Calf Raise,Novice,Calves,Soleus,,,Barbell,1,Bench (Flat),1,Seated,Double Arm,Continuous,Pronated,Other,No Elevation,Single Exercise,Ankle Plantar Flexion,,,Sagittal Plane,,,Lower Body,Push,Isolation,Bilateral,Bodybuilding
Double Clubbell Order Feet Elevated Calf Raise,Novice,Calves,Gastrocnemius,Soleus,,Clubbell,2,None,0,Standing,Double Arm,Continuous,Neutral,Order,Toes Elevated,Single Exercise,Ankle Plantar Flexion,,,Sagittal Plane,,,Lower Body,Push,Isolation,Bilateral,Bodybuilding
Double Clubbell Order Calf Raise,Beginner,Calves,Gastrocnemius,Soleus,,Clubbell,2,None,0,Standing,Double Arm,Continuous,Neutral,Order,No Elevation,Single Exercise,Ankle Plantar Flexion,,,Sagittal Plane,,,Lower Body,Push,Isolation,Bilateral,Bodybuilding
Clubbell Order Feet Elevated Calf Raise,Novice,Calves,Gastrocnemius,Soleus,,Clubbell,1,None,0,Standing,Double Arm,Continuous,Neutral,Order,Toes Elevated,Single Exercise,Ankle Plantar Flexion,,,Sagittal Plane,,,Lower Body,Push,Isolation,Bilateral,Bodybuilding
Clubbell Order Calf Raise,Beginner,Calves,Gastrocnemius,Soleus,,Clubbell,1,None,0,Standing,Double Arm,Continuous,Neutral,Order,No Elevation,Single Exercise,Ankle Plantar Flexion,,,Sagittal Plane,,,Lower Body,Push,Isolation,Bilateral,Bodybuilding
Single Arm Clubbell Order Feet Elevated Calf Raise,Novice,Calves,Gastrocnemius,Soleus,,Clubbell,1,None,0,Standing,Single Arm,Continuous,Neutral,Order,Toes Elevated,Single Exercise,Ankle Plantar Flexion,,,Sagittal Plane,,,Lower Body,Push,Isolation,Unilateral,Bodybuilding
Single Arm Clubbell Order Calf Raise,Beginner,Calves,Gastrocnemius,Soleus,,Clubbell,1,None,0,Standing,Single Arm,Continuous,Neutral,Order,No Elevation,Single Exercise,Ankle Plantar Flexion,,,Sagittal Plane,,,Lower Body,Push,Isolation,Unilateral,Bodybuilding
Bodyweight Hand Assisted Feet Elevated Calf Raise,Beginner,Calves,Gastrocnemius,Soleus,,Bodyweight,1,None,0,Standing,Double Arm,Continuous,Hand Assisted,No Load,Toes Elevated,Single Exercise,Ankle Plantar Flexion,,,Sagittal Plane,,,Lower Body,Push,Isolation,Bilateral,Bodybuilding
Bodyweight Hand Assisted Calf Raise,Beginner,Calves,Gastrocnemius,Soleus,,Bodyweight,1,None,0,Standing,Double Arm,Continuous,Hand Assisted,No Load,No Elevation,Single Exercise,Ankle Plantar Flexion,,,Sagittal Plane,,,Lower Body,Push,Isolation,Bilateral,Bodybuilding
Bodyweight Calf Raise,Beginner,Calves,Gastrocnemius,Soleus,,Bodyweight,1,None,0,Standing,No Arms,Continuous,No Grip,No Load,No Elevation,Single Exercise,Ankle Plantar Flexion,,,Sagittal Plane,,,Lower Body,Push,Isolation,Bilateral,Bodybuilding
Bodyweight Hand Assisted Foot Elevated Single Leg Calf Raise,Novice,Calves,Gastrocnemius,Soleus,,Bodyweight,1,None,0,Single Leg Standing,Double Arm,Continuous,Hand Assisted,No Load,Toes Elevated,Single Exercise,Ankle Plantar Flexion,,,Sagittal Plane,,,Lower Body,Push,Isolation,Unilateral,Bodybuilding
Bodyweight Hand Assisted Single Leg Calf Raise,Novice,Calves,Gastrocnemius,Soleus,,Bodyweight,1,None,0,Single Leg Standing,Double Arm,Continuous,Hand Assisted,No Load,No Elevation,Single Exercise,Ankle Plantar Flexion,,,Sagittal Plane,,,Lower Body,Push,Isolation,Unilateral,Bodybuilding
Bodyweight Single Leg Calf Raise,Novice,Calves,Gastrocnemius,Soleus,,Bodyweight,1,None,0,Single Leg Standing,No Arms,Continuous,No Grip,No Load,No Elevation,Single Exercise,Ankle Plantar Flexion,,,Sagittal Plane,,,Lower Body,Push,Isolation,Unilateral,Bodybuilding
Barbell Front Rack Feet Elevated Calf Raise,Intermediate,Calves,Gastrocnemius,Soleus,,Barbell,1,None,0,Standing,Double Arm,Continuous,Pronated,Front Rack,Toes Elevated,Single Exercise,Ankle Plantar Flexion,,,Sagittal Plane,,,Lower Body,Push,Isolation,Bilateral,Bodybuilding
Kettlebell Goblet Alternating Reverse Lunge,Novice,Quadriceps,Quadriceps Femoris,Gluteus Maximus,Biceps Femoris,Kettlebell,1,None,0,Standing,Double Arm,Continuous,Goblet,Front Rack,No Elevation,Single Exercise,Knee Dominant,,,Sagittal Plane,,,Lower Body,Push,Compound,Unilateral,Bodybuilding
Double Kettlebell L Sit Flutter Kicks,Advanced,Abdominals,Rectus Abdominis,,,Kettlebell,2,None,0,L Sit,Double Arm,Continuous,Neutral,No Load,No Elevation,Single Exercise,Isometric Hold,,,Sagittal Plane,,,Midsection,Other,Compound,Unilateral,Calisthenics
Double Dumbbell Front Rack Feet Elevated Calf Raise,Novice,Calves,Gastrocnemius,Soleus,,Dumbbell,2,None,0,Standing,Double Arm,Continuous,Neutral,Front Rack,Toes Elevated,Single Exercise,Ankle Plantar Flexion,,,Sagittal Plane,,,Lower Body,Push,Isolation,Bilateral,Bodybuilding
Double Dumbbell Front Rack Calf Raise,Beginner,Calves,Gastrocnemius,Soleus,,Dumbbell,2,None,0,Standing,Double Arm,Continuous,Neutral,Front Rack,No Elevation,Single Exercise,Ankle Plantar Flexion,,,Sagittal Plane,,,Lower Body,Push,Isolation,Bilateral,Bodybuilding
Barbell Back Rack Feet Elevated Calf Raise,Intermediate,Calves,Gastrocnemius,Soleus,,Barbell,1,None,0,Standing,Double Arm,Continuous,Pronated,Back Rack,Toes Elevated,Single Exercise,Ankle Plantar Flexion,,,Sagittal Plane,,,Lower Body,Push,Isolation,Bilateral,Bodybuilding
Tire Mountain Climber,Novice,Abdominals,Rectus Abdominis,,,Tire,1,None,0,Prone,Double Arm,Continuous,Flat Palm,No Load,No Elevation,Single Exercise,Anti-Extension,Spinal Flexion,,Sagittal Plane,,,Midsection,Other,Compound,Unilateral,Calisthenics
Bodyweight Wall Supported Tibialis Raise,Beginner,Shins,Tibialis Anterior,,,Bodyweight,1,None,0,Standing,No Arms,Continuous,No Grip,Other,No Elevation,Single Exercise,Ankle Dorsiflexion,,,Sagittal Plane,,,Lower Body,Unsorted*,Isolation,Unilateral,Unsorted*
Cable Seated Tibialis Raise,Novice,Shins,Tibialis Anterior,,,Cable,1,None,0,Seated Floor,No Arms,Continuous,No Grip,Other,No Elevation,Single Exercise,Ankle Dorsiflexion,,,Sagittal Plane,,,Lower Body,Unsorted*,Isolation,Bilateral,Unsorted*
Cable Seated Single Leg Tibialis Raise,Novice,Shins,Tibialis Anterior,,,Cable,1,None,0,Seated Floor,No Arms,Continuous,No Grip,Other,No Elevation,Single Exercise,Ankle Dorsiflexion,,,Sagittal Plane,,,Lower Body,Unsorted*,Isolation,Unilateral,Unsorted*
Kettlebell Goblet Walking Lunge,Novice,Quadriceps,Quadriceps Femoris,Gluteus Maximus,,Kettlebell,1,None,0,Walking,Double Arm,Continuous,Goblet,Front Rack,No Elevation,Single Exercise,Knee Dominant,,,Sagittal Plane,,,Lower Body,Push,Compound,Unilateral,Bodybuilding
Dumbbell Seated Tibialis Raise,Novice,Shins,Tibialis Anterior,,,Dumbbell,1,Bench (Flat),1,Seated,No Arms,Continuous,No Grip,Other,No Elevation,Single Exercise,Ankle Dorsiflexion,,,Sagittal Plane,,,Lower Body,Unsorted*,Isolation,Bilateral,Unsorted*
Kettlebell Horn Grip Alternating Lateral Lunge,Novice,Quadriceps,Quadriceps Femoris,Gluteus Maximus,,Kettlebell,1,None,0,Standing,Double Arm,Continuous,Horn Grip,Front Rack,No Elevation,Single Exercise,Knee Dominant,,,Frontal Plane,,,Lower Body,Push,Compound,Unilateral,Bodybuilding
Kettlebell Low Hold Alternating Lateral Lunge,Novice,Quadriceps,Quadriceps Femoris,Gluteus Maximus,,Kettlebell,1,None,0,Standing,Double Arm,Continuous,Pronated,Low Hold,No Elevation,Single Exercise,Knee Dominant,,,Frontal Plane,,,Lower Body,Push,Compound,Unilateral,Bodybuilding
Double Dumbbell Seated Feet Elevated Calf Raise,Beginner,Calves,Soleus,,,Dumbbell,2,Bench (Flat),1,Seated,Double Arm,Continuous,Neutral,Other,Toes Elevated,Single Exercise,Ankle Plantar Flexion,,,Sagittal Plane,,,Lower Body,Push,Isolation,Bilateral,Bodybuilding
Barbell Seated Feet Elevated Calf Raise,Novice,Calves,Soleus,,,Barbell,1,Bench (Flat),1,Seated,Double Arm,Continuous,Pronated,Other,Toes Elevated,Single Exercise,Ankle Plantar Flexion,,,Sagittal Plane,,,Lower Body,Push,Isolation,Bilateral,Bodybuilding
Kettlebell Horn Grip Alternating Forward Lunge,Novice,Quadriceps,Quadriceps Femoris,Gluteus Maximus,,Kettlebell,1,None,0,Standing,Double Arm,Continuous,Horn Grip,Front Rack,No Elevation,Single Exercise,Knee Dominant,,,Sagittal Plane,,,Lower Body,Push,Compound,Unilateral,Bodybuilding
Tire Leg Press,Intermediate,Quadriceps,Quadriceps Femoris,Gluteus Maximus,Biceps Femoris,Tire,1,None,0,Supine,No Arms,Continuous,No Grip,Other,No Elevation,Single Exercise,Knee Dominant,,,Sagittal Plane,,,Lower Body,Push,Compound,Bilateral,Bodybuilding
Cable Split Squat Isometric Pallof Press,Intermediate,Abdominals,Obliques,Rectus Abdominis,,Cable,1,None,0,Split Squat Isometric,Double Arm,Continuous,Neutral,Other,No Elevation,Single Exercise,Anti-Rotational,Isometric Hold,,Frontal Plane,,,Full Body,Other,Compound,Unilateral,Balance
Bodyweight Split Squat Isometric Calf Raise,Intermediate,Calves,Soleus,,,Bodyweight,1,None,0,Split Squat Isometric,No Arms,Continuous,No Grip,No Load,No Elevation,Single Exercise,Ankle Plantar Flexion,Isometric Hold,,Sagittal Plane,,,Lower Body,Push,Compound,Unilateral,Balance
Bodyweight Split Squat Isometric Foot Elevated Calf Raise,Intermediate,Calves,Soleus,,,Bodyweight,1,None,0,Split Squat Isometric,No Arms,Continuous,No Grip,No Load,Toes Elevated,Single Exercise,Ankle Plantar Flexion,Isometric Hold,,Sagittal Plane,,,Lower Body,Push,Compound,Unilateral,Balance
Double Dumbbell Suitcase Split Squat Isometric Calf Raise,Advanced,Calves,Soleus,,,Dumbbell,2,None,0,Split Squat Isometric,Double Arm,Continuous,Neutral,Suitcase,No Elevation,Single Exercise,Ankle Plantar Flexion,Isometric Hold,,Sagittal Plane,,,Lower Body,Push,Compound,Unilateral,Balance
Double Dumbbell Suitcase Split Squat Isometric Foot Elevated Calf Raise,Advanced,Calves,Soleus,,,Dumbbell,2,None,0,Split Squat Isometric,Double Arm,Continuous,Neutral,Suitcase,Toes Elevated,Single Exercise,Ankle Plantar Flexion,Isometric Hold,,Sagittal Plane,,,Lower Body,Push,Compound,Unilateral,Balance
Kettlebell Horn Grip Alternating Reverse Lunge,Novice,Quadriceps,Quadriceps Femoris,Gluteus Maximus,Biceps Femoris,Kettlebell,1,None,0,Standing,Double Arm,Continuous,Horn Grip,Front Rack,No Elevation,Single Exercise,Knee Dominant,,,Sagittal Plane,,,Lower Body,Push,Compound,Unilateral,Bodybuilding
Kettlebell Horn Grip Walking Lunge,Novice,Quadriceps,Quadriceps Femoris,Gluteus Maximus,,Kettlebell,1,None,0,Walking,Double Arm,Continuous,Horn Grip,Front Rack,No Elevation,Single Exercise,Knee Dominant,,,Sagittal Plane,,,Lower Body,Push,Compound,Unilateral,Bodybuilding
Barbell Back Rack Split Squat Isometric Calf Raise,Advanced,Calves,Soleus,,,Barbell,1,None,0,Split Squat Isometric,Double Arm,Continuous,Pronated,Back Rack,No Elevation,Single Exercise,Ankle Plantar Flexion,Isometric Hold,,Sagittal Plane,,,Lower Body,Push,Compound,Unilateral,Balance
Barbell Back Rack Split Squat Isometric Foot Elevated Calf Raise,Advanced,Calves,Soleus,,,Barbell,1,None,0,Split Squat Isometric,Double Arm,Continuous,Pronated,Back Rack,Toes Elevated,Single Exercise,Ankle Plantar Flexion,Isometric Hold,,Sagittal Plane,,,Lower Body,Push,Compound,Unilateral,Balance
Barbell Front Rack Split Squat Isometric Calf Raise,Advanced,Calves,Soleus,,,Barbell,1,None,0,Split Squat Isometric,Double Arm,Continuous,Pronated,Front Rack,No Elevation,Single Exercise,Ankle Plantar Flexion,Isometric Hold,,Sagittal Plane,,,Lower Body,Push,Compound,Unilateral,Balance
Barbell Front Rack Split Squat Isometric Foot Elevated Calf Raise,Advanced,Calves,Soleus,,,Barbell,1,None,0,Split Squat Isometric,Double Arm,Continuous,Pronated,Front Rack,Toes Elevated,Single Exercise,Ankle Plantar Flexion,Isometric Hold,,Sagittal Plane,,,Lower Body,Push,Compound,Unilateral,Balance
Single Arm Dumbbell Suitcase Hand Assisted Ipsilateral Foot Elevated Single Leg Calf Raise,Novice,Calves,Gastrocnemius,Soleus,,Dumbbell,1,None,0,Single Leg Standing,Single Arm,Continuous,Hand Assisted,Suitcase,Toes Elevated,Single Exercise,Ankle Plantar Flexion,,,Sagittal Plane,,,Lower Body,Push,Isolation,Ipsilateral,Bodybuilding
Double Kettlebell Straddle L Sit,Advanced,Abdominals,Rectus Abdominis,,,Kettlebell,2,None,0,L Sit,Double Arm,Continuous,Neutral,No Load,No Elevation,Single Exercise,Isometric Hold,,,Sagittal Plane,,,Midsection,Other,Compound,Bilateral,Calisthenics
Double Dumbbell Front Rack Split Squat Isometric Calf Raise,Advanced,Calves,Soleus,,,Dumbbell,2,None,0,Split Squat Isometric,Double Arm,Continuous,Neutral,Front Rack,No Elevation,Single Exercise,Ankle Plantar Flexion,Isometric Hold,,Sagittal Plane,,,Lower Body,Push,Compound,Unilateral,Balance
Double Dumbbell Front Rack Split Squat Isometric Foot Elevated Calf Raise,Advanced,Calves,Soleus,,,Dumbbell,2,None,0,Split Squat Isometric,Double Arm,Continuous,Neutral,Front Rack,Toes Elevated,Single Exercise,Ankle Plantar Flexion,Isometric Hold,,Sagittal Plane,,,Lower Body,Push,Compound,Unilateral,Balance
Single Arm Kettlebell Front Rack Low Switch Cossack Squat,Intermediate,Quadriceps,Quadriceps Femoris,Adductor Magnus,Gluteus Maximus,Kettlebell,1,None,0,Standing,Single Arm,Continuous,Neutral,Front Rack,No Elevation,Single Exercise,Knee Dominant,,,Frontal Plane,,,Lower Body,Push,Compound,Unilateral,Bodybuilding
Single Arm Kettlebell Front Rack Foot Elevated Contralateral Cossack Squat,Intermediate,Quadriceps,Quadriceps Femoris,Adductor Magnus,Gluteus Maximus,Kettlebell,1,None,0,Standing,Single Arm,Continuous,Neutral,Front Rack,Foot Elevated (Lateral),Single Exercise,Knee Dominant,,,Frontal Plane,,,Lower Body,Push,Compound,Contralateral,Bodybuilding
Bodyweight Jump Squat,Intermediate,Quadriceps,Quadriceps Femoris,Gluteus Maximus,,Bodyweight,1,None,0,Standing,No Arms,Continuous,No Grip,No Load,No Elevation,Single Exercise,Knee Dominant,,,Sagittal Plane,,,Lower Body,Push,Compound,Bilateral,Plyometric
Tire Russian Step Up,Novice,Quadriceps,Quadriceps Femoris,Gluteus Maximus,,Tire,1,None,0,Single Leg Standing Bent Knee,No Arms,Continuous,No Grip,No Load,Foot Elevated (Front),Single Exercise,Knee Dominant,,,Sagittal Plane,,,Lower Body,Push,Compound,Unilateral,Balance
Tire Alternating Russian Step Up,Novice,Quadriceps,Quadriceps Femoris,Gluteus Maximus,,Tire,1,None,0,Single Leg Standing Bent Knee,No Arms,Continuous,No Grip,No Load,Foot Elevated (Front),Single Exercise,Knee Dominant,,,Sagittal Plane,,,Lower Body,Push,Compound,Unilateral,Balance
Double Dumbbell Push Press,Novice,Shoulders,Anterior Deltoids,Triceps Brachii,,Dumbbell,2,None,0,Standing,Double Arm,Continuous,Neutral,Overhead,No Elevation,Single Exercise,Vertical Push,,,Sagittal Plane,,,Upper Body,Push,Compound,Bilateral,Bodybuilding
Single Arm Dumbbell Push Press,Novice,Shoulders,Anterior Deltoids,Triceps Brachii,,Dumbbell,1,None,0,Standing,Single Arm,Continuous,Neutral,Overhead,No Elevation,Single Exercise,Vertical Push,,,Sagittal Plane,,,Upper Body,Push,Compound,Unilateral,Unsorted*
Alternating Double Dumbbell Push Press,Novice,Shoulders,Anterior Deltoids,Triceps Brachii,,Dumbbell,2,None,0,Standing,Double Arm,Alternating,Neutral,Overhead,No Elevation,Single Exercise,Vertical Push,,,Sagittal Plane,,,Upper Body,Push,Compound,Unilateral,Unsorted*
Barbell Hang Power Snatch,Advanced,Glutes,Gluteus Maximus,Anterior Deltoids,,Barbell,1,None,0,Standing,Double Arm,Continuous,Pronated,Overhead,No Elevation,Single Exercise,Hip Hinge,,,Sagittal Plane,,,Full Body,Unsorted*,Compound,Bilateral,Olympic Weightlifting
Barbell Hang Squat Snatch,Advanced,Quadriceps,Quadriceps Femoris,Gluteus Maximus,,Barbell,1,None,0,Standing,Double Arm,Continuous,Pronated,Overhead,No Elevation,Single Exercise,Knee Dominant,Hip Hinge,,Sagittal Plane,,,Full Body,Unsorted*,Compound,Bilateral,Olympic Weightlifting
Double Dumbbell Bicep Curl,Beginner,Biceps,Biceps Brachii,Brachialis,Brachioradialis,Dumbbell,2,None,0,Standing,Double Arm,Continuous,Supinated,Other,No Elevation,Single Exercise,Elbow Flexion,,,Sagittal Plane,,,Upper Body,Pull,Isolation,Bilateral,Bodybuilding
Double Dumbbell Incline Bench Bicep Curl,Beginner,Biceps,Biceps Brachii,Brachialis,Brachioradialis,Dumbbell,2,Bench (Incline),1,Seated,Double Arm,Continuous,Supinated,Other,No Elevation,Single Exercise,Elbow Flexion,,,Sagittal Plane,,,Upper Body,Pull,Isolation,Bilateral,Bodybuilding
Double Dumbbell Seated Hammer Curl,Beginner,Biceps,Biceps Brachii,Brachialis,Brachioradialis,Dumbbell,2,Bench (Flat),1,Seated,Double Arm,Continuous,Neutral,Other,No Elevation,Single Exercise,Elbow Flexion,,,Sagittal Plane,,,Upper Body,Pull,Isolation,Bilateral,Bodybuilding
Alternating Double Dumbbell Seated Hammer Curl,Beginner,Biceps,Biceps Brachii,Brachialis,Brachioradialis,Dumbbell,2,Bench (Flat),1,Seated,Double Arm,Alternating,Neutral,Other,No Elevation,Single Exercise,Elbow Flexion,,,Sagittal Plane,,,Upper Body,Pull,Isolation,Unilateral,Bodybuilding
Double Dumbbell Incline Bench Hammer Curl,Beginner,Biceps,Biceps Brachii,Brachialis,Brachioradialis,Dumbbell,2,Bench (Incline),1,Seated,Double Arm,Continuous,Neutral,Other,No Elevation,Single Exercise,Elbow Flexion,,,Sagittal Plane,,,Upper Body,Pull,Isolation,Bilateral,Bodybuilding
Alternating Double Dumbbell Incline Bench Hammer Curl,Beginner,Biceps,Biceps Brachii,Brachialis,Brachioradialis,Dumbbell,2,Bench (Incline),1,Seated,Double Arm,Alternating,Neutral,Other,No Elevation,Single Exercise,Elbow Flexion,,,Sagittal Plane,,,Upper Body,Pull,Isolation,Unilateral,Bodybuilding
Double Dumbbell Seated Zottman Curl,Beginner,Biceps,Biceps Brachii,Brachialis,Brachioradialis,Dumbbell,2,Bench (Flat),1,Seated,Double Arm,Continuous,Supinated,Other,No Elevation,Single Exercise,Elbow Flexion,,,Sagittal Plane,,,Upper Body,Pull,Isolation,Bilateral,Bodybuilding
Bodyweight Bicycle Crunch,Novice,Abdominals,Obliques,Rectus Abdominis,,Bodyweight,1,None,0,Supine,No Arms,Alternating,Head Supported,No Load,No Elevation,Single Exercise,Rotational,,,Transverse Plane,,,Midsection,Other,Compound,Unilateral,Unsorted*
Bodyweight Box Russian Step Up,Novice,Quadriceps,Quadriceps Femoris,Gluteus Maximus,,Bodyweight,1,Plyo Box,1,Single Leg Standing Bent Knee,No Arms,Continuous,No Grip,No Load,Foot Elevated (Front),Single Exercise,Knee Dominant,,,Sagittal Plane,,,Lower Body,Push,Compound,Unilateral,Balance
Bodyweight Alternating Box Russian Step Up,Novice,Quadriceps,Quadriceps Femoris,Gluteus Maximus,,Bodyweight,1,Plyo Box,1,Single Leg Standing Bent Knee,No Arms,Continuous,No Grip,No Load,Foot Elevated (Front),Single Exercise,Knee Dominant,,,Sagittal Plane,,,Lower Body,Push,Compound,Unilateral,Balance
Bodyweight Broad Jump,Intermediate,Quadriceps,Quadriceps Femoris,Gluteus Maximus,Biceps Femoris,Bodyweight,1,None,0,Standing,No Arms,Continuous,No Grip,No Load,No Elevation,Single Exercise,Knee Dominant,,,Sagittal Plane,,,Lower Body,Push,Compound,Bilateral,Plyometric
Bodyweight Forearm Plank,Novice,Abdominals,Rectus Abdominis,,,Bodyweight,1,None,0,Prone,Double Arm,Continuous,Forearm,No Load,No Elevation,Single Exercise,Anti-Extension,,,Sagittal Plane,,,Midsection,Other,Compound,Bilateral,Calisthenics
Parallette Plank,Novice,Abdominals,Rectus Abdominis,,,Parallette Bars,2,None,0,Prone,Double Arm,Continuous,Neutral,No Load,No Elevation,Single Exercise,Anti-Extension,,,Sagittal Plane,,,Midsection,Other,Compound,Bilateral,Calisthenics
Double Clubbell Shoulder Park Squat,Novice,Quadriceps,Quadriceps Femoris,Gluteus Maximus,,Clubbell,2,None,0,Standing,Double Arm,Continuous,Neutral,Shoulder,No Elevation,Single Exercise,Knee Dominant,,,Sagittal Plane,,,Lower Body,Push,Compound,Bilateral,Unsorted*
Double Clubbell Clean to Shoulder Park Squat,Intermediate,Quadriceps,Quadriceps Femoris,Gluteus Maximus,,Clubbell,2,None,0,Standing,Double Arm,Continuous,Neutral,Shoulder,No Elevation,Combo Exercise,Knee Dominant,Hip Hinge,,Sagittal Plane,,,Full Body,Unsorted*,,Bilateral,Unsorted*
Clubbell Shoulder Park Squat,Novice,Quadriceps,Quadriceps Femoris,Gluteus Maximus,,Clubbell,1,None,0,Standing,Double Arm,Continuous,Neutral,Shoulder,No Elevation,Single Exercise,Knee Dominant,,,Sagittal Plane,,,Lower Body,Push,Compound,Bilateral,Unsorted*
Single Arm Clubbell Shoulder Park Squat,Novice,Quadriceps,Quadriceps Femoris,Gluteus Maximus,,Clubbell,1,None,0,Standing,Single Arm,Continuous,Neutral,Shoulder,No Elevation,Single Exercise,Knee Dominant,,,Sagittal Plane,,,Lower Body,Push,Compound,Unilateral,Unsorted*
Clubbell Swing to Alternating Shoulder Park Squat,Intermediate,Quadriceps,Quadriceps Femoris,Gluteus Maximus,,Clubbell,1,None,0,Standing,Double Arm,Continuous,Neutral,Shoulder,No Elevation,Combo Exercise,Hip Hinge,Knee Dominant,,Sagittal Plane,,,Lower Body,Push,Compound,Bilateral,Unsorted*
Cable Straight Bar Tricep Pushdown,Beginner,Triceps,Triceps Brachii,,,Cable,1,None,0,Standing,Double Arm,Continuous,Pronated,Other,No Elevation,Single Exercise,Elbow Extension,,,Sagittal Plane,,,Upper Body,Push,Isolation,Bilateral,Bodybuilding
Cable Straight Bar Reverse Grip Tricep Pushdown,Beginner,Triceps,Triceps Brachii,,,Cable,1,None,0,Standing,Double Arm,Continuous,Supinated,Other,No Elevation,Single Exercise,Elbow Extension,,,Sagittal Plane,,,Upper Body,Push,Isolation,Bilateral,Bodybuilding
Barbell Split Jerk,Advanced,Shoulders,Anterior Deltoids,Triceps Brachii,Gluteus Minimus,Barbell,1,None,0,Staggered Stance,Double Arm,Continuous,Pronated,Overhead,No Elevation,Single Exercise,Vertical Push,Hip Hinge,,Sagittal Plane,,,Full Body,Push,Compound,Unilateral,Olympic Weightlifting
Barbell Power Clean to Split Jerk,Expert,Shoulders,Anterior Deltoids,Gluteus Maximus,,Barbell,1,None,0,Staggered Stance,Double Arm,Continuous,Pronated,Overhead,No Elevation,Combo Exercise,Vertical Push,Hip Hinge,,Sagittal Plane,,,Full Body,Push & Pull,Compound,Unilateral,Olympic Weightlifting
Single Arm Kettlebell Bottoms Up Push Jerk,Novice,Shoulders,Anterior Deltoids,Triceps Brachii,Gluteus Minimus,Kettlebell,1,None,0,Standing,Single Arm,Continuous,Bottoms Up,Overhead,No Elevation,Single Exercise,Vertical Push,,,Sagittal Plane,,,Upper Body,Push,Compound,Unilateral,Unsorted*
Barbell Power Jerk,Intermediate,Shoulders,Anterior Deltoids,Triceps Brachii,Gluteus Minimus,Barbell,1,None,0,Standing,Double Arm,Continuous,Pronated,Overhead,No Elevation,Single Exercise,Vertical Push,,,Sagittal Plane,,,Full Body,Push,Compound,Bilateral,Olympic Weightlifting
Barbell Squat Jerk,Advanced,Quadriceps,Quadriceps Femoris,Gluteus Maximus,Anterior Deltoids,Barbell,1,None,0,Standing,Double Arm,Continuous,Pronated,Overhead,No Elevation,Single Exercise,Knee Dominant,Vertical Push,,Sagittal Plane,,,Full Body,Push,Compound,Bilateral,Olympic Weightlifting
Alternating Double Dumbbell Zottman Curl,Beginner,Biceps,Biceps Brachii,Brachialis,Brachioradialis,Dumbbell,2,None,0,Standing,Double Arm,Alternating,Supinated,Other,No Elevation,Single Exercise,Elbow Flexion,,,Sagittal Plane,,,Upper Body,Pull,Isolation,Unilateral,Bodybuilding
Alternating Double Dumbbell Seated Zottman Curl,Beginner,Biceps,Biceps Brachii,Brachialis,Brachioradialis,Dumbbell,2,Bench (Flat),1,Seated,Double Arm,Alternating,Supinated,Other,No Elevation,Single Exercise,Elbow Flexion,,,Sagittal Plane,,,Upper Body,Pull,Isolation,Unilateral,Bodybuilding
Cable Rope Tall Kneeling Overhead Tricep Extension,Novice,Triceps,Triceps Brachii,,,Cable,1,None,0,Tall Kneeling,Double Arm,Continuous,Neutral,Overhead,No Elevation,Single Exercise,Elbow Extension,,,Sagittal Plane,,,Upper Body,Push,Isolation,Bilateral,Bodybuilding
Dumbbell Crush Grip Tall Kneeling Overhead Tricep Extension,Beginner,Triceps,Triceps Brachii,,,Dumbbell,1,None,0,Tall Kneeling,Double Arm,Continuous,Crush Grip,Overhead,No Elevation,Single Exercise,Elbow Extension,,,Sagittal Plane,,,Upper Body,Push,Isolation,Bilateral,Bodybuilding
Bodyweight Alternating Split Squat Jump,Intermediate,Quadriceps,Quadriceps Femoris,Gluteus Maximus,,Bodyweight,1,None,0,Split Squat,No Arms,Continuous,No Grip,No Load,No Elevation,Single Exercise,Knee Dominant,,,Sagittal Plane,,,Lower Body,Push,Compound,Unilateral,Plyometric
Single Arm Dumbbell Overhead Press,Beginner,Shoulders,Anterior Deltoids,Triceps Brachii,,Dumbbell,1,None,0,Standing,Single Arm,Continuous,Neutral,Overhead,No Elevation,Single Exercise,Vertical Push,,,Sagittal Plane,,,Upper Body,Push,Compound,Unilateral,Bodybuilding
Single Arm Dumbbell Seated Overhead Press,Beginner,Shoulders,Anterior Deltoids,Triceps Brachii,,Dumbbell,1,Bench (Flat),1,Seated,Single Arm,Continuous,Neutral,Overhead,No Elevation,Single Exercise,Vertical Push,,,Sagittal Plane,,,Upper Body,Push,Compound,Unilateral,Bodybuilding
Double Kettlebell Mountain Climber,Novice,Abdominals,Rectus Abdominis,,,Kettlebell,2,None,0,Prone,Double Arm,Continuous,Neutral,No Load,No Elevation,Single Exercise,Anti-Extension,Spinal Flexion,,Sagittal Plane,,,Midsection,Other,Compound,Unilateral,Calisthenics
Bodyweight Split Squat Jump,Intermediate,Quadriceps,Quadriceps Femoris,Gluteus Maximus,,Bodyweight,1,None,0,Split Squat,No Arms,Continuous,No Grip,No Load,No Elevation,Single Exercise,Knee Dominant,,,Sagittal Plane,,,Lower Body,Push,Compound,Unilateral,Plyometric
Bodyweight Duck Walk,Intermediate,Quadriceps,Quadriceps Femoris,Gluteus Maximus,,Bodyweight,1,None,0,Standing,No Arms,Continuous,No Grip,No Load,No Elevation,Single Exercise,Knee Dominant,,,Sagittal Plane,Transverse Plane,,Lower Body,Push,Compound,Unilateral,Animal Flow
Barbell Front Rack Split Squat,Novice,Quadriceps,Quadriceps Femoris,Gluteus Maximus,,Barbell,1,None,0,Split Squat,Double Arm,Continuous,Pronated,Front Rack,No Elevation,Single Exercise,Knee Dominant,,,Sagittal Plane,,,Lower Body,Push,Compound,Unilateral,Bodybuilding
Barbell Overhead Split Squat,Advanced,Quadriceps,Quadriceps Femoris,Gluteus Maximus,,Barbell,1,None,0,Split Squat,Double Arm,Continuous,Pronated,Overhead,No Elevation,Single Exercise,Knee Dominant,,,Sagittal Plane,,,Lower Body,Push,Compound,Unilateral,Bodybuilding
Double Dumbbell Split Jerk,Intermediate,Shoulders,Anterior Deltoids,Triceps Brachii,Gluteus Minimus,Dumbbell,2,None,0,Staggered Stance,Double Arm,Continuous,Neutral,Overhead,No Elevation,Single Exercise,Vertical Push,,,Sagittal Plane,,,Full Body,Push,Compound,Bilateral,Unsorted*
Alternating Double Kettlebell Push Jerk,Novice,Shoulders,Anterior Deltoids,Triceps Brachii,Gluteus Minimus,Kettlebell,2,None,0,Standing,Double Arm,Alternating,Pronated,Overhead,No Elevation,Single Exercise,Vertical Push,,,Sagittal Plane,,,Upper Body,Push,Compound,Unilateral,Unsorted*
Alternating Double Kettlebell Bottoms Up Push Jerk,Intermediate,Shoulders,Anterior Deltoids,Triceps Brachii,Gluteus Minimus,Kettlebell,2,None,0,Standing,Double Arm,Alternating,Bottoms Up,Overhead,No Elevation,Single Exercise,Vertical Push,,,Sagittal Plane,,,Upper Body,Push,Compound,Unilateral,Unsorted*
Single Arm Dumbbell Split Jerk,Intermediate,Shoulders,Anterior Deltoids,Triceps Brachii,Gluteus Minimus,Dumbbell,1,None,0,Staggered Stance,Single Arm,Continuous,Neutral,Overhead,No Elevation,Single Exercise,Vertical Push,Hip Hinge,,Sagittal Plane,,,Full Body,Push,Compound,Unilateral,Unsorted*
Single Arm Kettlebell Bottoms Up Snatch,Advanced,Glutes,Gluteus Maximus,Anterior Deltoids,,Kettlebell,1,None,0,Standing,Single Arm,Continuous,Bottoms Up,Overhead,No Elevation,Single Exercise,Hip Hinge,,,Sagittal Plane,,,Full Body,Unsorted*,Compound,Unilateral,Ballistics
Bodyweight Copenhagen Plank Side Raise,Intermediate,Adductors,Adductor Magnus,,,Bodyweight,1,Bench (Flat),1,Side Plank,Single Arm,Continuous,Forearm,No Load,Foot Elevated (Side),Single Exercise,Hip Adduction,Isometric Hold,,Frontal Plane,,,Lower Body,Other,Compound,Unilateral,Unsorted*
Bodyweight Copenhagen Plank with Leg Lift,Intermediate,Adductors,Adductor Magnus,,,Bodyweight,1,Bench (Flat),1,Side Plank,Single Arm,Continuous,Forearm,No Load,Foot Elevated (Side),Single Exercise,Hip Adduction,Isometric Hold,,Frontal Plane,,,Lower Body,Other,Compound,Unilateral,Unsorted*
Single Arm Kettlebell Bottoms Up Overhead Press,Intermediate,Shoulders,Anterior Deltoids,Triceps Brachii,,Kettlebell,1,None,0,Standing,Single Arm,Continuous,Bottoms Up,Overhead,No Elevation,Single Exercise,Vertical Push,,,Sagittal Plane,,,Upper Body,Push,Compound,Unilateral,Unsorted*
Single Arm Kettlebell Bottoms Up Push Press,Intermediate,Shoulders,Anterior Deltoids,Triceps Brachii,,Kettlebell,1,None,0,Standing,Single Arm,Continuous,Bottoms Up,Overhead,No Elevation,Single Exercise,Vertical Push,,,Sagittal Plane,,,Upper Body,Push,Compound,Unilateral,Unsorted*
Double Kettlebell Suitcase Calf Raise,Beginner,Calves,Gastrocnemius,Soleus,,Kettlebell,2,None,0,Standing,Double Arm,Continuous,Neutral,Suitcase,No Elevation,Single Exercise,Ankle Plantar Flexion,,,Sagittal Plane,,,Lower Body,Push,Isolation,Bilateral,Bodybuilding
Double Kettlebell Front Rack Feet Elevated Calf Raise,Novice,Calves,Gastrocnemius,Soleus,,Kettlebell,2,None,0,Standing,Double Arm,Continuous,Neutral,Front Rack,Toes Elevated,Single Exercise,Ankle Plantar Flexion,,,Sagittal Plane,,,Lower Body,Push,Isolation,Bilateral,Bodybuilding
Double Dumbbell Push Jerk,Novice,Shoulders,Anterior Deltoids,Triceps Brachii,Gluteus Minimus,Dumbbell,2,None,0,Standing,Double Arm,Continuous,Neutral,Overhead,No Elevation,Single Exercise,Vertical Push,,,Sagittal Plane,,,Upper Body,Push,Compound,Bilateral,Unsorted*
Double Kettlebell Front Rack Calf Raise,Beginner,Calves,Gastrocnemius,Soleus,,Kettlebell,2,None,0,Standing,Double Arm,Continuous,Neutral,Front Rack,No Elevation,Single Exercise,Ankle Plantar Flexion,,,Sagittal Plane,,,Lower Body,Push,Isolation,Bilateral,Bodybuilding
Double Dumbbell Seated Bicep Curl,Beginner,Biceps,Biceps Brachii,Brachialis,Brachioradialis,Dumbbell,2,Bench (Flat),1,Seated,Double Arm,Continuous,Supinated,Other,No Elevation,Single Exercise,Elbow Flexion,,,Sagittal Plane,,,Upper Body,Pull,Isolation,Bilateral,Bodybuilding
Double Dumbbell Incline Bench Zottman Curl,Beginner,Biceps,Biceps Brachii,Brachialis,Brachioradialis,Dumbbell,2,Bench (Incline),1,Seated,Double Arm,Continuous,Supinated,Other,No Elevation,Single Exercise,Elbow Flexion,,,Sagittal Plane,,,Upper Body,Pull,Isolation,Bilateral,Bodybuilding
Alternating Double Dumbbell Incline Bench Zottman Curl,Beginner,Biceps,Biceps Brachii,Brachialis,Brachioradialis,Dumbbell,2,Bench (Incline),1,Seated,Double Arm,Alternating,Supinated,Other,No Elevation,Single Exercise,Elbow Flexion,,,Sagittal Plane,,,Upper Body,Pull,Isolation,Unilateral,Bodybuilding
Alternating Double Kettlebell Overhead Press,Novice,Shoulders,Anterior Deltoids,,,Kettlebell,2,None,0,Standing,Double Arm,Alternating,Neutral,Overhead,No Elevation,Single Exercise,Vertical Push,,,Sagittal Plane,,,Upper Body,Push,Compound,Unilateral,Bodybuilding
Double Kettlebell Suitcase Split Squat Isometric Calf Raise,Advanced,Calves,Soleus,,,Kettlebell,2,None,0,Split Squat Isometric,Double Arm,Continuous,Neutral,Suitcase,No Elevation,Single Exercise,Ankle Plantar Flexion,Isometric Hold,,Sagittal Plane,,,Lower Body,Push,Compound,Unilateral,Balance
Bodyweight Single Leg Hip Thrust,Novice,Glutes,Gluteus Maximus,,,Bodyweight,1,Bench (Flat),1,Single Leg Bridge,No Arms,Continuous,No Grip,No Load,No Elevation,Single Exercise,Hip Extension,,,Sagittal Plane,,,Lower Body,Unsorted*,Compound,Unilateral,Bodybuilding
Stability Ball Single Leg Hip Thrust,Novice,Glutes,Gluteus Maximus,,,Stability Ball,1,None,0,Single Leg Bridge,No Arms,Continuous,No Grip,No Load,No Elevation,Single Exercise,Hip Extension,,,Sagittal Plane,,,Lower Body,Unsorted*,Compound,Unilateral,Bodybuilding
Double Kettlebell Suitcase Split Squat Isometric Foot Elevated Calf Raise,Advanced,Calves,Soleus,,,Kettlebell,2,None,0,Split Squat Isometric,Double Arm,Continuous,Neutral,Suitcase,Toes Elevated,Single Exercise,Ankle Plantar Flexion,Isometric Hold,,Sagittal Plane,,,Lower Body,Push,Compound,Unilateral,Balance
Single Arm Kettlebell Suitcase Hand Assisted Ipsilateral Foot Elevated Single Leg Calf Raise,Novice,Calves,Gastrocnemius,Soleus,,Kettlebell,1,None,0,Single Leg Standing,Single Arm,Continuous,Hand Assisted,Suitcase,Toes Elevated,Single Exercise,Ankle Plantar Flexion,,,Sagittal Plane,,,Lower Body,Push,Isolation,Ipsilateral,Bodybuilding
Double Kettlebell Front Rack Split Squat Isometric Calf Raise,Advanced,Calves,Soleus,,,Kettlebell,2,None,0,Split Squat Isometric,Double Arm,Continuous,Neutral,Front Rack,No Elevation,Single Exercise,Ankle Plantar Flexion,Isometric Hold,,Sagittal Plane,,,Lower Body,Push,Compound,Unilateral,Balance
Alternating Double Dumbbell Seated Overhead Press,Beginner,Shoulders,Anterior Deltoids,Triceps Brachii,,Dumbbell,2,Bench (Flat),1,Seated,Double Arm,Alternating,Neutral,Overhead,No Elevation,Single Exercise,Vertical Push,,,Sagittal Plane,,,Upper Body,Push,Compound,Unilateral,Bodybuilding
Double Kettlebell Front Rack Split Squat Isometric Foot Elevated Calf Raise,Advanced,Calves,Soleus,,,Kettlebell,2,None,0,Split Squat Isometric,Double Arm,Continuous,Neutral,Front Rack,Toes Elevated,Single Exercise,Ankle Plantar Flexion,Isometric Hold,,Sagittal Plane,,,Lower Body,Push,Compound,Unilateral,Balance
Single Arm Dumbbell Push Jerk,Novice,Shoulders,Anterior Deltoids,Triceps Brachii,Gluteus Minimus,Dumbbell,1,None,0,Standing,Single Arm,Continuous,Neutral,Overhead,No Elevation,Single Exercise,Vertical Push,,,Sagittal Plane,,,Upper Body,Push,Compound,Unilateral,Unsorted*
Alternating Double Dumbbell Push Jerk,Novice,Shoulders,Anterior Deltoids,Triceps Brachii,Gluteus Minimus,Dumbbell,2,None,0,Standing,Double Arm,Alternating,Neutral,Overhead,No Elevation,Single Exercise,Vertical Push,,,Sagittal Plane,,,Upper Body,Push,Compound,Unilateral,Unsorted*
Bodyweight Feet Elevated Calf Raise,Beginner,Calves,Gastrocnemius,Soleus,,Bodyweight,1,None,0,Standing,No Arms,Continuous,No Grip,No Load,Toes Elevated,Single Exercise,Ankle Plantar Flexion,,,Sagittal Plane,,,Lower Body,Push,Isolation,Bilateral,Bodybuilding
Stability Ball Reverse Hyperextension,Novice,Glutes,Gluteus Maximus,,,Stability Ball,1,None,0,Prone,Double Arm,Continuous,Flat Palm,No Load,No Elevation,Single Exercise,Hip Extension,,,Sagittal Plane,,,Lower Body,Unsorted*,Isolation,Bilateral,Bodybuilding
Bodyweight Bench Frog Reverse Hyperextension,Novice,Glutes,Gluteus Maximus,,,Bodyweight,1,Bench (Flat),1,Prone,Double Arm,Continuous,Neutral,No Load,No Elevation,Single Exercise,Hip Extension,,,Sagittal Plane,,,Lower Body,Unsorted*,Isolation,Bilateral,Bodybuilding
Bodyweight Bench Reverse Hyperextension,Novice,Glutes,Gluteus Maximus,,,Bodyweight,1,Bench (Flat),1,Prone,Double Arm,Continuous,Neutral,No Load,No Elevation,Single Exercise,Hip Extension,,,Sagittal Plane,,,Lower Body,Unsorted*,Isolation,Bilateral,Bodybuilding
Cable Rope Tall Kneeling Low to High Chop,Intermediate,Abdominals,Obliques,Rectus Abdominis,,Cable,1,None,0,Tall Kneeling,Double Arm,Continuous,Pronated,Other,No Elevation,Single Exercise,Rotational,,,Transverse Plane,,,Midsection,Other,Compound,Bilateral,Unsorted*
Bodyweight V Up,Novice,Abdominals,Rectus Abdominis,,,Bodyweight,1,None,0,Supine,Double Arm,Continuous,No Grip,Other,No Elevation,Single Exercise,Spinal Flexion,,,Sagittal Plane,,,Midsection,Other,Compound,Bilateral,Unsorted*
Slider Barbell Front Rack Reverse Lunge,Intermediate,Quadriceps,Quadriceps Femoris,Gluteus Maximus,Biceps Femoris,Sliders,1,Barbell,1,Standing,Double Arm,Continuous,Pronated,Front Rack,No Elevation,Single Exercise,Knee Dominant,,,Sagittal Plane,,,Lower Body,Push,Compound,Unilateral,Bodybuilding
Slider Barbell Back Rack Reverse Lunge,Intermediate,Quadriceps,Quadriceps Femoris,Gluteus Maximus,Biceps Femoris,Sliders,1,Barbell,1,Standing,Double Arm,Continuous,Pronated,Back Rack,No Elevation,Single Exercise,Knee Dominant,,,Sagittal Plane,,,Lower Body,Push,Compound,Unilateral,Bodybuilding
Slider Reverse Lunge,Beginner,Quadriceps,Quadriceps Femoris,Gluteus Maximus,Biceps Femoris,Sliders,1,None,0,Standing,No Arms,Continuous,No Grip,No Load,No Elevation,Single Exercise,Knee Dominant,,,Sagittal Plane,,,Lower Body,Push,Compound,Unilateral,Bodybuilding
Barbell Push Jerk,Intermediate,Shoulders,Anterior Deltoids,Triceps Brachii,Gluteus Minimus,Barbell,1,None,0,Standing,Double Arm,Continuous,Pronated,Overhead,No Elevation,Single Exercise,Vertical Push,,,Sagittal Plane,,,Full Body,Push,Compound,Bilateral,Olympic Weightlifting
Barbell Power Clean to Push Jerk,Expert,Shoulders,Anterior Deltoids,Triceps Brachii,,Barbell,1,None,0,Standing,Double Arm,Continuous,Pronated,Overhead,No Elevation,Combo Exercise,Vertical Push,Hip Hinge,,Sagittal Plane,,,Full Body,Push & Pull,Compound,Bilateral,Olympic Weightlifting
Barbell Squat Clean to Push Jerk,Expert,Shoulders,Anterior Deltoids,Triceps Brachii,Gluteus Maximus,Barbell,1,None,0,Standing,Double Arm,Continuous,Pronated,Overhead,No Elevation,Combo Exercise,Vertical Push,Hip Hinge,Knee Dominant,Sagittal Plane,,,Full Body,Push & Pull,Compound,Bilateral,Olympic Weightlifting
Single Arm Kettlebell Outside Swing,Novice,Glutes,Gluteus Maximus,,,Kettlebell,1,None,0,Standing,Single Arm,Continuous,Neutral,Other,No Elevation,Single Exercise,Hip Hinge,,,Sagittal Plane,,,Full Body,Unsorted*,Compound,Unilateral,Ballistics
Single Arm Kettlebell Suitcase Alternating Forward Lunge Pass Through,Intermediate,Quadriceps,Quadriceps Femoris,Gluteus Maximus,,Kettlebell,1,None,0,Standing,Single Arm,Alternating,Neutral,Suitcase,No Elevation,Single Exercise,Knee Dominant,,,Sagittal Plane,Frontal Plane,,Lower Body,Push,Compound,Unilateral,Bodybuilding
Single Arm Kettlebell Suitcase Alternating Reverse Lunge Pass Through,Intermediate,Quadriceps,Quadriceps Femoris,Gluteus Maximus,Biceps Femoris,Kettlebell,1,None,0,Standing,Single Arm,Alternating,Neutral,Suitcase,No Elevation,Single Exercise,Knee Dominant,,,Sagittal Plane,Frontal Plane,,Lower Body,Push,Compound,Unilateral,Bodybuilding
Single Arm Kettlebell Contralateral Forward Lunge Snatch,Advanced,Quadriceps,Quadriceps Femoris,Gluteus Maximus,Anterior Deltoids,Kettlebell,1,None,0,Standing,Single Arm,Continuous,Pronated,Overhead,No Elevation,Single Exercise,Knee Dominant,Hip Hinge,,Sagittal Plane,,,Full Body,Unsorted*,Compound,Contralateral,Ballistics
Single Arm Kettlebell Alternating Forward Lunge Snatch,Advanced,Quadriceps,Quadriceps Femoris,Gluteus Maximus,Anterior Deltoids,Kettlebell,1,None,0,Standing,Single Arm,Continuous,Pronated,Overhead,No Elevation,Single Exercise,Knee Dominant,Hip Hinge,,Sagittal Plane,,,Full Body,Unsorted*,Compound,Unilateral,Ballistics
Single Arm Kettlebell Bottoms Up Half Kneeling Ipsilateral Overhead Press,Intermediate,Shoulders,Anterior Deltoids,Triceps Brachii,,Kettlebell,1,None,0,Half Kneeling,Single Arm,Continuous,Bottoms Up,Overhead,No Elevation,Single Exercise,Vertical Push,,,Sagittal Plane,,,Upper Body,Push,Compound,Ipsilateral,Bodybuilding
Double Kettlebell Floor Press,Beginner,Chest,Pectoralis Major,Triceps Brachii,,Kettlebell,2,None,0,Supine,Double Arm,Continuous,Pronated,Above Chest,No Elevation,Single Exercise,Horizontal Push,,,Sagittal Plane,,,Upper Body,Push,Compound,Bilateral,Bodybuilding
Double Kettlebell Glute Bridge Isometric Floor Press,Novice,Chest,Pectoralis Major,Triceps Brachii,Gluteus Minimus,Kettlebell,2,None,0,Bridge,Double Arm,Continuous,Pronated,Above Chest,No Elevation,Single Exercise,Horizontal Push,Isometric Hold,,Sagittal Plane,,,Full Body,Push,Compound,Bilateral,Bodybuilding
Slider Single Arm Dumbbell Front Rack Ipsilateral Reverse Lunge,Novice,Quadriceps,Quadriceps Femoris,Gluteus Maximus,Biceps Femoris,Sliders,1,Dumbbell,1,Standing,Single Arm,Continuous,Neutral,Front Rack,No Elevation,Single Exercise,Knee Dominant,,,Sagittal Plane,,,Lower Body,Push,Compound,Ipsilateral,Bodybuilding
Slider Single Arm Dumbbell Suitcase Contralateral Reverse Lunge,Novice,Quadriceps,Quadriceps Femoris,Gluteus Maximus,Biceps Femoris,Sliders,1,Dumbbell,1,Standing,Single Arm,Continuous,Neutral,Suitcase,No Elevation,Single Exercise,Knee Dominant,,,Sagittal Plane,,,Lower Body,Push,Compound,Contralateral,Bodybuilding
Slider Single Arm Dumbbell Suitcase Ipsilateral Reverse Lunge,Novice,Quadriceps,Quadriceps Femoris,Gluteus Maximus,Biceps Femoris,Sliders,1,Dumbbell,1,Standing,Single Arm,Continuous,Neutral,Suitcase,No Elevation,Single Exercise,Knee Dominant,,,Sagittal Plane,,,Lower Body,Push,Compound,Ipsilateral,Bodybuilding
Slider Single Arm Dumbbell Overhead Contralateral Reverse Lunge,Intermediate,Quadriceps,Quadriceps Femoris,Gluteus Maximus,Biceps Femoris,Sliders,1,Dumbbell,1,Standing,Single Arm,Continuous,Neutral,Overhead,No Elevation,Single Exercise,Knee Dominant,,,Sagittal Plane,,,Lower Body,Push,Compound,Contralateral,Bodybuilding
Slider Single Arm Dumbbell Overhead Ipsilateral Reverse Lunge,Intermediate,Quadriceps,Quadriceps Femoris,Gluteus Maximus,Biceps Femoris,Sliders,1,Dumbbell,1,Standing,Single Arm,Continuous,Neutral,Overhead,No Elevation,Single Exercise,Knee Dominant,,,Sagittal Plane,,,Lower Body,Push,Compound,Ipsilateral,Bodybuilding
Slider Double Dumbbell Front Rack Reverse Lunge,Novice,Quadriceps,Quadriceps Femoris,Gluteus Maximus,Biceps Femoris,Sliders,1,Dumbbell,2,Standing,Double Arm,Continuous,Neutral,Front Rack,No Elevation,Single Exercise,Knee Dominant,,,Sagittal Plane,,,Lower Body,Push,Compound,Unilateral,Bodybuilding
Slider Double Dumbbell Suitcase Reverse Lunge,Novice,Quadriceps,Quadriceps Femoris,Gluteus Maximus,Biceps Femoris,Sliders,1,Dumbbell,2,Standing,Double Arm,Continuous,Neutral,Suitcase,No Elevation,Single Exercise,Knee Dominant,,,Sagittal Plane,,,Lower Body,Push,Compound,Unilateral,Bodybuilding
Slider Double Dumbbell Overhead Reverse Lunge,Intermediate,Quadriceps,Quadriceps Femoris,Gluteus Maximus,Biceps Femoris,Sliders,1,Dumbbell,2,Standing,Double Arm,Continuous,Neutral,Overhead,No Elevation,Single Exercise,Knee Dominant,,,Sagittal Plane,,,Lower Body,Push,Compound,Unilateral,Bodybuilding
Single Arm Kettlebell Floor Press,Beginner,Chest,Pectoralis Major,Triceps Brachii,,Kettlebell,1,None,0,Supine,Single Arm,Continuous,Pronated,Above Chest,No Elevation,Single Exercise,Horizontal Push,,,Sagittal Plane,,,Upper Body,Push,Compound,Unilateral,Bodybuilding
Alternating Double Kettlebell Floor Press,Beginner,Chest,Pectoralis Major,Triceps Brachii,,Kettlebell,2,None,0,Supine,Double Arm,Alternating,Pronated,Above Chest,No Elevation,Single Exercise,Horizontal Push,,,Sagittal Plane,,,Upper Body,Push,Compound,Bilateral,Bodybuilding
Slider Single Arm Clubbell Order Contralateral Reverse Lunge,Novice,Quadriceps,Quadriceps Femoris,Gluteus Maximus,Biceps Femoris,Sliders,1,Clubbell,1,Standing,Single Arm,Continuous,Neutral,Order,No Elevation,Single Exercise,Knee Dominant,,,Sagittal Plane,,,Lower Body,Push,Compound,Contralateral,Bodybuilding
Slider Single Arm Clubbell Order Ipsilateral Reverse Lunge,Novice,Quadriceps,Quadriceps Femoris,Gluteus Maximus,Biceps Femoris,Sliders,1,Clubbell,1,Standing,Single Arm,Continuous,Neutral,Order,No Elevation,Single Exercise,Knee Dominant,,,Sagittal Plane,,,Lower Body,Push,Compound,Ipsilateral,Bodybuilding
Slider Double Clubbell Order Reverse Lunge,Novice,Quadriceps,Quadriceps Femoris,Gluteus Maximus,Biceps Femoris,Sliders,1,Clubbell,2,Standing,Double Arm,Continuous,Neutral,Order,No Elevation,Single Exercise,Knee Dominant,,,Sagittal Plane,,,Lower Body,Push,Compound,Unilateral,Bodybuilding
Slider Clubbell Order Reverse Lunge,Novice,Quadriceps,Quadriceps Femoris,Gluteus Maximus,Biceps Femoris,Sliders,1,Clubbell,1,Standing,Double Arm,Continuous,Neutral,Order,No Elevation,Single Exercise,Knee Dominant,,,Sagittal Plane,,,Lower Body,Push,Compound,Unilateral,Bodybuilding
Slider Macebell Order Reverse Lunge,Novice,Quadriceps,Quadriceps Femoris,Gluteus Maximus,Biceps Femoris,Sliders,1,Macebell,1,Standing,Double Arm,Continuous,Neutral,Order,No Elevation,Single Exercise,Knee Dominant,,,Sagittal Plane,,,Lower Body,Push,Compound,Unilateral,Bodybuilding
Slider Single Arm Macebell Order Contralateral Reverse Lunge,Novice,Quadriceps,Quadriceps Femoris,Gluteus Maximus,Biceps Femoris,Sliders,1,Macebell,1,Standing,Single Arm,Continuous,Neutral,Order,No Elevation,Single Exercise,Knee Dominant,,,Sagittal Plane,,,Lower Body,Push,Compound,Contralateral,Bodybuilding
Slider Single Arm Macebell Order Ipsilateral Reverse Lunge,Novice,Quadriceps,Quadriceps Femoris,Gluteus Maximus,Biceps Femoris,Sliders,1,Macebell,1,Standing,Single Arm,Continuous,Neutral,Order,No Elevation,Single Exercise,Knee Dominant,,,Sagittal Plane,,,Lower Body,Push,Compound,Ipsilateral,Bodybuilding
Slider Landmine Goblet Reverse Lunge,Novice,Quadriceps,Quadriceps Femoris,Gluteus Maximus,Biceps Femoris,Sliders,1,Landmine,1,Standing,Double Arm,Continuous,Goblet,Front Rack,No Elevation,Single Exercise,Knee Dominant,,,Sagittal Plane,,,Lower Body,Push,Compound,Unilateral,Bodybuilding
Slider Landmine Shoulder Contralateral Reverse Lunge,Intermediate,Quadriceps,Quadriceps Femoris,Gluteus Maximus,Biceps Femoris,Sliders,1,Landmine,1,Standing,Single Arm,Continuous,Neutral,Shoulder,No Elevation,Single Exercise,Knee Dominant,,,Sagittal Plane,,,Lower Body,Push,Compound,Contralateral,Bodybuilding
Slider Single Arm Landmine Front Rack Contralateral Reverse Lunge,Novice,Quadriceps,Quadriceps Femoris,Gluteus Maximus,Biceps Femoris,Sliders,1,Landmine,1,Standing,Single Arm,Continuous,Neutral,Front Rack,No Elevation,Single Exercise,Knee Dominant,,,Sagittal Plane,,,Lower Body,Push,Compound,Contralateral,Bodybuilding
Slider Single Arm Landmine Front Rack Ipsilateral Reverse Lunge,Novice,Quadriceps,Quadriceps Femoris,Gluteus Maximus,Biceps Femoris,Sliders,1,Landmine,1,Standing,Single Arm,Continuous,Neutral,Front Rack,No Elevation,Single Exercise,Knee Dominant,,,Sagittal Plane,,,Lower Body,Push,Compound,Ipsilateral,Bodybuilding
Slider Single Arm Landmine Suitcase Contralateral Reverse Lunge,Novice,Quadriceps,Quadriceps Femoris,Gluteus Maximus,Biceps Femoris,Sliders,1,Landmine,1,Standing,Single Arm,Continuous,Neutral,Suitcase,No Elevation,Single Exercise,Knee Dominant,,,Sagittal Plane,,,Lower Body,Push,Compound,Contralateral,Bodybuilding
Slider Single Arm Landmine Suitcase Ipsilateral Reverse Lunge,Novice,Quadriceps,Quadriceps Femoris,Gluteus Maximus,Biceps Femoris,Sliders,1,Landmine,1,Standing,Single Arm,Continuous,Neutral,Suitcase,No Elevation,Single Exercise,Knee Dominant,,,Sagittal Plane,,,Lower Body,Push,Compound,Ipsilateral,Bodybuilding
Slider Single Arm Landmine Overhead Contralateral Reverse Lunge,Intermediate,Quadriceps,Quadriceps Femoris,Gluteus Maximus,Biceps Femoris,Sliders,1,Landmine,1,Standing,Single Arm,Continuous,Neutral,Overhead,No Elevation,Single Exercise,Knee Dominant,,,Sagittal Plane,,,Lower Body,Push,Compound,Contralateral,Bodybuilding
Slider Single Arm Landmine Overhead Ipsilateral Reverse Lunge,Intermediate,Quadriceps,Quadriceps Femoris,Gluteus Maximus,Biceps Femoris,Sliders,1,Landmine,1,Standing,Single Arm,Continuous,Neutral,Overhead,No Elevation,Single Exercise,Knee Dominant,,,Sagittal Plane,,,Lower Body,Push,Compound,Ipsilateral,Bodybuilding
Suspension Jump Squat,Intermediate,Quadriceps,Quadriceps Femoris,Gluteus Maximus,,Suspension Trainer,1,None,0,Standing,Double Arm,Continuous,Neutral,No Load,No Elevation,Single Exercise,Knee Dominant,,,Sagittal Plane,,,Lower Body,Push,Compound,Bilateral,Plyometric
Dumbbell Crush Grip Seated Overhead Tricep Extension,Beginner,Triceps,Triceps Brachii,,,Dumbbell,1,Bench (Flat),1,Seated,Double Arm,Continuous,Crush Grip,Overhead,No Elevation,Single Exercise,Elbow Extension,,,Sagittal Plane,,,Upper Body,Push,Isolation,Bilateral,Bodybuilding
Single Ring Rotational Row,Intermediate,Back,Latissimus Dorsi,Biceps Brachii,Obliques,Gymnastic Rings,1,None,0,Standing,Double Arm,Continuous,Neutral,No Load,No Elevation,Single Exercise,Rotational,Horizontal Pull,,Transverse Plane,,,Upper Body,Pull,Compound,Bilateral,Calisthenics
Miniband Glute Bridge,Beginner,Glutes,Gluteus Maximus,Gluteus Medius,Gluteus Minimus,Miniband,1,None,0,Bridge,No Arms,Continuous,No Grip,No Load,No Elevation,Single Exercise,Hip Extension,,,Sagittal Plane,,,Lower Body,Unsorted*,Compound,Bilateral,Bodybuilding
Double Plate Seated Lu Raise,Novice,Shoulders,Infraspinatus,Posterior Deltoids,,Weight Plate,2,Bench (Flat),1,Seated,Double Arm,Continuous,Other,Overhead,No Elevation,Single Exercise,Shoulder Abduction,,,Frontal Plane,,,Upper Body,Unsorted*,Compound,Bilateral,Mobility
Double Kettlebell Bottoms Up Floor Press,Novice,Chest,Pectoralis Major,Triceps Brachii,,Kettlebell,2,None,0,Supine,Double Arm,Continuous,Bottoms Up,Above Chest,No Elevation,Single Exercise,Horizontal Push,,,Sagittal Plane,,,Upper Body,Push,Compound,Bilateral,Bodybuilding
Alternating Double Kettlebell Bottoms Up Floor Press,Novice,Chest,Pectoralis Major,Triceps Brachii,,Kettlebell,2,None,0,Supine,Double Arm,Alternating,Bottoms Up,Above Chest,No Elevation,Single Exercise,Horizontal Push,,,Sagittal Plane,,,Upper Body,Push,Compound,Unilateral,Bodybuilding
Single Arm Kettlebell Bottoms Up Floor Press,Novice,Chest,Pectoralis Major,Triceps Brachii,,Kettlebell,1,None,0,Supine,Single Arm,Continuous,Bottoms Up,Above Chest,No Elevation,Single Exercise,Horizontal Push,,,Sagittal Plane,,,Upper Body,Push,Compound,Unilateral,Bodybuilding
Trap Bar Deadlift,Novice,Back,Latissimus Dorsi,,,Trap Bar,1,None,0,Standing,Double Arm,Continuous,Neutral,Other,No Elevation,Single Exercise,Hip Hinge,,,Sagittal Plane,,,Full Body,Pull,Compound,Bilateral,Bodybuilding
Trap Bar Staggered Stance Deadlift,Novice,Back,Latissimus Dorsi,,,Trap Bar,1,None,0,Staggered Stance,Double Arm,Continuous,Neutral,Other,No Elevation,Single Exercise,Hip Hinge,,,Sagittal Plane,,,Full Body,Pull,Compound,Unilateral,Bodybuilding
Alternating Double Kettlebell Bent Over Row,Beginner,Back,Latissimus Dorsi,Rhomboids,Posterior Deltoids,Kettlebell,2,None,0,Standing,Double Arm,Alternating,Neutral,Other,No Elevation,Single Exercise,Horizontal Pull,,,Sagittal Plane,,,Upper Body,Pull,Compound,Unilateral,Bodybuilding
Landmine Goblet Alternating Curtsy Lunge,Intermediate,Quadriceps,Quadriceps Femoris,Gluteus Maximus,,Landmine,1,None,0,Standing,Double Arm,Continuous,Goblet,Front Rack,No Elevation,Single Exercise,Knee Dominant,,,Frontal Plane,,,Lower Body,Push,Compound,Unilateral,Bodybuilding
Landmine Goblet Curtsy Lunge,Intermediate,Quadriceps,Quadriceps Femoris,Gluteus Maximus,,Landmine,1,None,0,Standing,Double Arm,Continuous,Goblet,Front Rack,No Elevation,Single Exercise,Knee Dominant,,,Frontal Plane,,,Lower Body,Push,Compound,Unilateral,Bodybuilding
Barbell Overhead Alternating Curtsy Lunge,Advanced,Quadriceps,Quadriceps Femoris,Gluteus Maximus,,Barbell,1,None,0,Standing,Double Arm,Continuous,Pronated,Overhead,No Elevation,Single Exercise,Knee Dominant,,,Frontal Plane,,,Lower Body,Push,Compound,Unilateral,Bodybuilding
Barbell Back Rack Alternating Curtsy Lunge,Intermediate,Quadriceps,Quadriceps Femoris,Gluteus Maximus,,Barbell,1,None,0,Standing,Double Arm,Continuous,Pronated,Back Rack,No Elevation,Single Exercise,Knee Dominant,,,Frontal Plane,,,Lower Body,Push,Compound,Unilateral,Bodybuilding
Barbell Zercher Alternating Curtsy Lunge,Advanced,Quadriceps,Quadriceps Femoris,Gluteus Maximus,,Barbell,1,None,0,Standing,Double Arm,Continuous,No Grip,Zercher,No Elevation,Single Exercise,Knee Dominant,,,Frontal Plane,,,Lower Body,Push,Compound,Unilateral,Bodybuilding
Trap Bar Suitcase Carry,Intermediate,Forearms,Brachioradialis,Rectus Abdominis,,Trap Bar,1,None,0,Walking,Double Arm,Continuous,Neutral,Suitcase,No Elevation,Single Exercise,Loaded Carry,,,Sagittal Plane,,,Full Body,Other,Compound,Bilateral,Unsorted*
Trap Bar Romanian Deadlift,Novice,Hamstrings,Biceps Femoris,Gluteus Maximus,,Trap Bar,1,None,0,Standing,Double Arm,Continuous,Neutral,Other,No Elevation,Single Exercise,Hip Hinge,,,Sagittal Plane,,,Lower Body,Pull,Compound,Bilateral,Bodybuilding
Trap Bar Bent Over Row,Novice,Back,Latissimus Dorsi,Rhomboids,Posterior Deltoids,Trap Bar,1,None,0,Standing,Double Arm,Continuous,Neutral,Other,No Elevation,Single Exercise,Horizontal Pull,,,Sagittal Plane,,,Upper Body,Pull,Compound,Bilateral,Bodybuilding
Trap Bar Pendlay Row,Novice,Back,Latissimus Dorsi,,,Trap Bar,1,None,0,Standing,Double Arm,Continuous,Neutral,Other,No Elevation,Single Exercise,Horizontal Pull,,,Sagittal Plane,,,Upper Body,Pull,Compound,Bilateral,Bodybuilding
Trap Bar Shrug,Novice,Trapezius,Upper Trapezius,,,Trap Bar,1,None,0,Standing,Double Arm,Continuous,Neutral,Suitcase,No Elevation,Single Exercise,Scapular Elevation,,,Sagittal Plane,,,Upper Body,Pull,Isolation,Bilateral,Bodybuilding
Trap Bar Deficit Deadlift,Intermediate,Back,Latissimus Dorsi,,,Trap Bar,1,None,0,Standing,Double Arm,Continuous,Neutral,Suitcase,Feet Elevated,Single Exercise,Hip Hinge,,,Sagittal Plane,,,Full Body,Pull,Compound,Bilateral,Bodybuilding
Trap Bar Bulgarian Split Squat,Intermediate,Quadriceps,Quadriceps Femoris,Gluteus Maximus,,Trap Bar,1,Bench (Flat),1,Single Leg Supported,Double Arm,Continuous,Neutral,Suitcase,Foot Elevated (Rear),Single Exercise,Knee Dominant,,,Sagittal Plane,,,Lower Body,Push,Compound,Unilateral,Bodybuilding
Trap Bar Jump Squat,Advanced,Quadriceps,Quadriceps Femoris,Gluteus Maximus,,Trap Bar,1,None,0,Standing,Double Arm,Continuous,Neutral,Suitcase,No Elevation,Single Exercise,Knee Dominant,,,Sagittal Plane,,,Lower Body,Push,Compound,Bilateral,Plyometric
Battle Rope Power Slam,Novice,Abdominals,Rectus Abdominis,,,Battle Ropes,1,None,0,Standing,Double Arm,Continuous,Neutral,Other,No Elevation,Single Exercise,,,,Sagittal Plane,,,Upper Body,Other,Compound,Bilateral,Unsorted*
Battle Rope Power Slam to Burpee,Intermediate,Chest,Pectoralis Major,Rectus Abdominis,,Battle Ropes,1,None,0,Standing,Double Arm,Continuous,Neutral,Other,No Elevation,Combo Exercise,Horizontal Push,,,Sagittal Plane,,,Full Body,Other,Compound,Bilateral,Plyometric
Battle Rope Double Wave,Beginner,Biceps,Biceps Brachii,,,Battle Ropes,1,None,0,Standing,Double Arm,Continuous,Neutral,Other,No Elevation,Single Exercise,,,,Sagittal Plane,,,Upper Body,Other,Compound,Bilateral,Unsorted*
Battle Rope Alternating Reverse Lunge Alternating Wave,Intermediate,Quadriceps,Quadriceps Femoris,Biceps Brachii,Gluteus Maximus,Battle Ropes,1,None,0,Standing,Double Arm,Alternating,Neutral,Other,No Elevation,Single Exercise,Knee Dominant,,,Sagittal Plane,,,Full Body,Other,Compound,Unilateral,Unsorted*
Bodyweight Split Squat Isometric Hold,Novice,Quadriceps,Quadriceps Femoris,Gluteus Maximus,,Bodyweight,1,None,0,Split Squat Isometric,No Arms,Continuous,No Grip,No Load,No Elevation,Single Exercise,Isometric Hold,Knee Dominant,,Sagittal Plane,,,Lower Body,Other,Compound,Unilateral,Balance
Bodyweight Split Squat,Beginner,Quadriceps,Quadriceps Femoris,Gluteus Maximus,,Bodyweight,1,None,0,Split Squat,No Arms,Continuous,No Grip,No Load,No Elevation,Single Exercise,Knee Dominant,,,Sagittal Plane,,,Lower Body,Push,Compound,Unilateral,Unsorted*
Barbell Frog Pump,Novice,Glutes,Gluteus Maximus,,,Barbell,1,None,0,Bridge,Double Arm,Continuous,Pronated,Hip Crease,No Elevation,Single Exercise,Hip Extension,,,Sagittal Plane,,,Lower Body,Unsorted*,Compound,Bilateral,Bodybuilding
Barbell Front Rack Calf Raise,Novice,Calves,Gastrocnemius,Soleus,,Barbell,1,None,0,Standing,Double Arm,Continuous,Pronated,Front Rack,No Elevation,Single Exercise,Ankle Plantar Flexion,,,Sagittal Plane,,,Lower Body,Push,Isolation,Bilateral,Bodybuilding
Barbell Back Rack Calf Raise,Novice,Calves,Gastrocnemius,Soleus,,Barbell,1,None,0,Standing,Double Arm,Continuous,Pronated,Back Rack,No Elevation,Single Exercise,Ankle Plantar Flexion,,,Sagittal Plane,,,Lower Body,Push,Isolation,Bilateral,Bodybuilding
Trap Bar Calf Raise,Novice,Calves,Gastrocnemius,Soleus,,Trap Bar,1,None,0,Standing,Double Arm,Continuous,Neutral,Suitcase,No Elevation,Single Exercise,Ankle Plantar Flexion,,,Sagittal Plane,,,Lower Body,Push,Isolation,Bilateral,Bodybuilding
Barbell Zercher Cyclist Squat,Advanced,Quadriceps,Quadriceps Femoris,Gluteus Maximus,,Barbell,1,Slant Board,1,Standing,Double Arm,Continuous,No Grip,Zercher,Heels Elevated,Single Exercise,Knee Dominant,,,Sagittal Plane,,,Lower Body,Push,Compound,Bilateral,Bodybuilding
Trap Bar Rack Pull,Novice,Back,Latissimus Dorsi,,,Trap Bar,1,None,0,Standing,Double Arm,Continuous,Neutral,Suitcase,No Elevation,Single Exercise,Hip Hinge,,,Sagittal Plane,,,Full Body,Pull,Compound,Bilateral,Bodybuilding
Trap Bar Floor Press,Novice,Chest,Pectoralis Major,Triceps Brachii,Anterior Deltoids,Trap Bar,1,None,0,Supine,Double Arm,Continuous,Neutral,Above Chest,No Elevation,Single Exercise,Horizontal Push,,,Sagittal Plane,,,Upper Body,Push,Compound,Bilateral,Bodybuilding
Trap Bar Overhead Press,Novice,Shoulders,Anterior Deltoids,Triceps Brachii,,Trap Bar,1,None,0,Standing,Double Arm,Continuous,Neutral,Overhead,No Elevation,Single Exercise,Vertical Push,,,Sagittal Plane,,,Upper Body,Push,Compound,Bilateral,Bodybuilding
Trap Bar Bottoms Up Tall Kneeling Overhead Press,Intermediate,Shoulders,Anterior Deltoids,Triceps Brachii,,Trap Bar,1,None,0,Tall Kneeling,Double Arm,Continuous,Bottoms Up,Overhead,No Elevation,Single Exercise,Vertical Push,,,Sagittal Plane,,,Upper Body,Push,Compound,Bilateral,Bodybuilding
Trap Bar Z Press,Intermediate,Shoulders,Anterior Deltoids,Triceps Brachii,,Trap Bar,1,None,0,Seated Floor,Double Arm,Continuous,Neutral,Overhead,No Elevation,Single Exercise,Vertical Push,,,Sagittal Plane,,,Upper Body,Push,Compound,Bilateral,Bodybuilding
Trap Bar Bottoms Up Z Press,Advanced,Shoulders,Anterior Deltoids,Triceps Brachii,,Trap Bar,1,None,0,Seated Floor,Double Arm,Continuous,Bottoms Up,Overhead,No Elevation,Single Exercise,Vertical Push,,,Sagittal Plane,,,Upper Body,Push,Compound,Bilateral,Bodybuilding
Trap Bar Tall Kneeling Overhead Press,Novice,Shoulders,Anterior Deltoids,Triceps Brachii,,Trap Bar,1,None,0,Tall Kneeling,Double Arm,Continuous,Neutral,Overhead,No Elevation,Single Exercise,Vertical Push,,,Sagittal Plane,,,Upper Body,Push,Compound,Bilateral,Bodybuilding
Trap Bar Bottoms Up Floor Press,Intermediate,Chest,Pectoralis Major,Triceps Brachii,Anterior Deltoids,Trap Bar,1,None,0,Supine,Double Arm,Continuous,Bottoms Up,Above Chest,No Elevation,Single Exercise,Horizontal Push,,,Sagittal Plane,,,Upper Body,Push,Compound,Bilateral,Bodybuilding
Trap Bar Bench Press,Novice,Chest,Pectoralis Major,Triceps Brachii,Anterior Deltoids,Trap Bar,1,Bench (Flat),1,Supine,Double Arm,Continuous,Neutral,Above Chest,No Elevation,Single Exercise,Horizontal Push,,,Sagittal Plane,,,Upper Body,Push,Compound,Bilateral,Bodybuilding
Trap Bar Bottoms Up Bench Press,Intermediate,Chest,Pectoralis Major,Triceps Brachii,Anterior Deltoids,Trap Bar,1,Bench (Flat),1,Supine,Double Arm,Continuous,Bottoms Up,Above Chest,No Elevation,Single Exercise,Horizontal Push,,,Sagittal Plane,,,Upper Body,Push,Compound,Bilateral,Bodybuilding
Battle Rope Jumping Jack,Novice,Shoulders,Medial Deltoids,,,Battle Ropes,1,None,0,Standing,Double Arm,Continuous,Neutral,Lateral,No Elevation,Single Exercise,Shoulder Abduction,,,Sagittal Plane,,,Full Body,Other,Compound,Bilateral,Plyometric
Battle Rope Jump Squat Power Slam,Intermediate,Quadriceps,Quadriceps Femoris,Rectus Abdominis,,Battle Ropes,1,None,0,Standing,Double Arm,Continuous,Neutral,Other,No Elevation,Single Exercise,Knee Dominant,,,Sagittal Plane,,,Full Body,Other,Compound,Bilateral,Plyometric
Battle Rope Alternating Side Slam,Novice,Abdominals,Obliques,,,Battle Ropes,1,None,0,Standing,Double Arm,Continuous,Neutral,Other,No Elevation,Single Exercise,Rotational,,,Transverse Plane,,,Midsection,Other,Compound,Bilateral,Unsorted*
Battle Rope Jump Squat Alternating Wave,Intermediate,Quadriceps,Quadriceps Femoris,Rectus Abdominis,,Battle Ropes,1,None,0,Standing,Double Arm,Alternating,Neutral,Other,No Elevation,Single Exercise,Knee Dominant,,,Sagittal Plane,,,Full Body,Other,Compound,Bilateral,Plyometric
Battle Rope In and Out Jump Squat Power Slam,Intermediate,Quadriceps,Quadriceps Femoris,Rectus Abdominis,,Battle Ropes,1,None,0,Standing,Double Arm,Continuous,Neutral,Other,No Elevation,Single Exercise,Knee Dominant,,,Frontal Plane,Sagittal Plane,,Full Body,Other,Compound,Bilateral,Plyometric
Battle Rope In and Out Jump Squat Alternating Wave,Intermediate,Quadriceps,Quadriceps Femoris,Rectus Abdominis,,Battle Ropes,1,None,0,Standing,Double Arm,Alternating,Neutral,Other,No Elevation,Single Exercise,Knee Dominant,,,Frontal Plane,Sagittal Plane,,Full Body,Other,Compound,Bilateral,Plyometric
Bodyweight In and Out Jump Squat,Novice,Quadriceps,Quadriceps Femoris,Gluteus Maximus,,Bodyweight,1,None,0,Standing,No Arms,Continuous,No Grip,No Load,No Elevation,Single Exercise,Knee Dominant,,,Frontal Plane,Sagittal Plane,,Lower Body,Push,Compound,Bilateral,Plyometric
Miniband Thigh In and Out Jump Squat,Novice,Abductors,Gluteus Medius,Gluteus Minimus,Quadriceps Femoris,Miniband,1,None,0,Standing,No Arms,Continuous,No Grip,No Load,No Elevation,Single Exercise,Hip Abduction,Knee Dominant,,Frontal Plane,Sagittal Plane,,Lower Body,Push,Compound,Bilateral,Plyometric
Miniband Ankle In and Out Jump Squat,Intermediate,Abductors,Gluteus Medius,Gluteus Minimus,Quadriceps Femoris,Miniband,1,None,0,Standing,No Arms,Continuous,No Grip,No Load,No Elevation,Single Exercise,Hip Abduction,Knee Dominant,,Frontal Plane,Sagittal Plane,,Lower Body,Push,Compound,Bilateral,Plyometric
Battle Rope Single Leg Standing Double Wave,Intermediate,Biceps,Biceps Brachii,,,Battle Ropes,1,None,0,Single Leg Standing,Double Arm,Continuous,Neutral,Other,No Elevation,Single Exercise,,,,Sagittal Plane,,,Upper Body,Other,Compound,Unilateral,Balance
Battle Rope Single Leg Standing Power Slam,Intermediate,Abdominals,Rectus Abdominis,,,Battle Ropes,1,None,0,Single Leg Standing,Double Arm,Continuous,Neutral,Other,No Elevation,Single Exercise,,,,Sagittal Plane,,,Upper Body,Other,Compound,Unilateral,Balance
Battle Rope Split Squat Isometric Power Slam,Intermediate,Abdominals,Rectus Abdominis,Quadriceps Femoris,,Battle Ropes,1,None,0,Split Squat Isometric,Double Arm,Continuous,Neutral,Other,No Elevation,Single Exercise,,,,Sagittal Plane,,,Full Body,Other,Compound,Unilateral,Balance
Battle Rope Alternating Split Squat Jump Alternating Wave,Intermediate,Quadriceps,Quadriceps Femoris,Biceps Brachii,,Battle Ropes,1,None,0,Split Squat,Double Arm,Alternating,Neutral,Other,No Elevation,Single Exercise,Knee Dominant,,,Sagittal Plane,,,Full Body,Other,Compound,Unilateral,Plyometric
Battle Rope Alternating Split Squat Jump Power Slam,Intermediate,Quadriceps,Quadriceps Femoris,Rectus Abdominis,,Battle Ropes,1,None,0,Split Squat,Double Arm,Continuous,Neutral,Other,No Elevation,Single Exercise,Knee Dominant,,,Sagittal Plane,,,Full Body,Other,Compound,Unilateral,Plyometric
Single Arm Kettlebell Front Rack Contralateral Cossack Squat,Novice,Quadriceps,Quadriceps Femoris,Adductor Magnus,Gluteus Maximus,Kettlebell,1,None,0,Standing,Single Arm,Continuous,Neutral,Front Rack,No Elevation,Single Exercise,Knee Dominant,,,Frontal Plane,,,Lower Body,Push,Compound,Contralateral,Bodybuilding
Alternating Double Dumbbell Z Press,Novice,Shoulders,Anterior Deltoids,Triceps Brachii,,Dumbbell,2,None,0,Seated Floor,Double Arm,Alternating,Neutral,Overhead,No Elevation,Single Exercise,Vertical Push,,,Sagittal Plane,,,Upper Body,Push,Compound,Unilateral,Bodybuilding
Single Arm Kettlebell Overhead Contralateral Cossack Squat,Intermediate,Quadriceps,Quadriceps Femoris,Adductor Magnus,Gluteus Maximus,Kettlebell,1,None,0,Standing,Single Arm,Continuous,Pronated,Overhead,No Elevation,Single Exercise,Knee Dominant,,,Frontal Plane,,,Lower Body,Push,Compound,Contralateral,Bodybuilding
Single Arm Dumbbell Half Kneeling Ipsilateral Overhead Press,Novice,Shoulders,Anterior Deltoids,Triceps Brachii,Rectus Abdominis,Dumbbell,1,None,0,Half Kneeling,Single Arm,Continuous,Neutral,Overhead,No Elevation,Single Exercise,Vertical Push,,,Sagittal Plane,,,Upper Body,Push,Compound,Ipsilateral,Bodybuilding
Double Dumbbell Half Kneeling Overhead Press,Novice,Shoulders,Anterior Deltoids,Triceps Brachii,Rectus Abdominis,Dumbbell,2,None,0,Half Kneeling,Double Arm,Continuous,Neutral,Overhead,No Elevation,Single Exercise,Vertical Push,,,Sagittal Plane,,,Upper Body,Push,Compound,Bilateral,Bodybuilding
Double Dumbbell Tall Kneeling Overhead Press,Novice,Shoulders,Anterior Deltoids,Triceps Brachii,Rectus Abdominis,Dumbbell,2,None,0,Tall Kneeling,Double Arm,Continuous,Neutral,Overhead,No Elevation,Single Exercise,Vertical Push,,,Sagittal Plane,,,Upper Body,Push,Compound,Bilateral,Bodybuilding
Alternating Double Dumbbell Tall Kneeling Overhead Press,Novice,Shoulders,Anterior Deltoids,Triceps Brachii,Rectus Abdominis,Dumbbell,2,None,0,Tall Kneeling,Double Arm,Alternating,Neutral,Overhead,No Elevation,Single Exercise,Vertical Push,,,Sagittal Plane,,,Upper Body,Push,Compound,Unilateral,Bodybuilding
Alternating Double Dumbbell Half Kneeling Overhead Press,Novice,Shoulders,Anterior Deltoids,Triceps Brachii,Rectus Abdominis,Dumbbell,2,None,0,Half Kneeling,Double Arm,Alternating,Neutral,Overhead,No Elevation,Single Exercise,Vertical Push,,,Sagittal Plane,,,Upper Body,Push,Compound,Unilateral,Bodybuilding
Single Arm Dumbbell Tall Kneeling Overhead Press,Novice,Shoulders,Anterior Deltoids,Triceps Brachii,Rectus Abdominis,Dumbbell,1,None,0,Tall Kneeling,Single Arm,Continuous,Neutral,Overhead,No Elevation,Single Exercise,Vertical Push,,,Sagittal Plane,,,Upper Body,Push,Compound,Unilateral,Bodybuilding
Landmine V Grip Tall Kneeling Chest Press,Intermediate,Chest,Pectoralis Major,Triceps Brachii,,Landmine,1,None,0,Tall Kneeling,Double Arm,Continuous,Neutral,Front Rack,No Elevation,Single Exercise,Horizontal Push,,,Sagittal Plane,,,Upper Body,Push,Compound,Bilateral,Bodybuilding
Slider Double Dumbbell Front Rack Lateral Lunge,Novice,Adductors,Adductor Magnus,,,Sliders,1,Dumbbell,2,Standing,Double Arm,Continuous,Neutral,Front Rack,No Elevation,Single Exercise,Hip Adduction,,,Frontal Plane,,,Lower Body,Other,Compound,Unilateral,Bodybuilding
Slider Double Dumbbell Suitcase Lateral Lunge,Novice,Adductors,Adductor Magnus,,,Sliders,1,Dumbbell,2,Standing,Double Arm,Continuous,Neutral,Suitcase,No Elevation,Single Exercise,Hip Adduction,,,Frontal Plane,,,Lower Body,Other,Compound,Unilateral,Bodybuilding
Slider Double Dumbbell Overhead Lateral Lunge,Intermediate,Adductors,Adductor Magnus,,,Sliders,1,Dumbbell,2,Standing,Double Arm,Continuous,Neutral,Overhead,No Elevation,Single Exercise,Hip Adduction,,,Frontal Plane,,,Lower Body,Other,Compound,Unilateral,Bodybuilding
Double Dumbbell Front Raise,Beginner,Shoulders,Anterior Deltoids,Pectoralis Major,Biceps Brachii,Dumbbell,2,None,0,Standing,Double Arm,Continuous,Pronated,Other,No Elevation,Single Exercise,Shoulder Flexion,,,Sagittal Plane,,,Upper Body,Push,Isolation,Bilateral,Bodybuilding
Double Dumbbell Incline Bench Prone Lateral Raise,Beginner,Shoulders,Posterior Deltoids,,,Dumbbell,2,Bench (Incline),1,Prone,Double Arm,Continuous,Neutral,Other,No Elevation,Single Exercise,Shoulder Abduction,,,Frontal Plane,,,Upper Body,Pull,Isolation,Bilateral,Bodybuilding
Double Plate Incline Bench Prone Y Raise,Novice,Shoulders,Posterior Deltoids,,,Weight Plate,2,Bench (Incline),1,Prone,Double Arm,Continuous,Neutral,Other,No Elevation,Single Exercise,,,,Frontal Plane,,,Upper Body,Pull,Pull,Bilateral,Postural
Dumbbell Crush Grip Seated Bicep Curl,Beginner,Biceps,Biceps Brachii,Brachialis,Brachioradialis,Dumbbell,1,None,0,Seated,Double Arm,Continuous,Crush Grip,Other,No Elevation,Single Exercise,Elbow Flexion,,,Sagittal Plane,,,Upper Body,Pull,Isolation,Bilateral,Bodybuilding
Double Dumbbell Incline Bench Prone Hammer Curl,Beginner,Biceps,Biceps Brachii,Brachialis,Brachioradialis,Dumbbell,2,Bench (Incline),1,Prone,Double Arm,Continuous,Neutral,Other,No Elevation,Single Exercise,Elbow Flexion,,,Sagittal Plane,,,Upper Body,Pull,Isolation,Bilateral,Bodybuilding
Alternating Double Dumbbell Incline Bench Prone Hammer Curl,Beginner,Biceps,Biceps Brachii,Brachialis,Brachioradialis,Dumbbell,2,Bench (Incline),1,Prone,Double Arm,Alternating,Neutral,Other,No Elevation,Single Exercise,Elbow Flexion,,,Sagittal Plane,,,Upper Body,Pull,Isolation,Unilateral,Bodybuilding
Single Arm Dumbbell Incline Bench Press,Beginner,Chest,Pectoralis Major,Triceps Brachii,,Dumbbell,1,Bench (Incline),1,Supine,Single Arm,Continuous,Pronated,Above Chest,No Elevation,Single Exercise,Horizontal Push,,,Sagittal Plane,,,Upper Body,Push,Compound,Unilateral,Bodybuilding
Single Arm Dumbbell Decline Bench Press,Beginner,Chest,Pectoralis Major,Triceps Brachii,,Dumbbell,1,Bench (Decline),1,Supine,Single Arm,Continuous,Pronated,Above Chest,No Elevation,Single Exercise,Horizontal Push,,,Sagittal Plane,,,Upper Body,Push,Compound,Unilateral,Bodybuilding
Single Arm Kettlebell Overhead Ipsilateral Cossack Squat,Intermediate,Quadriceps,Quadriceps Femoris,Adductor Magnus,Gluteus Maximus,Kettlebell,1,None,0,Standing,Single Arm,Continuous,Pronated,Overhead,No Elevation,Single Exercise,Knee Dominant,,,Frontal Plane,,,Lower Body,Push,Compound,Ipsilateral,Bodybuilding
Single Arm Kettlebell Bottoms Up Overhead Contralateral Cossack Squat,Intermediate,Quadriceps,Quadriceps Femoris,Adductor Magnus,Gluteus Maximus,Kettlebell,1,None,0,Standing,Single Arm,Continuous,Bottoms Up,Overhead,No Elevation,Single Exercise,Knee Dominant,,,Frontal Plane,,,Lower Body,Push,Compound,Contralateral,Bodybuilding
Single Arm Kettlebell Bottoms Up Overhead Ipsilateral Cossack Squat,Intermediate,Quadriceps,Quadriceps Femoris,Adductor Magnus,Gluteus Maximus,Kettlebell,1,None,0,Standing,Single Arm,Continuous,Bottoms Up,Overhead,No Elevation,Single Exercise,Knee Dominant,,,Frontal Plane,,,Lower Body,Push,Compound,Ipsilateral,Bodybuilding
Single Arm Kettlebell Bottoms Up Front Rack Contralateral Cossack Squat,Intermediate,Quadriceps,Quadriceps Femoris,Adductor Magnus,Gluteus Maximus,Kettlebell,1,None,0,Standing,Single Arm,Continuous,Bottoms Up,Front Rack,No Elevation,Single Exercise,Knee Dominant,,,Frontal Plane,,,Lower Body,Push,Compound,Contralateral,Bodybuilding
Single Arm Kettlebell Bottoms Up Front Rack Ipsilateral Cossack Squat,Intermediate,Quadriceps,Quadriceps Femoris,Adductor Magnus,Gluteus Maximus,Kettlebell,1,None,0,Standing,Single Arm,Continuous,Bottoms Up,Front Rack,No Elevation,Single Exercise,Knee Dominant,,,Frontal Plane,,,Lower Body,Push,Compound,Ipsilateral,Bodybuilding
Single Arm Kettlebell Front Rack Foot Elevated Ipsilateral Cossack Squat,Intermediate,Quadriceps,Quadriceps Femoris,Adductor Magnus,Gluteus Maximus,Kettlebell,1,None,0,Standing,Single Arm,Continuous,Neutral,Front Rack,Foot Elevated (Lateral),Single Exercise,Knee Dominant,,,Frontal Plane,,,Lower Body,Push,Compound,Ipsilateral,Bodybuilding
Single Arm Kettlebell Bottoms Up Front Rack Foot Elevated Contralateral Cossack Squat,Intermediate,Quadriceps,Quadriceps Femoris,Adductor Magnus,Gluteus Maximus,Kettlebell,1,None,0,Standing,Single Arm,Continuous,Bottoms Up,Front Rack,Foot Elevated (Lateral),Single Exercise,Knee Dominant,,,Frontal Plane,,,Lower Body,Push,Compound,Contralateral,Bodybuilding
Single Arm Kettlebell Bottoms Up Front Rack Foot Elevated Ipsilateral Cossack Squat,Intermediate,Quadriceps,Quadriceps Femoris,Adductor Magnus,Gluteus Maximus,Kettlebell,1,None,0,Standing,Single Arm,Continuous,Bottoms Up,Front Rack,Foot Elevated (Lateral),Single Exercise,Knee Dominant,,,Frontal Plane,,,Lower Body,Push,Compound,Ipsilateral,Bodybuilding
Single Arm Kettlebell Bottoms Up Overhead Foot Elevated Contralateral Cossack Squat,Intermediate,Quadriceps,Quadriceps Femoris,Adductor Magnus,Gluteus Maximus,Kettlebell,1,None,0,Standing,Single Arm,Continuous,Bottoms Up,Overhead,Foot Elevated (Lateral),Single Exercise,Knee Dominant,,,Frontal Plane,,,Lower Body,Push,Compound,Contralateral,Bodybuilding
Single Arm Kettlebell Bottoms Up Overhead Foot Elevated Ipsilateral Cossack Squat,Intermediate,Quadriceps,Quadriceps Femoris,Adductor Magnus,Gluteus Maximus,Kettlebell,1,None,0,Standing,Single Arm,Continuous,Bottoms Up,Overhead,Foot Elevated (Lateral),Single Exercise,Knee Dominant,,,Frontal Plane,,,Lower Body,Push,Compound,Ipsilateral,Bodybuilding
Single Arm Kettlebell Overhead Foot Elevated Contralateral Cossack Squat,Intermediate,Quadriceps,Quadriceps Femoris,Adductor Magnus,Gluteus Maximus,Kettlebell,1,None,0,Standing,Single Arm,Continuous,Pronated,Overhead,Foot Elevated (Lateral),Single Exercise,Knee Dominant,,,Frontal Plane,,,Lower Body,Push,Compound,Contralateral,Bodybuilding
Single Arm Kettlebell Overhead Foot Elevated Ipsilateral Cossack Squat,Intermediate,Quadriceps,Quadriceps Femoris,Adductor Magnus,Gluteus Maximus,Kettlebell,1,None,0,Standing,Single Arm,Continuous,Pronated,Overhead,Foot Elevated (Lateral),Single Exercise,Knee Dominant,,,Frontal Plane,,,Lower Body,Push,Compound,Ipsilateral,Bodybuilding
Double Kettlebell Bottoms Up Front Rack Foot Elevated Cossack Squat,Advanced,Quadriceps,Quadriceps Femoris,Adductor Magnus,Gluteus Maximus,Kettlebell,2,None,0,Standing,Double Arm,Continuous,Bottoms Up,Front Rack,Foot Elevated (Lateral),Single Exercise,Knee Dominant,,,Frontal Plane,,,Lower Body,Push,Compound,Unilateral,Bodybuilding
Double Dumbbell Floor Press,Beginner,Chest,Pectoralis Major,Triceps Brachii,,Dumbbell,2,None,0,Supine,Double Arm,Continuous,Pronated,Above Chest,No Elevation,Single Exercise,Horizontal Push,,,Sagittal Plane,,,Upper Body,Push,Compound,Bilateral,Bodybuilding
Alternating Double Dumbbell Floor Press,Beginner,Chest,Pectoralis Major,Triceps Brachii,,Dumbbell,2,None,0,Supine,Double Arm,Alternating,Pronated,Above Chest,No Elevation,Single Exercise,Horizontal Push,,,Sagittal Plane,,,Upper Body,Push,Compound,Unilateral,Bodybuilding
Double Kettlebell Bottoms Up Overhead Low Switch Cossack Squat,Advanced,Quadriceps,Quadriceps Femoris,Adductor Magnus,Gluteus Maximus,Kettlebell,2,None,0,Standing,Double Arm,Continuous,Bottoms Up,Overhead,No Elevation,Single Exercise,Knee Dominant,,,Frontal Plane,,,Lower Body,Push,Compound,Unilateral,Bodybuilding
Double Kettlebell Bottoms Up Overhead Foot Elevated Cossack Squat,Advanced,Quadriceps,Quadriceps Femoris,Adductor Magnus,Gluteus Maximus,Kettlebell,2,None,0,Standing,Double Arm,Continuous,Bottoms Up,Overhead,Foot Elevated (Lateral),Single Exercise,Knee Dominant,,,Frontal Plane,,,Lower Body,Push,Compound,Unilateral,Bodybuilding
Double Kettlebell Front Rack Foot Elevated Cossack Squat,Intermediate,Quadriceps,Quadriceps Femoris,Adductor Magnus,Gluteus Maximus,Kettlebell,2,None,0,Standing,Double Arm,Continuous,Neutral,Front Rack,Foot Elevated (Lateral),Single Exercise,Knee Dominant,,,Frontal Plane,,,Lower Body,Push,Compound,Unilateral,Bodybuilding
Double Kettlebell Overhead Low Switch Cossack Squat,Intermediate,Quadriceps,Quadriceps Femoris,Adductor Magnus,Gluteus Maximus,Kettlebell,2,None,0,Standing,Double Arm,Continuous,Pronated,Overhead,No Elevation,Single Exercise,Knee Dominant,,,Frontal Plane,,,Lower Body,Push,Compound,Unilateral,Bodybuilding
Double Kettlebell Overhead Foot Elevated Cossack Squat,Intermediate,Quadriceps,Quadriceps Femoris,Adductor Magnus,Gluteus Maximus,Kettlebell,2,None,0,Standing,Double Arm,Continuous,Pronated,Overhead,Foot Elevated (Lateral),Single Exercise,Knee Dominant,,,Frontal Plane,,,Lower Body,Push,Compound,Unilateral,Bodybuilding
Alternating Double Kettlebell Bottoms Up Z Press,Intermediate,Shoulders,Anterior Deltoids,Triceps Brachii,,Kettlebell,2,None,0,Seated Floor,Double Arm,Alternating,Bottoms Up,Overhead,No Elevation,Single Exercise,Vertical Push,,,Sagittal Plane,,,Upper Body,Push,Compound,Unilateral,Bodybuilding
Single Arm Kettlebell Bottoms Up Front Rack Alternating Cossack Squat,Intermediate,Quadriceps,Quadriceps Femoris,Adductor Magnus,Gluteus Maximus,Kettlebell,1,None,0,Standing,Single Arm,Continuous,Bottoms Up,Front Rack,No Elevation,Single Exercise,Knee Dominant,,,Frontal Plane,,,Lower Body,Push,Compound,Unilateral,Bodybuilding
Single Arm Dumbbell Floor Press,Beginner,Chest,Pectoralis Major,Triceps Brachii,,Dumbbell,1,None,0,Supine,Single Arm,Continuous,Pronated,Above Chest,No Elevation,Single Exercise,Horizontal Push,,,Sagittal Plane,,,Upper Body,Push,Compound,Unilateral,Bodybuilding
Single Arm Kettlebell Bottoms Up Front Rack Low Switch Cossack Squat,Intermediate,Quadriceps,Quadriceps Femoris,Adductor Magnus,Gluteus Maximus,Kettlebell,1,None,0,Standing,Single Arm,Continuous,Bottoms Up,Front Rack,No Elevation,Single Exercise,Knee Dominant,,,Frontal Plane,,,Lower Body,Push,Compound,Unilateral,Bodybuilding
Single Arm Kettlebell Overhead Alternating Cossack Squat,Intermediate,Quadriceps,Quadriceps Femoris,Adductor Magnus,Gluteus Maximus,Kettlebell,1,None,0,Standing,Single Arm,Continuous,Pronated,Overhead,No Elevation,Single Exercise,Knee Dominant,,,Frontal Plane,,,Lower Body,Push,Compound,Unilateral,Bodybuilding
Single Arm Kettlebell Overhead Low Switch Cossack Squat,Intermediate,Quadriceps,Quadriceps Femoris,Adductor Magnus,Gluteus Maximus,Kettlebell,1,None,0,Standing,Single Arm,Continuous,Pronated,Overhead,No Elevation,Single Exercise,Knee Dominant,,,Frontal Plane,,,Lower Body,Push,Compound,Unilateral,Bodybuilding
Single Arm Kettlebell Pendlay Row,Novice,Back,Latissimus Dorsi,Biceps Brachii,,Kettlebell,1,None,0,Standing,Single Arm,Continuous,Neutral,Other,No Elevation,Single Exercise,Horizontal Pull,,,Sagittal Plane,,,Upper Body,Pull,Compound,Unilateral,Bodybuilding
Battle Rope Clap,Beginner,Shoulders,Medial Deltoids,Biceps Brachii,Rectus Abdominis,Battle Ropes,1,None,0,Standing,Double Arm,Continuous,Neutral,Other,No Elevation,Single Exercise,Shoulder Abduction,,,Sagittal Plane,,,Upper Body,Other,Compound,Bilateral,Unsorted*
Battle Rope Single Leg Standing Clap,Intermediate,Shoulders,Medial Deltoids,Biceps Brachii,Rectus Abdominis,Battle Ropes,1,None,0,Single Leg Standing,Double Arm,Continuous,Neutral,Other,No Elevation,Single Exercise,Shoulder Abduction,,,Sagittal Plane,,,Upper Body,Other,Compound,Unilateral,Unsorted*
Barbell Floor Press,Novice,Chest,Pectoralis Major,Triceps Brachii,Anterior Deltoids,Barbell,1,None,0,Supine,Double Arm,Continuous,Neutral,Above Chest,No Elevation,Single Exercise,Horizontal Push,,,Sagittal Plane,,,Upper Body,Push,Compound,Bilateral,Bodybuilding
Cable Knee Hover Quadruped Fire Hydrant,Advanced,Glutes,Gluteus Maximus,Gluteus Medius,Gluteus Minimus,Cable,1,None,0,Knee Hover Quadruped,Double Arm,Continuous,Flat Palm,Other,No Elevation,Single Exercise,Hip External Rotation,Isometric Hold,,Transverse Plane,,,Lower Body,Other,Isolation,Unilateral,Unsorted*
Battle Rope Inward Circle,Beginner,Shoulders,Anterior Deltoids,Biceps Brachii,,Battle Ropes,1,None,0,Standing,Double Arm,Continuous,Neutral,Other,No Elevation,Single Exercise,,,,Sagittal Plane,Frontal Plane,,Upper Body,Other,Compound,Bilateral,Unsorted*
Battle Rope Outward Circle,Beginner,Shoulders,Anterior Deltoids,Biceps Brachii,,Battle Ropes,1,None,0,Standing,Double Arm,Continuous,Neutral,Other,No Elevation,Single Exercise,,,,Sagittal Plane,Frontal Plane,,Upper Body,Other,Compound,Bilateral,Unsorted*
Battle Rope Alternating Outward Circle,Novice,Shoulders,Anterior Deltoids,Biceps Brachii,,Battle Ropes,1,None,0,Standing,Double Arm,Alternating,Neutral,Other,No Elevation,Single Exercise,,,,Sagittal Plane,Frontal Plane,,Upper Body,Other,Compound,Unilateral,Unsorted*
Battle Rope Alternating Inward Circle,Novice,Shoulders,Anterior Deltoids,Biceps Brachii,,Battle Ropes,1,None,0,Standing,Double Arm,Alternating,Neutral,Other,No Elevation,Single Exercise,,,,Sagittal Plane,Frontal Plane,,Upper Body,Other,Compound,Unilateral,Unsorted*
Single Arm Dumbbell Half Kneeling Windmill,Intermediate,Abdominals,Obliques,Rectus Abdominis,,Dumbbell,1,None,0,Half Kneeling,Single Arm,Continuous,Neutral,Overhead,No Elevation,Single Exercise,Rotational,,,Transverse Plane,,,Midsection,Other,Compound,Unilateral,Grinds
Double Dumbbell Windmill,Advanced,Abdominals,Obliques,Rectus Abdominis,,Dumbbell,2,None,0,Standing,Double Arm,Continuous,Neutral,Overhead,No Elevation,Single Exercise,Rotational,,,Transverse Plane,,,Midsection,Other,Compound,Unilateral,Grinds
Double Kettlebell Tall Kneeling Shrug,Beginner,Trapezius,Upper Trapezius,,,Kettlebell,2,None,0,Tall Kneeling,Double Arm,Continuous,Neutral,Suitcase,No Elevation,Single Exercise,Scapular Elevation,,,Sagittal Plane,,,Upper Body,Pull,Isolation,Bilateral,Bodybuilding
Double Dumbbell Cyclist Thruster,Novice,Shoulders,Anterior Deltoids,Quadriceps Femoris,,Dumbbell,2,Slant Board,1,Standing,Double Arm,Continuous,Neutral,Overhead,Heels Elevated,Single Exercise,Vertical Push,Knee Dominant,,Sagittal Plane,,,Full Body,Push,Compound,Bilateral,Bodybuilding
Single Arm Kettlebell Bottoms Up Overhead Low Switch Cossack Squat,Advanced,Quadriceps,Quadriceps Femoris,Adductor Magnus,Gluteus Maximus,Kettlebell,1,None,0,Standing,Single Arm,Continuous,Bottoms Up,Overhead,No Elevation,Single Exercise,Knee Dominant,,,Frontal Plane,,,Lower Body,Push,Compound,Unilateral,Bodybuilding
Alternating Double Dumbbell Cyclist Thruster,Novice,Shoulders,Anterior Deltoids,Quadriceps Femoris,,Dumbbell,2,Slant Board,1,Standing,Double Arm,Alternating,Neutral,Overhead,Heels Elevated,Single Exercise,Vertical Push,Knee Dominant,,Sagittal Plane,,,Full Body,Push,Compound,Unilateral,Bodybuilding
Kettlebell Goblet Alternating Pistol Squat,Advanced,Quadriceps,Quadriceps Femoris,Gluteus Maximus,,Kettlebell,1,None,0,Single Leg Standing,Double Arm,Continuous,Goblet,Front Rack,No Elevation,Single Exercise,Knee Dominant,,,Sagittal Plane,,,Lower Body,Push,Compound,Unilateral,Balance
Kettlebell Goblet Pistol Squat,Advanced,Quadriceps,Quadriceps Femoris,Gluteus Maximus,,Kettlebell,1,None,0,Single Leg Standing,Double Arm,Continuous,Goblet,Front Rack,No Elevation,Single Exercise,Knee Dominant,,,Sagittal Plane,,,Lower Body,Push,Compound,Unilateral,Balance
Kettlebell Horn Grip Alternating Pistol Squat,Advanced,Quadriceps,Quadriceps Femoris,Gluteus Maximus,,Kettlebell,1,None,0,Single Leg Standing,Double Arm,Continuous,Horn Grip,Front Rack,No Elevation,Single Exercise,Knee Dominant,,,Sagittal Plane,,,Lower Body,Push,Compound,Unilateral,Balance
Single Arm Dumbbell Bent Press,Intermediate,Shoulders,Anterior Deltoids,Triceps Brachii,,Dumbbell,1,None,0,Standing,Single Arm,Continuous,Neutral,Overhead,No Elevation,Single Exercise,Rotational,Vertical Push,,Transverse Plane,,,Unsorted*,Push,Compound,Unilateral,Grinds
Single Arm Dumbbell Half Kneeling Bent Press,Intermediate,Shoulders,Anterior Deltoids,Triceps Brachii,,Dumbbell,1,None,0,Half Kneeling,Single Arm,Continuous,Neutral,Overhead,No Elevation,Single Exercise,Rotational,Vertical Push,,Transverse Plane,,,Unsorted*,Push,Compound,Unilateral,Grinds
Single Arm Macebell Mill,Intermediate,Shoulders,Posterior Deltoids,Rectus Abdominis,,Macebell,1,None,0,Standing,Single Arm,Continuous,Neutral,Behind Back,No Elevation,Single Exercise,Rotational,,,Transverse Plane,,,Upper Body,Pull,Compound,Unilateral,Ballistics
Single Arm Macebell Reverse Mill,Intermediate,Shoulders,Posterior Deltoids,Rectus Abdominis,,Macebell,1,None,0,Standing,Single Arm,Continuous,Neutral,Behind Back,No Elevation,Single Exercise,Rotational,,,Transverse Plane,,,Upper Body,Pull,Compound,Unilateral,Ballistics
Alternating Single Arm Clubbell Reverse Mill,Intermediate,Shoulders,Posterior Deltoids,Gluteus Maximus,Obliques,Clubbell,1,None,0,Standing,Single Arm,Alternating,Neutral,Behind Back,No Elevation,Single Exercise,Rotational,,,Transverse Plane,,,Upper Body,Pull,Compound,Unilateral,Ballistics
Macebell Mill,Intermediate,Shoulders,Posterior Deltoids,Rectus Abdominis,,Macebell,1,None,0,Standing,Double Arm,Continuous,Neutral,Behind Back,No Elevation,Single Exercise,Rotational,,,Transverse Plane,,,Upper Body,Pull,Compound,Bilateral,Ballistics
Alternating Double Dumbbell Bent Over Row,Beginner,Back,Latissimus Dorsi,Rhomboids,Posterior Deltoids,Dumbbell,2,None,0,Standing,Double Arm,Alternating,Neutral,Other,No Elevation,Single Exercise,Horizontal Pull,,,Sagittal Plane,,,Upper Body,Pull,Compound,Unilateral,Bodybuilding
Barbell Reverse Grip Bent Over Row,Novice,Back,Latissimus Dorsi,Rhomboids,Posterior Deltoids,Barbell,1,None,0,Standing,Double Arm,Continuous,Supinated,Other,No Elevation,Single Exercise,Horizontal Pull,,,Sagittal Plane,,,Upper Body,Pull,Compound,Bilateral,Bodybuilding
Macebell Offset Bent Over Row,Novice,Back,Latissimus Dorsi,Rhomboids,Posterior Deltoids,Macebell,1,None,0,Standing,Double Arm,Continuous,Pronated,Other,No Elevation,Single Exercise,Horizontal Pull,Anti-Lateral Flexion,,Sagittal Plane,,,Upper Body,Pull,Compound,Bilateral,Bodybuilding
Macebell Single Leg Offset Bent Over Row,Intermediate,Back,Latissimus Dorsi,Rhomboids,Posterior Deltoids,Macebell,1,None,0,Single Leg Standing,Double Arm,Continuous,Pronated,Other,No Elevation,Single Exercise,Horizontal Pull,Anti-Lateral Flexion,,Sagittal Plane,,,Upper Body,Pull,Compound,Unilateral,Bodybuilding
Macebell Reverse Grip Offset Bent Over Row,Novice,Back,Latissimus Dorsi,Rhomboids,Posterior Deltoids,Macebell,1,None,0,Standing,Double Arm,Continuous,Supinated,Other,No Elevation,Single Exercise,Horizontal Pull,Anti-Lateral Flexion,,Sagittal Plane,,,Upper Body,Pull,Compound,Bilateral,Bodybuilding
Alternating Single Arm Kettlebell Pendlay Row,Novice,Back,Latissimus Dorsi,Biceps Brachii,,Kettlebell,1,None,0,Standing,Single Arm,Alternating,Neutral,Other,No Elevation,Single Exercise,Horizontal Pull,,,Sagittal Plane,,,Upper Body,Pull,Compound,Unilateral,Bodybuilding
Double Kettlebell Incline Bench Prone Row,Novice,Back,Latissimus Dorsi,,,Kettlebell,2,Bench (Incline),1,Prone,Double Arm,Continuous,Neutral,Other,No Elevation,Single Exercise,Horizontal Pull,,,Sagittal Plane,,,Upper Body,Pull,Compound,Bilateral,Bodybuilding
Single Arm Dumbbell Incline Bench Prone Row,Novice,Back,Latissimus Dorsi,,,Dumbbell,1,Bench (Incline),1,Prone,Single Arm,Continuous,Neutral,Other,No Elevation,Single Exercise,Horizontal Pull,,,Sagittal Plane,,,Upper Body,Pull,Compound,Unilateral,Bodybuilding
Single Arm Dumbbell Spider Curl,Novice,Biceps,Biceps Brachii,Brachialis,Brachioradialis,Dumbbell,1,Bench (Incline),1,Prone,Single Arm,Continuous,Supinated,Other,No Elevation,Single Exercise,Elbow Flexion,,,Sagittal Plane,,,Upper Body,Pull,Isolation,Unilateral,Bodybuilding
Double Kettlebell Spider Curl,Novice,Biceps,Biceps Brachii,Brachialis,Brachioradialis,Kettlebell,2,Bench (Incline),1,Prone,Double Arm,Continuous,Supinated,Other,No Elevation,Single Exercise,Elbow Flexion,,,Sagittal Plane,,,Upper Body,Pull,Isolation,Bilateral,Bodybuilding
Double Kettlebell Incline Bench Press,Beginner,Chest,Pectoralis Major,Triceps Brachii,,Kettlebell,2,Bench (Incline),1,Supine,Double Arm,Continuous,Pronated,Above Chest,No Elevation,Single Exercise,Horizontal Push,,,Sagittal Plane,,,Upper Body,Push,Compound,Bilateral,Bodybuilding
Single Arm Dumbbell Front Rack Ipsilateral Cossack Squat,Novice,Quadriceps,Quadriceps Femoris,Adductor Magnus,Gluteus Maximus,Dumbbell,1,None,0,Standing,Single Arm,Continuous,Neutral,Front Rack,No Elevation,Single Exercise,Knee Dominant,,,Frontal Plane,,,Lower Body,Push,Compound,Ipsilateral,Bodybuilding
Single Arm Dumbbell Overhead Alternating Cossack Squat,Intermediate,Quadriceps,Quadriceps Femoris,Adductor Magnus,Gluteus Maximus,Dumbbell,1,None,0,Standing,Double Arm,Continuous,Neutral,Overhead,No Elevation,Single Exercise,Knee Dominant,,,Frontal Plane,,,Lower Body,Push,Compound,Unilateral,Bodybuilding
Single Arm Kettlebell Incline Bench Press,Beginner,Chest,Pectoralis Major,Triceps Brachii,,Kettlebell,1,Bench (Incline),1,Supine,Single Arm,Continuous,Pronated,Above Chest,No Elevation,Single Exercise,Horizontal Push,,,Sagittal Plane,,,Upper Body,Push,Compound,Unilateral,Bodybuilding
Alternating Double Kettlebell Incline Bench Press,Beginner,Chest,Pectoralis Major,Triceps Brachii,,Kettlebell,2,Bench (Incline),1,Supine,Double Arm,Alternating,Pronated,Above Chest,No Elevation,Single Exercise,Horizontal Push,,,Sagittal Plane,,,Upper Body,Push,Compound,Unilateral,Bodybuilding
Double Kettlebell Bottoms Up Incline Bench Press,Novice,Chest,Pectoralis Major,Triceps Brachii,,Kettlebell,2,Bench (Incline),1,Supine,Double Arm,Continuous,Bottoms Up,Above Chest,No Elevation,Single Exercise,Horizontal Push,,,Sagittal Plane,,,Upper Body,Push,Compound,Bilateral,Bodybuilding
Alternating Double Kettlebell Bottoms Up Incline Bench Press,Novice,Chest,Pectoralis Major,Triceps Brachii,,Kettlebell,2,Bench (Incline),1,Supine,Double Arm,Alternating,Bottoms Up,Above Chest,No Elevation,Single Exercise,Horizontal Push,,,Sagittal Plane,,,Upper Body,Push,Compound,Unilateral,Bodybuilding
Single Arm Kettlebell Bottoms Up Incline Bench Press,Novice,Chest,Pectoralis Major,Triceps Brachii,,Kettlebell,1,Bench (Incline),1,Supine,Single Arm,Continuous,Bottoms Up,Above Chest,No Elevation,Single Exercise,Horizontal Push,,,Sagittal Plane,,,Upper Body,Push,Compound,Unilateral,Bodybuilding
Alternating Double Kettlebell Incline Bench Prone Row,Novice,Back,Latissimus Dorsi,,,Kettlebell,2,Bench (Incline),1,Prone,Double Arm,Alternating,Neutral,Other,No Elevation,Single Exercise,Horizontal Pull,,,Sagittal Plane,,,Upper Body,Pull,Compound,Bilateral,Bodybuilding
Single Arm Kettlebell Incline Bench Prone Row,Novice,Back,Latissimus Dorsi,,,Kettlebell,1,Bench (Incline),1,Prone,Single Arm,Continuous,Neutral,Other,No Elevation,Single Exercise,Horizontal Pull,,,Sagittal Plane,,,Upper Body,Pull,Compound,Unilateral,Bodybuilding
Single Arm Dumbbell Overhead Low Switch Cossack Squat,Advanced,Quadriceps,Quadriceps Femoris,Adductor Magnus,Gluteus Maximus,Dumbbell,1,None,0,Standing,Single Arm,Continuous,Neutral,Overhead,No Elevation,Single Exercise,Knee Dominant,,,Frontal Plane,,,Lower Body,Push,Compound,Unilateral,Bodybuilding
Dumbbell Goblet Foot Elevated Cossack Squat,Intermediate,Quadriceps,Quadriceps Femoris,Adductor Magnus,Gluteus Maximus,Dumbbell,1,None,0,Standing,Double Arm,Continuous,Goblet,Front Rack,Foot Elevated (Lateral),Single Exercise,Knee Dominant,,,Frontal Plane,,,Lower Body,Push,Compound,Unilateral,Bodybuilding
Single Arm Clubbell Order Ipsilateral Cossack Squat,Novice,Quadriceps,Quadriceps Femoris,Adductor Magnus,Gluteus Maximus,Clubbell,1,None,0,Standing,Single Arm,Continuous,Neutral,Order,No Elevation,Single Exercise,Knee Dominant,,,Frontal Plane,,,Lower Body,Push,Compound,Ipsilateral,Bodybuilding
Single Arm Clubbell Order Foot Elevated Ipsilateral Cossack Squat,Intermediate,Quadriceps,Quadriceps Femoris,Adductor Magnus,Gluteus Maximus,Clubbell,1,None,0,Standing,Single Arm,Continuous,Neutral,Order,Foot Elevated (Lateral),Single Exercise,Knee Dominant,,,Frontal Plane,,,Lower Body,Push,Compound,Ipsilateral,Bodybuilding
Single Arm Clubbell Front Flag Hold Ipsilateral Cossack Squat,Novice,Quadriceps,Quadriceps Femoris,Adductor Magnus,Gluteus Maximus,Clubbell,1,None,0,Standing,Single Arm,Continuous,Neutral,Front Flag Hold,No Elevation,Single Exercise,Knee Dominant,,,Frontal Plane,,,Lower Body,Push,Compound,Ipsilateral,Bodybuilding
Single Arm Clubbell Front Flag Hold Foot Elevated Ipsilateral Cossack Squat,Intermediate,Quadriceps,Quadriceps Femoris,Adductor Magnus,Gluteus Maximus,Clubbell,1,None,0,Standing,Single Arm,Continuous,Neutral,Front Flag Hold,Foot Elevated (Lateral),Single Exercise,Knee Dominant,,,Frontal Plane,,,Lower Body,Push,Compound,Ipsilateral,Bodybuilding
Single Arm Macebell Order Ipsilateral Cossack Squat,Novice,Quadriceps,Quadriceps Femoris,Adductor Magnus,Gluteus Maximus,Macebell,1,None,0,Standing,Single Arm,Continuous,Neutral,Order,No Elevation,Single Exercise,Knee Dominant,,,Frontal Plane,,,Lower Body,Push,Compound,Ipsilateral,Bodybuilding
Single Arm Macebell Order Foot Elevated Ipsilateral Cossack Squat,Intermediate,Quadriceps,Quadriceps Femoris,Adductor Magnus,Gluteus Maximus,Macebell,1,None,0,Standing,Single Arm,Continuous,Neutral,Order,Foot Elevated (Lateral),Single Exercise,Knee Dominant,,,Frontal Plane,,,Lower Body,Push,Compound,Ipsilateral,Bodybuilding
Single Arm Dummbell Front Rack Foot Elevated Contralateral Cossack Squat,Intermediate,Quadriceps,Quadriceps Femoris,Adductor Magnus,Gluteus Maximus,Dumbbell,1,None,0,Standing,Single Arm,Continuous,Neutral,Front Rack,Foot Elevated (Lateral),Single Exercise,Knee Dominant,,,Frontal Plane,,,Lower Body,Push,Compound,Contralateral,Bodybuilding
Single Arm Dumbbell Front Rack Foot Elevated Ipsilateral Cossack Squat,Intermediate,Quadriceps,Quadriceps Femoris,Adductor Magnus,Gluteus Maximus,Dumbbell,1,None,0,Standing,Single Arm,Continuous,Neutral,Front Rack,Foot Elevated (Lateral),Single Exercise,Knee Dominant,,,Frontal Plane,,,Lower Body,Push,Compound,Ipsilateral,Bodybuilding
Single Arm Kettlebell Spider Curl,Novice,Biceps,Biceps Brachii,Brachialis,Brachioradialis,Kettlebell,1,Bench (Incline),1,Prone,Single Arm,Continuous,Supinated,Other,No Elevation,Single Exercise,Elbow Flexion,,,Sagittal Plane,,,Upper Body,Pull,Isolation,Unilateral,Bodybuilding
Single Arm Kettlebell Seated Overhead Press,Beginner,Shoulders,Anterior Deltoids,Triceps Brachii,,Kettlebell,1,Bench (Flat),1,Seated,Single Arm,Continuous,Pronated,Overhead,No Elevation,Single Exercise,Vertical Push,,,Sagittal Plane,,,Upper Body,Push,Compound,Unilateral,Bodybuilding
Single Arm Kettlebell Bird Dog Row,Intermediate,Back,Latissimus Dorsi,Rectus Abdominis,,Kettlebell,1,Bench (Flat),1,Quadruped,Single Arm,Continuous,Neutral,Other,No Elevation,Single Exercise,Horizontal Pull,,,Sagittal Plane,,,Upper Body,Pull,Compound,Unilateral,Bodybuilding
Single Arm Kettlebell Bottoms Up Copenhagen Plank,Intermediate,Adductors,Adductor Magnus,,,Kettlebell,1,Bench (Flat),1,Side Plank,Single Arm,Continuous,Bottoms Up,Other,Foot Elevated (Side),Single Exercise,Hip Adduction,,,Frontal Plane,,,Lower Body,Other,Compound,Unilateral,Unsorted*
Double Kettlebell Bottoms Up Bench Press,Novice,Chest,Pectoralis Major,Triceps Brachii,,Kettlebell,2,Bench (Flat),1,Supine,Double Arm,Continuous,Bottoms Up,Above Chest,No Elevation,Single Exercise,Horizontal Push,,,Sagittal Plane,,,Upper Body,Push,Compound,Bilateral,Bodybuilding
Double Kettlebell Bottoms Up Glute Bridge Isometric Bench Press,Intermediate,Chest,Pectoralis Major,Triceps Brachii,,Kettlebell,2,Bench (Flat),1,Bridge,Double Arm,Continuous,Bottoms Up,Above Chest,No Elevation,Single Exercise,Horizontal Push,Isometric Hold,,Sagittal Plane,,,Full Body,Push,Compound,Bilateral,Bodybuilding
Single Arm Kettlebell Bottoms Up Copenhagen Plank Side Raise,Advanced,Adductors,Adductor Magnus,,,Kettlebell,1,Bench (Flat),1,Side Plank,Single Arm,Continuous,Bottoms Up,Other,Foot Elevated (Side),Single Exercise,Hip Adduction,,,Frontal Plane,,,Lower Body,Other,Compound,Unilateral,Unsorted*
Single Arm Kettlebell Knee Supported Row,Beginner,Back,Latissimus Dorsi,,,Kettlebell,1,Bench (Flat),1,Knee Supported,Single Arm,Continuous,Neutral,Other,No Elevation,Single Exercise,Horizontal Pull,,,Sagittal Plane,,,Upper Body,Pull,Compound,Unilateral,Bodybuilding
Kettlebell Seated Single Leg Tibialis Raise,Novice,Shins,Tibialis Anterior,,,Kettlebell,1,Bench (Flat),1,Seated,No Arms,Continuous,No Grip,Other,No Elevation,Single Exercise,Ankle Dorsiflexion,,,Sagittal Plane,,,Lower Body,Unsorted*,Isolation,Unilateral,Unsorted*
Double Kettlebell Seated Calf Raise,Beginner,Calves,Soleus,,,Kettlebell,2,Bench (Flat),1,Seated,Double Arm,Continuous,Neutral,Other,No Elevation,Single Exercise,Ankle Plantar Flexion,,,Sagittal Plane,,,Lower Body,Push,Isolation,Bilateral,Bodybuilding
Double Kettlebell Seated Feet Elevated Calf Raise,Beginner,Calves,Soleus,,,Kettlebell,2,Bench (Flat),1,Seated,Double Arm,Continuous,Neutral,Other,Toes Elevated,Single Exercise,Ankle Plantar Flexion,,,Sagittal Plane,,,Lower Body,Push,Isolation,Bilateral,Bodybuilding
Alternating Double Dumbbell Thruster,Novice,Shoulders,Anterior Deltoids,Quadriceps Femoris,,Dumbbell,2,None,0,Standing,Double Arm,Alternating,Neutral,Overhead,No Elevation,Single Exercise,Vertical Push,Knee Dominant,,Sagittal Plane,,,Full Body,Push,Compound,Unilateral,Bodybuilding
Alternating Single Arm Macebell 360,Intermediate,Shoulders,Posterior Deltoids,Rectus Abdominis,,Macebell,1,None,0,Standing,Single Arm,Alternating,Neutral,Behind Back,No Elevation,Single Exercise,Rotational,,,Transverse Plane,,,Upper Body,Pull,Compound,Unilateral,Ballistics
Single Arm Macebell Inside Circle,Intermediate,Abdominals,Rectus Abdominis,Gluteus Maximus,Brachioradialis,Macebell,1,None,0,Standing,Single Arm,Continuous,Neutral,Other,No Elevation,Single Exercise,Rotational,,,Transverse Plane,,,Full Body,Other,Compound,Unilateral,Ballistics
Single Arm Macebell Outside Circle,Intermediate,Abdominals,Rectus Abdominis,Gluteus Maximus,Brachioradialis,Macebell,1,None,0,Standing,Single Arm,Continuous,Neutral,Other,No Elevation,Single Exercise,Rotational,,,Transverse Plane,,,Full Body,Other,Compound,Unilateral,Ballistics
Single Arm Macebell Inside Circle to Outside Circle,Intermediate,Abdominals,Rectus Abdominis,Gluteus Maximus,Brachioradialis,Macebell,1,None,0,Standing,Single Arm,Continuous,Neutral,Other,No Elevation,Combo Exercise,Rotational,,,Transverse Plane,,,Full Body,Other,Compound,Unilateral,Ballistics
Macebell Inside Circle,Intermediate,Abdominals,Rectus Abdominis,Gluteus Maximus,Brachioradialis,Macebell,1,None,0,Standing,Double Arm,Continuous,Neutral,Order,No Elevation,Single Exercise,Rotational,,,Transverse Plane,,,Full Body,Other,Compound,Bilateral,Ballistics
Macebell Outside Circle,Intermediate,Abdominals,Rectus Abdominis,Gluteus Maximus,Brachioradialis,Macebell,1,None,0,Standing,Double Arm,Continuous,Neutral,Order,No Elevation,Single Exercise,Rotational,,,Transverse Plane,,,Full Body,Other,Compound,Bilateral,Ballistics
Macebell Inside Circle to Outside Circle,Intermediate,Abdominals,Rectus Abdominis,Gluteus Maximus,Brachioradialis,Macebell,1,None,0,Standing,Double Arm,Continuous,Neutral,Order,No Elevation,Single Exercise,Rotational,,,Transverse Plane,,,Full Body,Other,Compound,Bilateral,Ballistics
Double Kettlebell Seated Overhead Press,Beginner,Shoulders,Anterior Deltoids,Triceps Brachii,,Kettlebell,2,Bench (Flat),1,Seated,Double Arm,Continuous,Pronated,Overhead,No Elevation,Single Exercise,Vertical Push,,,Sagittal Plane,,,Upper Body,Push,Compound,Bilateral,Bodybuilding
Alternating Double Kettlebell Seated Overhead Press,Beginner,Shoulders,Anterior Deltoids,Triceps Brachii,,Kettlebell,2,Bench (Flat),1,Seated,Double Arm,Alternating,Pronated,Overhead,No Elevation,Single Exercise,Vertical Push,,,Sagittal Plane,,,Upper Body,Push,Compound,Unilateral,Bodybuilding
Double Kettlebell Bottoms Up Seated Overhead Press,Intermediate,Shoulders,Anterior Deltoids,Triceps Brachii,,Kettlebell,2,Bench (Flat),1,Seated,Double Arm,Continuous,Bottoms Up,Overhead,No Elevation,Single Exercise,Vertical Push,,,Sagittal Plane,,,Upper Body,Push,Compound,Bilateral,Bodybuilding
Alternating Double Kettlebell Bottoms Up Seated Overhead Press,Intermediate,Shoulders,Anterior Deltoids,Triceps Brachii,,Kettlebell,2,Bench (Flat),1,Seated,Double Arm,Alternating,Bottoms Up,Overhead,No Elevation,Single Exercise,Vertical Push,,,Sagittal Plane,,,Upper Body,Push,Compound,Unilateral,Bodybuilding
Single Arm Kettlebell Bottoms Up Seated Overhead Press,Intermediate,Shoulders,Anterior Deltoids,Triceps Brachii,,Kettlebell,1,Bench (Flat),1,Seated,Single Arm,Continuous,Bottoms Up,Overhead,No Elevation,Single Exercise,Vertical Push,,,Sagittal Plane,,,Upper Body,Push,Compound,Unilateral,Bodybuilding
Battle Rope Alternating Cossack Squat Alternating Wave,Intermediate,Quadriceps,Quadriceps Femoris,Adductor Magnus,Biceps Brachii,Battle Ropes,1,None,0,Standing,Double Arm,Alternating,Neutral,Other,No Elevation,Single Exercise,Knee Dominant,,,Frontal Plane,,,Full Body,Other,Compound,Unilateral,Unsorted*
Bodyweight Low Switch Cossack Squat,Beginner,Quadriceps,Quadriceps Femoris,Adductor Magnus,Gluteus Maximus,Bodyweight,1,None,0,Standing,No Arms,Continuous,No Grip,No Load,No Elevation,Single Exercise,Knee Dominant,,,Frontal Plane,,,Lower Body,Push,Compound,Unilateral,Bodybuilding
Barbell Zercher Alternating Cossack Squat,Advanced,Quadriceps,Quadriceps Femoris,Adductor Magnus,Gluteus Maximus,Barbell,1,None,0,Standing,Double Arm,Continuous,No Grip,Zercher,No Elevation,Single Exercise,Knee Dominant,,,Frontal Plane,,,Lower Body,Push,Compound,Unilateral,Bodybuilding
Barbell Zercher Cossack Squat,Advanced,Quadriceps,Quadriceps Femoris,Adductor Magnus,Gluteus Maximus,Barbell,1,None,0,Standing,Double Arm,Continuous,No Grip,Zercher,No Elevation,Single Exercise,Knee Dominant,,,Frontal Plane,,,Lower Body,Push,Compound,Unilateral,Bodybuilding
Barbell Zercher Low Switch Cossack Squat,Advanced,Quadriceps,Quadriceps Femoris,Adductor Magnus,Gluteus Maximus,Barbell,1,None,0,Standing,Double Arm,Continuous,No Grip,Zercher,No Elevation,Single Exercise,Knee Dominant,,,Frontal Plane,,,Lower Body,Push,Compound,Unilateral,Bodybuilding
Barbell Zercher Foot Elevated Cossack Squat,Advanced,Quadriceps,Quadriceps Femoris,Adductor Magnus,Gluteus Maximus,Barbell,1,None,0,Standing,Double Arm,Continuous,No Grip,Zercher,Foot Elevated (Lateral),Single Exercise,Knee Dominant,,,Frontal Plane,,,Lower Body,Push,Compound,Unilateral,Bodybuilding
Barbell Zombie Squat,Advanced,Quadriceps,Quadriceps Femoris,Gluteus Maximus,,Barbell,1,None,0,Standing,Double Arm,Continuous,No Grip,Front Rack,No Elevation,Single Exercise,Knee Dominant,,,Sagittal Plane,,,Lower Body,Push,Compound,Bilateral,Bodybuilding
Barbell Zombie Split Squat,Advanced,Quadriceps,Quadriceps Femoris,Gluteus Maximus,,Barbell,1,None,0,Split Squat,Double Arm,Continuous,No Grip,Front Rack,No Elevation,Single Exercise,Knee Dominant,,,Sagittal Plane,,,Lower Body,Push,Compound,Unilateral,Bodybuilding
Heavy Sandbag Bear Hug Cossack Squat,Intermediate,Quadriceps,Quadriceps Femoris,Gluteus Maximus,,Heavy Sandbag,1,None,0,Standing,Double Arm,Continuous,Neutral,Bear Hug,No Elevation,Single Exercise,Knee Dominant,,,Frontal Plane,,,Lower Body,Push,Compound,Unilateral,Unsorted*
Heavy Sandbag Bear Hug Alternating Cossack Squat,Intermediate,Quadriceps,Quadriceps Femoris,Gluteus Maximus,,Heavy Sandbag,1,None,0,Standing,Double Arm,Continuous,Neutral,Bear Hug,No Elevation,Single Exercise,Knee Dominant,,,Frontal Plane,,,Lower Body,Push,Compound,Unilateral,Unsorted*
Heavy Sandbag Shoulder Contralateral Cossack Squat,Intermediate,Quadriceps,Quadriceps Femoris,Gluteus Maximus,,Heavy Sandbag,1,None,0,Standing,Double Arm,Continuous,Neutral,Shoulder,No Elevation,Single Exercise,Knee Dominant,,,Frontal Plane,,,Lower Body,Push,Compound,Contralateral,Unsorted*
Heavy Sandbag Shoulder Alternating Cossack Squat,Intermediate,Quadriceps,Quadriceps Femoris,Gluteus Maximus,,Heavy Sandbag,1,None,0,Standing,Double Arm,Continuous,Neutral,Shoulder,No Elevation,Single Exercise,Knee Dominant,,,Frontal Plane,,,Lower Body,Push,Compound,Unilateral,Unsorted*
Heavy Sandbag Shoulder Ipsilateral Cossack Squat,Intermediate,Quadriceps,Quadriceps Femoris,Gluteus Maximus,,Heavy Sandbag,1,None,0,Standing,Double Arm,Continuous,Neutral,Shoulder,No Elevation,Single Exercise,Knee Dominant,,,Frontal Plane,,,Lower Body,Push,Compound,Ipsilateral,Unsorted*
Barbell Zombie Cyclist Squat,Advanced,Quadriceps,Quadriceps Femoris,Gluteus Maximus,,Barbell,1,Slant Board,1,Standing,Double Arm,Continuous,No Grip,Front Rack,Heels Elevated,Single Exercise,Knee Dominant,,,Sagittal Plane,,,Lower Body,Push,Compound,Bilateral,Bodybuilding
Single Arm Suspension Foot Elevated Ipsilateral Cossack Squat,Beginner,Quadriceps,Quadriceps Femoris,Adductor Magnus,Gluteus Maximus,Suspension Trainer,1,None,0,Standing,Single Arm,Continuous,Neutral,No Load,Foot Elevated (Lateral),Single Exercise,Knee Dominant,,,Frontal Plane,,,Lower Body,Push,Compound,Ipsilateral,Bodybuilding
Single Arm Suspension Ipsilateral Cossack Squat,Beginner,Quadriceps,Quadriceps Femoris,Adductor Magnus,Gluteus Maximus,Suspension Trainer,1,None,0,Standing,Single Arm,Continuous,Neutral,No Load,No Elevation,Single Exercise,Knee Dominant,,,Frontal Plane,,,Lower Body,Push,Compound,Ipsilateral,Bodybuilding
Battle Rope Low Switch Cossack Squat Alternating Wave,Intermediate,Quadriceps,Quadriceps Femoris,Adductor Magnus,Biceps Brachii,Battle Ropes,1,None,0,Standing,Double Arm,Alternating,Neutral,Other,No Elevation,Single Exercise,Knee Dominant,,,Frontal Plane,,,Full Body,Other,Compound,Unilateral,Unsorted*
Plate Overhead Cossack Squat,Intermediate,Quadriceps,Quadriceps Femoris,Adductor Magnus,Gluteus Maximus,Weight Plate,1,None,0,Standing,Double Arm,Continuous,Neutral,Overhead,No Elevation,Single Exercise,Knee Dominant,,,Frontal Plane,,,Lower Body,Push,Compound,Unilateral,Bodybuilding
Plate Overhead Alternating Cossack Squat,Intermediate,Quadriceps,Quadriceps Femoris,Adductor Magnus,Gluteus Maximus,Weight Plate,1,None,0,Standing,Double Arm,Continuous,Neutral,Overhead,No Elevation,Single Exercise,Knee Dominant,,,Frontal Plane,,,Lower Body,Push,Compound,Unilateral,Bodybuilding
Plate Overhead Low Switch Cossack Squat,Intermediate,Quadriceps,Quadriceps Femoris,Adductor Magnus,Gluteus Maximus,Weight Plate,1,None,0,Standing,Double Arm,Continuous,Neutral,Overhead,No Elevation,Single Exercise,Knee Dominant,,,Frontal Plane,,,Lower Body,Push,Compound,Unilateral,Bodybuilding
Plate Overhead Foot Elevated Cossack Squat,Intermediate,Quadriceps,Quadriceps Femoris,Adductor Magnus,Gluteus Maximus,Weight Plate,1,None,0,Standing,Double Arm,Continuous,Neutral,Overhead,Foot Elevated (Lateral),Single Exercise,Knee Dominant,,,Frontal Plane,,,Lower Body,Push,Compound,Unilateral,Bodybuilding
Bulgarian Bag Back Rack Cossack Squat,Novice,Quadriceps,Quadriceps Femoris,Adductor Magnus,Gluteus Maximus,Bulgarian Bag,1,None,0,Standing,Double Arm,Continuous,Neutral,Back Rack,No Elevation,Single Exercise,Knee Dominant,,,Frontal Plane,,,Lower Body,Push,Compound,Unilateral,Bodybuilding
Bulgarian Bag Back Rack Alternating Cossack Squat,Novice,Quadriceps,Quadriceps Femoris,Adductor Magnus,Gluteus Maximus,Bulgarian Bag,1,None,0,Standing,Double Arm,Continuous,Neutral,Back Rack,No Elevation,Single Exercise,Knee Dominant,,,Frontal Plane,,,Lower Body,Push,Compound,Unilateral,Bodybuilding
Bulgarian Bag Back Rack Low Switch Cossack Squat,Novice,Quadriceps,Quadriceps Femoris,Adductor Magnus,Gluteus Maximus,Bulgarian Bag,1,None,0,Standing,Double Arm,Continuous,Neutral,Back Rack,No Elevation,Single Exercise,Knee Dominant,,,Frontal Plane,,,Lower Body,Push,Compound,Unilateral,Bodybuilding
Bulgarian Bag Back Rack Foot Elevated Cossack Squat,Novice,Quadriceps,Quadriceps Femoris,Adductor Magnus,Gluteus Maximus,Bulgarian Bag,1,None,0,Standing,Double Arm,Continuous,Neutral,Back Rack,Foot Elevated (Lateral),Single Exercise,Knee Dominant,,,Frontal Plane,,,Lower Body,Push,Compound,Unilateral,Bodybuilding
Sandbag Front Rack Cossack Squat,Novice,Quadriceps,Quadriceps Femoris,Adductor Magnus,Gluteus Maximus,Sandbag,1,None,0,Standing,Double Arm,Continuous,Supinated,Front Rack,No Elevation,Single Exercise,Knee Dominant,,,Frontal Plane,,,Lower Body,Push,Compound,Unilateral,Bodybuilding
Sandbag Front Rack Alternating Cossack Squat,Novice,Quadriceps,Quadriceps Femoris,Adductor Magnus,Gluteus Maximus,Sandbag,1,None,0,Standing,Double Arm,Continuous,Supinated,Front Rack,No Elevation,Single Exercise,Knee Dominant,,,Frontal Plane,,,Lower Body,Push,Compound,Unilateral,Bodybuilding
Sandbag Front Rack Low Switch Cossack Squat,Novice,Quadriceps,Quadriceps Femoris,Adductor Magnus,Gluteus Maximus,Sandbag,1,None,0,Standing,Double Arm,Continuous,Supinated,Front Rack,No Elevation,Single Exercise,Knee Dominant,,,Frontal Plane,,,Lower Body,Push,Compound,Unilateral,Bodybuilding
Sandbag Front Rack Foot Elevated Cossack Squat,Novice,Quadriceps,Quadriceps Femoris,Adductor Magnus,Gluteus Maximus,Sandbag,1,None,0,Standing,Double Arm,Continuous,Supinated,Front Rack,Foot Elevated (Lateral),Single Exercise,Knee Dominant,,,Frontal Plane,,,Lower Body,Push,Compound,Unilateral,Bodybuilding
Bulgarian Bag Back Rack Bulgarian Split Squat,Novice,Quadriceps,Quadriceps Femoris,Gluteus Maximus,,Bulgarian Bag,1,Bench (Flat),1,Single Leg Supported,Double Arm,Continuous,Neutral,Back Rack,Foot Elevated (Rear),Single Exercise,Knee Dominant,,,Sagittal Plane,,,Lower Body,Push,Compound,Unilateral,Bodybuilding
Plate Dead Bug,Novice,Abdominals,Rectus Abdominis,,,Weight Plate,1,None,0,Supine,Double Arm,Continuous,Neutral,Other,No Elevation,Single Exercise,Anti-Extension,,,Sagittal Plane,,,Midsection,Other,Compound,Bilateral,Unsorted*
Sandbag Front Rack Bulgarian Split Squat,Novice,Quadriceps,Quadriceps Femoris,Gluteus Maximus,,Sandbag,1,Bench (Flat),1,Single Leg Supported,Double Arm,Continuous,Supinated,Front Rack,Foot Elevated (Rear),Single Exercise,Knee Dominant,,,Sagittal Plane,,,Lower Body,Push,Compound,Unilateral,Bodybuilding
Sandbag Back Rack Bulgarian Split Squat,Novice,Quadriceps,Quadriceps Femoris,Gluteus Maximus,,Sandbag,1,Bench (Flat),1,Single Leg Supported,Double Arm,Continuous,Neutral,Back Rack,Foot Elevated (Rear),Single Exercise,Knee Dominant,,,Sagittal Plane,,,Lower Body,Push,Compound,Unilateral,Bodybuilding
Plate Russian Twist,Novice,Abdominals,Obliques,Rectus Abdominis,,Weight Plate,1,None,0,Seated Floor,Double Arm,Continuous,Neutral,Other,No Elevation,Single Exercise,Rotational,,,Transverse Plane,,,Midsection,Other,Compound,Bilateral,Unsorted*
Plate Feet Elevated Russian Twist,Novice,Abdominals,Obliques,Rectus Abdominis,,Weight Plate,1,None,0,Seated Floor,Double Arm,Continuous,Neutral,Other,No Elevation,Single Exercise,Rotational,,,Transverse Plane,,,Midsection,Other,Compound,Bilateral,Unsorted*
Bodyweight Feet Elevated Russian Twist,Novice,Abdominals,Obliques,Rectus Abdominis,,Bodyweight,1,None,0,Seated Floor,Double Arm,Continuous,No Grip,No Load,No Elevation,Single Exercise,Rotational,,,Transverse Plane,,,Midsection,Other,Compound,Bilateral,Unsorted*
Bodyweight Russian Twist,Beginner,Abdominals,Obliques,Rectus Abdominis,,Bodyweight,1,None,0,Seated Floor,Double Arm,Continuous,No Grip,No Load,No Elevation,Single Exercise,Rotational,,,Transverse Plane,,,Midsection,Other,Compound,Bilateral,Unsorted*
Landmine Russian Twist,Novice,Abdominals,Obliques,Rectus Abdominis,,Landmine,1,None,0,Seated Floor,Double Arm,Continuous,Neutral,Other,No Elevation,Single Exercise,Rotational,,,Transverse Plane,,,Midsection,Other,Compound,Bilateral,Unsorted*
Bodyweight Alternating Hawaiian Squat,Advanced,Quadriceps,Quadriceps Femoris,Gluteus Maximus,,Bodyweight,1,None,0,Single Leg Standing,No Arms,Continuous,No Grip,No Load,No Elevation,Single Exercise,Knee Dominant,,,Sagittal Plane,,,Lower Body,Push,Compound,Unilateral,Calisthenics
Bodyweight Hawaiian Squat,Advanced,Quadriceps,Quadriceps Femoris,Gluteus Maximus,,Bodyweight,1,None,0,Single Leg Standing,No Arms,Continuous,No Grip,No Load,No Elevation,Single Exercise,Knee Dominant,,,Sagittal Plane,,,Lower Body,Push,Compound,Unilateral,Calisthenics
Suspension Hawaiian Squat,Intermediate,Quadriceps,Quadriceps Femoris,Gluteus Maximus,,Suspension Trainer,1,None,0,Single Leg Standing,Double Arm,Continuous,Neutral,No Load,No Elevation,Single Exercise,Knee Dominant,,,Sagittal Plane,,,Lower Body,Push,Compound,Unilateral,Unsorted*
Bodyweight Hand Assisted Hawaiian Squat,Intermediate,Quadriceps,Quadriceps Femoris,Gluteus Maximus,,Bodyweight,1,None,0,Single Leg Standing,Double Arm,Continuous,Hand Assisted,No Load,No Elevation,Single Exercise,Knee Dominant,,,Sagittal Plane,,,Lower Body,Push,Compound,Unilateral,Calisthenics
Double Kettlebell Bench Press,Beginner,Chest,Pectoralis Major,Triceps Brachii,,Kettlebell,2,Bench (Flat),1,Supine,Double Arm,Continuous,Pronated,Above Chest,No Elevation,Single Exercise,Horizontal Push,,,Sagittal Plane,,,Upper Body,Push,Compound,Bilateral,Bodybuilding
Alternating Single Arm Dumbbell Pendlay Row,Novice,Back,Latissimus Dorsi,Biceps Brachii,,Dumbbell,1,None,0,Standing,Single Arm,Alternating,Neutral,Other,No Elevation,Single Exercise,Horizontal Pull,,,Sagittal Plane,,,Upper Body,Pull,Compound,Unilateral,Bodybuilding
Double Dumbbell Tall Kneeling Shrug,Beginner,Trapezius,Upper Trapezius,,,Dumbbell,2,None,0,Tall Kneeling,Double Arm,Continuous,Neutral,Suitcase,No Elevation,Single Exercise,Scapular Elevation,,,Sagittal Plane,,,Upper Body,Pull,Isolation,Bilateral,Bodybuilding
Single Arm Kettlebell Bench Press,Beginner,Chest,Pectoralis Major,Triceps Brachii,,Kettlebell,1,Bench (Flat),1,Supine,Single Arm,Continuous,Pronated,Above Chest,No Elevation,Single Exercise,Horizontal Push,,,Sagittal Plane,,,Upper Body,Push,Compound,Unilateral,Bodybuilding
Macebell Offset Overhead Press,Intermediate,Shoulders,Anterior Deltoids,Triceps Brachii,,Macebell,1,None,0,Standing,Double Arm,Continuous,Pronated,Overhead,No Elevation,Single Exercise,Vertical Push,Anti-Lateral Flexion,,Sagittal Plane,,,Upper Body,Push,Compound,Bilateral,Unsorted*
Macebell Offset Thruster,Intermediate,Shoulders,Anterior Deltoids,Quadriceps Femoris,,Macebell,1,None,0,Standing,Double Arm,Continuous,Pronated,Overhead,No Elevation,Single Exercise,Vertical Push,Knee Dominant,Anti-Lateral Flexion,Sagittal Plane,,,Full Body,Push,Compound,Bilateral,Bodybuilding
Single Arm Dummbell Overhead Foot Elevated Contralateral Cossack Squat,Intermediate,Quadriceps,Quadriceps Femoris,Adductor Magnus,Gluteus Maximus,Dumbbell,1,None,0,Standing,Single Arm,Continuous,Neutral,Overhead,Foot Elevated (Lateral),Single Exercise,Knee Dominant,,,Frontal Plane,,,Lower Body,Push,Compound,Contralateral,Bodybuilding
Single Arm Dummbell Overhead Foot Elevated Ipsilateral Cossack Squat,Intermediate,Quadriceps,Quadriceps Femoris,Adductor Magnus,Gluteus Maximus,Dumbbell,1,None,0,Standing,Single Arm,Continuous,Neutral,Overhead,Foot Elevated (Lateral),Single Exercise,Knee Dominant,,,Frontal Plane,,,Lower Body,Push,Compound,Ipsilateral,Bodybuilding
Alternating Double Kettlebell Bench Press,Beginner,Chest,Pectoralis Major,Triceps Brachii,,Kettlebell,2,Bench (Flat),1,Supine,Double Arm,Alternating,Pronated,Above Chest,No Elevation,Single Exercise,Horizontal Push,,,Sagittal Plane,,,Upper Body,Push,Compound,Unilateral,Bodybuilding
Double Dumbbell Suitcase Cyclist Squat,Novice,Quadriceps,Quadriceps Femoris,Gluteus Maximus,,Dumbbell,2,Slant Board,1,Standing,Double Arm,Continuous,Neutral,Suitcase,Heels Elevated,Single Exercise,Knee Dominant,,,Sagittal Plane,,,Lower Body,Push,Compound,Bilateral,Bodybuilding
Single Arm Dumbbell Suitcase Cyclist Squat,Novice,Quadriceps,Quadriceps Femoris,Gluteus Maximus,,Dumbbell,1,Slant Board,1,Standing,Single Arm,Continuous,Neutral,Suitcase,Heels Elevated,Single Exercise,Knee Dominant,,,Sagittal Plane,,,Lower Body,Push,Compound,Unilateral,Bodybuilding
Alternating Double Kettlebell Bottoms Up Bench Press,Novice,Chest,Pectoralis Major,Triceps Brachii,,Kettlebell,2,Bench (Flat),1,Supine,Double Arm,Alternating,Bottoms Up,Above Chest,No Elevation,Single Exercise,Horizontal Push,,,Sagittal Plane,,,Upper Body,Push,Compound,Unilateral,Bodybuilding
Single Arm Kettlebell Bottoms Up Bench Press,Novice,Chest,Pectoralis Major,Triceps Brachii,,Kettlebell,1,Bench (Flat),1,Supine,Single Arm,Continuous,Bottoms Up,Above Chest,No Elevation,Single Exercise,Horizontal Push,,,Sagittal Plane,,,Upper Body,Push,Compound,Unilateral,Bodybuilding
Single Arm Macebell Order Cyclist Squat,Novice,Quadriceps,Quadriceps Femoris,Gluteus Maximus,,Macebell,1,Slant Board,1,Standing,Single Arm,Continuous,Neutral,Order,Heels Elevated,Single Exercise,Knee Dominant,,,Sagittal Plane,,,Lower Body,Push,Compound,Unilateral,Bodybuilding
Plate Overhead Cyclist Squat,Intermediate,Quadriceps,Quadriceps Femoris,Gluteus Maximus,,Weight Plate,1,Slant Board,1,Standing,Double Arm,Continuous,Neutral,Overhead,Heels Elevated,Single Exercise,Knee Dominant,,,Sagittal Plane,,,Lower Body,Push,Compound,Bilateral,Bodybuilding
Bulgarian Bag Back Rack Cyclist Squat,Novice,Quadriceps,Quadriceps Femoris,Gluteus Maximus,,Bulgarian Bag,1,Slant Board,1,Standing,Double Arm,Continuous,Neutral,Back Rack,Heels Elevated,Single Exercise,Knee Dominant,,,Sagittal Plane,,,Lower Body,Push,Compound,Bilateral,Bodybuilding
Sandbag Front Rack Cyclist Squat,Novice,Quadriceps,Quadriceps Femoris,Gluteus Maximus,,Sandbag,1,Slant Board,1,Standing,Double Arm,Continuous,Supinated,Front Rack,Heels Elevated,Single Exercise,Knee Dominant,,,Sagittal Plane,,,Lower Body,Push,Compound,Bilateral,Bodybuilding
Heavy Sandbag Bear Hug Cyclist Squat,Intermediate,Quadriceps,Quadriceps Femoris,Gluteus Maximus,,Heavy Sandbag,1,Slant Board,1,Standing,Double Arm,Continuous,Neutral,Bear Hug,Heels Elevated,Single Exercise,Knee Dominant,,,Sagittal Plane,,,Lower Body,Push,Compound,Bilateral,Unsorted*
Heavy Sandbag Shoulder Cyclist Squat,Intermediate,Quadriceps,Quadriceps Femoris,Gluteus Maximus,,Heavy Sandbag,1,Slant Board,1,Standing,Double Arm,Continuous,Neutral,Shoulder,Heels Elevated,Single Exercise,Knee Dominant,,,Sagittal Plane,,,Lower Body,Push,Compound,Bilateral,Unsorted*
Landmine Goblet Cyclist Squat,Novice,Quadriceps,Quadriceps Femoris,Gluteus Maximus,,Landmine,1,Slant Board,1,Standing,Double Arm,Continuous,Goblet,Front Rack,Heels Elevated,Single Exercise,Knee Dominant,,,Sagittal Plane,,,Lower Body,Push,Compound,Bilateral,Bodybuilding
Double Kettlebell Prone Row,Novice,Back,Latissimus Dorsi,,,Kettlebell,2,Bench (Flat),1,Prone,Double Arm,Continuous,Neutral,Other,No Elevation,Single Exercise,Horizontal Pull,,,Sagittal Plane,,,Upper Body,Pull,Compound,Bilateral,Bodybuilding
Alternating Double Kettlebell Prone Row,Novice,Back,Latissimus Dorsi,,,Kettlebell,2,Bench (Flat),1,Prone,Double Arm,Alternating,Neutral,Other,No Elevation,Single Exercise,Horizontal Pull,,,Sagittal Plane,,,Upper Body,Pull,Compound,Unilateral,Bodybuilding
Dumbbell Goblet Pistol Squat,Advanced,Quadriceps,Quadriceps Femoris,Gluteus Maximus,,Dumbbell,1,None,0,Single Leg Standing,Double Arm,Continuous,Goblet,Front Rack,No Elevation,Single Exercise,Knee Dominant,,,Sagittal Plane,,,Lower Body,Push,Compound,Unilateral,Balance
Dumbbell Goblet Alternating Pistol Squat,Advanced,Quadriceps,Quadriceps Femoris,Gluteus Maximus,,Dumbbell,1,None,0,Single Leg Standing,Double Arm,Continuous,Goblet,Front Rack,No Elevation,Single Exercise,Knee Dominant,,,Sagittal Plane,,,Lower Body,Push,Compound,Unilateral,Balance
Single Arm Kettlebell Prone Row,Novice,Back,Latissimus Dorsi,,,Kettlebell,1,Bench (Flat),1,Prone,Single Arm,Continuous,Neutral,Other,No Elevation,Single Exercise,Horizontal Pull,,,Sagittal Plane,,,Upper Body,Pull,Compound,Unilateral,Bodybuilding
Bodyweight Alternating Pistol Squat,Advanced,Quadriceps,Quadriceps Femoris,Gluteus Maximus,,Bodyweight,1,None,0,Single Leg Standing,No Arms,Continuous,No Grip,No Load,No Elevation,Single Exercise,Knee Dominant,,,Sagittal Plane,,,Lower Body,Push,Compound,Unilateral,Calisthenics
Barbell Zombie Pistol Squat,Expert,Quadriceps,Quadriceps Femoris,Gluteus Maximus,,Barbell,1,None,0,Single Leg Standing,Double Arm,Continuous,No Grip,Front Rack,No Elevation,Single Exercise,Knee Dominant,,,Sagittal Plane,,,Lower Body,Push,Compound,Unilateral,Balance
Barbell Front Rack Pistol Squat,Advanced,Quadriceps,Quadriceps Femoris,Gluteus Maximus,,Barbell,1,None,0,Single Leg Standing,Double Arm,Continuous,Pronated,Front Rack,No Elevation,Single Exercise,Knee Dominant,,,Sagittal Plane,,,Lower Body,Push,Compound,Unilateral,Balance
Barbell Back Rack Pistol Squat,Advanced,Quadriceps,Quadriceps Femoris,Gluteus Maximus,,Barbell,1,None,0,Single Leg Standing,Double Arm,Continuous,Pronated,Back Rack,No Elevation,Single Exercise,Knee Dominant,,,Sagittal Plane,,,Lower Body,Push,Compound,Unilateral,Balance
Barbell Zercher Pistol Squat,Expert,Quadriceps,Quadriceps Femoris,Gluteus Maximus,,Barbell,1,None,0,Single Leg Standing,Double Arm,Continuous,No Grip,Zercher,No Elevation,Single Exercise,Knee Dominant,,,Sagittal Plane,,,Lower Body,Push,Compound,Unilateral,Balance
Dumbbell Crush Grip Front Rack Squat,Novice,Quadriceps,Quadriceps Femoris,Gluteus Maximus,,Dumbbell,1,None,0,Standing,Double Arm,Continuous,Crush Grip,Front Rack,No Elevation,Single Exercise,Knee Dominant,,,Sagittal Plane,,,Lower Body,Push,Compound,Bilateral,Bodybuilding
Double Kettlebell Decline Bench Press,Beginner,Chest,Pectoralis Major,Triceps Brachii,,Kettlebell,2,Bench (Decline),1,Supine,Double Arm,Continuous,Pronated,Above Chest,No Elevation,Single Exercise,Horizontal Push,,,Sagittal Plane,,,Upper Body,Push,Compound,Bilateral,Bodybuilding
Single Arm Kettlebell Decline Bench Press,Beginner,Chest,Pectoralis Major,Triceps Brachii,,Kettlebell,1,Bench (Decline),1,Supine,Single Arm,Continuous,Pronated,Above Chest,No Elevation,Single Exercise,Horizontal Push,,,Sagittal Plane,,,Upper Body,Push,Compound,Unilateral,Bodybuilding
Single Arm Macebell Order Squat,Beginner,Quadriceps,Quadriceps Femoris,Gluteus Maximus,,Macebell,1,None,0,Standing,Single Arm,Continuous,Neutral,Order,No Elevation,Single Exercise,Knee Dominant,,,Sagittal Plane,,,Lower Body,Push,Compound,Unilateral,Unsorted*
Sandbag Front Rack Squat,Novice,Quadriceps,Quadriceps Femoris,Gluteus Maximus,,Sandbag,1,None,0,Standing,Double Arm,Continuous,Pronated,Front Rack,No Elevation,Single Exercise,Knee Dominant,,,Sagittal Plane,,,Lower Body,Push,Compound,Bilateral,Bodybuilding
Sandbag Back Rack Squat,Novice,Quadriceps,Quadriceps Femoris,Gluteus Maximus,,Sandbag,1,None,0,Standing,Double Arm,Continuous,Pronated,Back Rack,No Elevation,Single Exercise,Knee Dominant,,,Sagittal Plane,,,Lower Body,Push,Compound,Bilateral,Bodybuilding
Sandbag Back Rack Alternating Cossack Squat,Novice,Quadriceps,Quadriceps Femoris,Adductor Magnus,Gluteus Maximus,Sandbag,1,None,0,Standing,Double Arm,Continuous,Pronated,Back Rack,No Elevation,Single Exercise,Knee Dominant,,,Frontal Plane,,,Lower Body,Push,Compound,Unilateral,Bodybuilding
Sandbag Back Rack Cossack Squat,Novice,Quadriceps,Quadriceps Femoris,Adductor Magnus,Gluteus Maximus,Sandbag,1,None,0,Standing,Double Arm,Continuous,Pronated,Back Rack,No Elevation,Single Exercise,Knee Dominant,,,Frontal Plane,,,Lower Body,Push,Compound,Unilateral,Bodybuilding
Sandbag Back Rack Low Switch Cossack Squat,Novice,Quadriceps,Quadriceps Femoris,Adductor Magnus,Gluteus Maximus,Sandbag,1,None,0,Standing,Double Arm,Continuous,Pronated,Back Rack,No Elevation,Single Exercise,Knee Dominant,,,Frontal Plane,,,Lower Body,Push,Compound,Unilateral,Bodybuilding
Sandbag Back Rack Foot Elevated Cossack Squat,Novice,Quadriceps,Quadriceps Femoris,Adductor Magnus,Gluteus Maximus,Sandbag,1,None,0,Standing,Double Arm,Continuous,Pronated,Back Rack,Foot Elevated (Lateral),Single Exercise,Knee Dominant,,,Frontal Plane,,,Lower Body,Push,Compound,Unilateral,Bodybuilding
Bulgarian Bag Back Rack Curtsy Lunge,Novice,Quadriceps,Quadriceps Femoris,Gluteus Maximus,,Bulgarian Bag,1,None,0,Standing,Double Arm,Continuous,Neutral,Back Rack,No Elevation,Single Exercise,Knee Dominant,,,Frontal Plane,,,Lower Body,Push,Compound,Unilateral,Bodybuilding
Bulgarian Bag Back Rack Alternating Curtsy Lunge,Novice,Quadriceps,Quadriceps Femoris,Gluteus Maximus,,Bulgarian Bag,1,None,0,Standing,Double Arm,Continuous,Neutral,Back Rack,No Elevation,Single Exercise,Knee Dominant,,,Frontal Plane,,,Lower Body,Push,Compound,Unilateral,Bodybuilding
Macebell Offset Bicep Curl,Novice,Biceps,Biceps Brachii,Brachialis,Brachioradialis,Macebell,1,None,0,Standing,Double Arm,Continuous,Supinated,Other,No Elevation,Single Exercise,Elbow Flexion,,,Sagittal Plane,,,Upper Body,Pull,Isolation,Bilateral,Bodybuilding
Single Arm Suspension Ipsilateral Skater Squat,Intermediate,Quadriceps,Quadriceps Femoris,Gluteus Maximus,,Suspension Trainer,1,None,0,Single Leg Standing,Single Arm,Continuous,Neutral,No Load,No Elevation,Single Exercise,Knee Dominant,,,Sagittal Plane,,,Lower Body,Push,Compound,Ipsilateral,Balance
Sandbag Back Rack Walking Lunge,Novice,Quadriceps,Quadriceps Femoris,Gluteus Maximus,,Sandbag,1,None,0,Walking,Double Arm,Continuous,Neutral,Back Rack,No Elevation,Single Exercise,Knee Dominant,,,Sagittal Plane,,,Lower Body,Push,Compound,Unilateral,Bodybuilding
Alternating Double Kettlebell Decline Bench Press,Beginner,Chest,Pectoralis Major,Triceps Brachii,,Kettlebell,2,Bench (Decline),1,Supine,Double Arm,Alternating,Pronated,Above Chest,No Elevation,Single Exercise,Horizontal Push,,,Sagittal Plane,,,Upper Body,Push,Compound,Unilateral,Bodybuilding
Double Kettlebell Bottoms Up Decline Bench Press,Novice,Chest,Pectoralis Major,Triceps Brachii,,Kettlebell,2,Bench (Decline),1,Supine,Double Arm,Continuous,Bottoms Up,Above Chest,No Elevation,Single Exercise,Horizontal Push,,,Sagittal Plane,,,Upper Body,Push,Compound,Bilateral,Bodybuilding
Alternating Double Kettlebell Bottoms Up Decline Bench Press,Novice,Chest,Pectoralis Major,Triceps Brachii,,Kettlebell,2,Bench (Decline),1,Supine,Double Arm,Alternating,Bottoms Up,Above Chest,No Elevation,Single Exercise,Horizontal Push,,,Sagittal Plane,,,Upper Body,Push,Compound,Unilateral,Bodybuilding
Alternating Double Dumbbell Prone Row,Novice,Back,Latissimus Dorsi,,,Dumbbell,2,Bench (Flat),1,Prone,Double Arm,Alternating,Neutral,Other,No Elevation,Single Exercise,Horizontal Pull,,,Sagittal Plane,,,Upper Body,Pull,Compound,Unilateral,Bodybuilding
Single Arm Dumbbell Prone Row,Novice,Back,Latissimus Dorsi,,,Dumbbell,2,Bench (Flat),1,Prone,Double Arm,Alternating,Neutral,Other,No Elevation,Single Exercise,Horizontal Pull,,,Sagittal Plane,,,Upper Body,Pull,Compound,Unilateral,Bodybuilding
Single Arm Dumbbell Pendlay Row,Novice,Back,Latissimus Dorsi,Biceps Brachii,,Dumbbell,1,None,0,Standing,Single Arm,Continuous,Neutral,Other,No Elevation,Single Exercise,Horizontal Pull,,,Sagittal Plane,,,Upper Body,Pull,Compound,Unilateral,Bodybuilding
Single Arm Kettlebell Bottoms Up Decline Bench Press,Novice,Chest,Pectoralis Major,Triceps Brachii,,Kettlebell,1,Bench (Decline),1,Supine,Single Arm,Continuous,Bottoms Up,Above Chest,No Elevation,Single Exercise,Horizontal Push,,,Sagittal Plane,,,Upper Body,Push,Compound,Unilateral,Bodybuilding
Slider Dumbbell Goblet Lateral Lunge,Novice,Adductors,Adductor Magnus,,,Sliders,1,Dumbbell,1,Standing,Double Arm,Continuous,Goblet,Front Rack,No Elevation,Single Exercise,Hip Adduction,,,Frontal Plane,,,Lower Body,Other,Compound,Unilateral,Bodybuilding
Slider Single Arm Dumbbell Front Rack Contralateral Lateral Lunge,Novice,Adductors,Adductor Magnus,,,Sliders,1,Dumbbell,1,Standing,Single Arm,Continuous,Neutral,Front Rack,No Elevation,Single Exercise,Hip Adduction,,,Frontal Plane,,,Lower Body,Other,Compound,Contralateral,Bodybuilding
Slider Single Arm Dumbbell Front Rack Ipsilateral Lateral Lunge,Novice,Adductors,Adductor Magnus,,,Sliders,1,Dumbbell,1,Standing,Single Arm,Continuous,Neutral,Front Rack,No Elevation,Single Exercise,Hip Adduction,,,Frontal Plane,,,Lower Body,Other,Compound,Ipsilateral,Bodybuilding
Slider Single Arm Dumbbell Overhead Contralateral Lateral Lunge,Intermediate,Adductors,Adductor Magnus,,,Sliders,1,Dumbbell,1,Standing,Single Arm,Continuous,Neutral,Overhead,No Elevation,Single Exercise,Hip Adduction,,,Frontal Plane,,,Lower Body,Other,Compound,Contralateral,Bodybuilding
Slider Single Arm Dumbbell Overhead Ipsilateral Lateral Lunge,Intermediate,Adductors,Adductor Magnus,,,Sliders,1,Dumbbell,1,Standing,Single Arm,Continuous,Neutral,Overhead,No Elevation,Single Exercise,Hip Adduction,,,Frontal Plane,,,Lower Body,Other,Compound,Ipsilateral,Bodybuilding
Slider Single Arm Dumbbell Low Hold Contralateral Lateral Lunge,Novice,Adductors,Adductor Magnus,,,Sliders,1,Dumbbell,1,Standing,Single Arm,Continuous,Neutral,Low Hold,No Elevation,Single Exercise,Hip Adduction,,,Frontal Plane,,,Lower Body,Other,Compound,Contralateral,Bodybuilding
Double Dumbbell Low Hold Alternating Lateral Lunge,Novice,Quadriceps,Quadriceps Femoris,Adductor Magnus,Gluteus Maximus,Dumbbell,2,None,0,Standing,Double Arm,Continuous,Neutral,Low Hold,No Elevation,Single Exercise,Knee Dominant,,,Frontal Plane,,,Lower Body,Push,Compound,Unilateral,Bodybuilding
Macebell Reverse Grip Offset Bicep Curl,Novice,Forearms,Brachioradialis,Biceps Brachii,Brachialis,Barbell,1,None,0,Standing,Double Arm,Continuous,Pronated,Other,No Elevation,Single Exercise,Elbow Flexion,Anti-Lateral Flexion,,Sagittal Plane,,,Upper Body,Pull,Isolation,Bilateral,Bodybuilding
Single Arm Clubbell Mill to Reverse Mill,Advanced,Shoulders,Posterior Deltoids,Gluteus Maximus,Obliques,Clubbell,1,None,0,Standing,Single Arm,Continuous,Neutral,Behind Back,No Elevation,Combo Exercise,Rotational,,,Transverse Plane,,,Upper Body,Pull,Compound,Unilateral,Ballistics
Slider Clubbell Order Lateral Lunge,Novice,Adductors,Adductor Magnus,,,Sliders,1,Clubbell,1,Standing,Double Arm,Continuous,Neutral,Order,No Elevation,Single Exercise,Hip Adduction,,,Frontal Plane,,,Lower Body,Other,Compound,Unilateral,Bodybuilding
Slider Double Clubbell Order Lateral Lunge,Novice,Adductors,Adductor Magnus,,,Sliders,1,Clubbell,2,Standing,Double Arm,Continuous,Neutral,Order,No Elevation,Single Exercise,Hip Adduction,,,Frontal Plane,,,Lower Body,Other,Compound,Unilateral,Bodybuilding
Slider Single Arm Clubbell Order Contralateral Lateral Lunge,Novice,Adductors,Adductor Magnus,,,Sliders,1,Clubbell,1,Standing,Single Arm,Continuous,Neutral,Order,No Elevation,Single Exercise,Hip Adduction,,,Frontal Plane,,,Lower Body,Other,Compound,Contralateral,Bodybuilding
Slider Single Arm Clubbell Order Ipsilateral Lateral Lunge,Novice,Adductors,Adductor Magnus,,,Sliders,1,Clubbell,1,Standing,Single Arm,Continuous,Neutral,Order,No Elevation,Single Exercise,Hip Adduction,,,Frontal Plane,,,Lower Body,Other,Compound,Ipsilateral,Bodybuilding
Slider Macebell Order Lateral Lunge,Novice,Adductors,Adductor Magnus,,,Sliders,1,Macebell,1,Standing,Double Arm,Continuous,Neutral,Order,No Elevation,Single Exercise,Hip Adduction,,,Frontal Plane,,,Lower Body,Other,Compound,Unilateral,Bodybuilding
Slider Single Arm Macebell Order Contralateral Lateral Lunge,Novice,Adductors,Adductor Magnus,,,Sliders,1,Macebell,1,Standing,Single Arm,Continuous,Neutral,Order,No Elevation,Single Exercise,Hip Adduction,,,Frontal Plane,,,Lower Body,Other,Compound,Contralateral,Bodybuilding
Slider Single Arm Macebell Order Ipsilateral Lateral Lunge,Novice,Adductors,Adductor Magnus,,,Sliders,1,Macebell,1,Standing,Single Arm,Continuous,Neutral,Order,No Elevation,Single Exercise,Hip Adduction,,,Frontal Plane,,,Lower Body,Other,Compound,Ipsilateral,Bodybuilding
Stability Ball Miniband Feet Elevated Glute Bridge,Novice,Glutes,Gluteus Maximus,,,Stability Ball,1,Miniband,1,Supine,No Arms,Continuous,No Grip,No Load,Feet Elevated,Single Exercise,Hip Extension,,,Sagittal Plane,,,Lower Body,Unsorted*,Compound,Bilateral,Bodybuilding
Stability Ball Frog Reverse Hyperextension,Novice,Glutes,Gluteus Maximus,,,Stability Ball,1,None,0,Prone,Double Arm,Continuous,Neutral,No Load,No Elevation,Single Exercise,Hip Extension,,,Sagittal Plane,,,Lower Body,Unsorted*,Isolation,Bilateral,Bodybuilding
Stability Ball Bulgarian Split Squat,Intermediate,Quadriceps,Quadriceps Femoris,Gluteus Maximus,,Stability Ball,1,None,0,Single Leg Supported,No Arms,Continuous,No Grip,No Load,Foot Elevated (Rear),Single Exercise,Knee Dominant,,,Sagittal Plane,,,Lower Body,Push,Compound,Unilateral,Bodybuilding
Double Dumbbell Suitcase Bulgarian Split Squat Jump,Advanced,Quadriceps,Quadriceps Femoris,Gluteus Maximus,,Dumbbell,2,Bench (Flat),1,Single Leg Supported,Double Arm,Continuous,Neutral,Suitcase,Foot Elevated (Rear),Single Exercise,Knee Dominant,,,Sagittal Plane,,,Lower Body,Push,Compound,Unilateral,Plyometric
Slider Suspension Reverse Lunge,Beginner,Quadriceps,Quadriceps Femoris,Gluteus Maximus,Biceps Femoris,Sliders,1,Suspension Trainer,1,Standing,Double Arm,Continuous,Neutral,No Load,No Elevation,Single Exercise,Knee Dominant,,,Sagittal Plane,,,Lower Body,Other,Compound,Unilateral,Bodybuilding
Slider Bulgarian Bag Back Rack Lateral Lunge,Novice,Adductors,Adductor Magnus,,,Sliders,1,Bulgarian Bag,1,Standing,Double Arm,Continuous,Neutral,Back Rack,No Elevation,Single Exercise,Hip Adduction,,,Frontal Plane,,,Lower Body,Other,Compound,Unilateral,Bodybuilding
Slider Sandbag Front Rack Lateral Lunge,Novice,Adductors,Adductor Magnus,,,Sliders,1,Sandbag,1,Standing,Double Arm,Continuous,Neutral,Front Rack,No Elevation,Single Exercise,Hip Adduction,,,Frontal Plane,,,Lower Body,Other,Compound,Unilateral,Bodybuilding
Slider Sandbag Back Rack Lateral Lunge,Novice,Adductors,Adductor Magnus,,,Sliders,1,Sandbag,1,Standing,Double Arm,Continuous,Neutral,Back Rack,No Elevation,Single Exercise,Hip Adduction,,,Frontal Plane,,,Lower Body,Other,Compound,Unilateral,Bodybuilding
Miniband Ankle Monster Walk,Novice,Abductors,Gluteus Medius,Gluteus Minimus,Tensor Fasciae Latae,Miniband,1,None,0,Walking,No Arms,Continuous,No Grip,No Load,No Elevation,Single Exercise,Hip Abduction,,,Transverse Plane,,,Lower Body,Other,Compound,Unilateral,Bodybuilding
Slider Landmine Goblet Lateral Lunge,Novice,Adductors,Adductor Magnus,,,Sliders,1,Landmine,1,Standing,Double Arm,Continuous,Goblet,Front Rack,No Elevation,Single Exercise,Hip Adduction,,,Frontal Plane,,,Lower Body,Other,Compound,Unilateral,Bodybuilding
Slider Landmine Low Hold Lateral Lunge,Novice,Adductors,Adductor Magnus,,,Sliders,1,Landmine,1,Standing,Double Arm,Continuous,Neutral,Low Hold,No Elevation,Single Exercise,Hip Adduction,,,Frontal Plane,,,Lower Body,Other,Compound,Unilateral,Bodybuilding
Slider Single Arm Kettlebell Front Rack Contralateral Lateral Lunge,Novice,Adductors,Adductor Magnus,,,Sliders,1,Kettlebell,1,Standing,Single Arm,Continuous,Neutral,Front Rack,No Elevation,Single Exercise,Hip Adduction,,,Frontal Plane,,,Lower Body,Other,Compound,Contralateral,Bodybuilding
Slider Single Arm Kettlebell Front Rack Ipsilateral Lateral Lunge,Novice,Adductors,Adductor Magnus,,,Sliders,1,Kettlebell,1,Standing,Single Arm,Continuous,Neutral,Front Rack,No Elevation,Single Exercise,Hip Adduction,,,Frontal Plane,,,Lower Body,Other,Compound,Ipsilateral,Bodybuilding
Slider Single Arm Kettlebell Bottoms Up Front Rack Contralateral Lateral Lunge,Intermediate,Adductors,Adductor Magnus,,,Sliders,1,Kettlebell,1,Standing,Single Arm,Continuous,Bottoms Up,Front Rack,No Elevation,Single Exercise,Hip Adduction,,,Frontal Plane,,,Lower Body,Other,Compound,Contralateral,Bodybuilding
Slider Single Arm Kettlebell Bottoms Up Front Rack Ipsilateral Lateral Lunge,Intermediate,Adductors,Adductor Magnus,,,Sliders,1,Kettlebell,1,Standing,Single Arm,Continuous,Bottoms Up,Front Rack,No Elevation,Single Exercise,Hip Adduction,,,Frontal Plane,,,Lower Body,Other,Compound,Ipsilateral,Bodybuilding
Slider Single Arm Kettlebell Overhead Contralateral Lateral Lunge,Intermediate,Adductors,Adductor Magnus,,,Sliders,1,Kettlebell,1,Standing,Single Arm,Continuous,Pronated,Overhead,No Elevation,Single Exercise,Hip Adduction,,,Frontal Plane,,,Lower Body,Other,Compound,Contralateral,Bodybuilding
Slider Single Arm Kettlebell Overhead Ipsilateral Lateral Lunge,Intermediate,Adductors,Adductor Magnus,,,Sliders,1,Kettlebell,1,Standing,Single Arm,Continuous,Pronated,Overhead,No Elevation,Single Exercise,Hip Adduction,,,Frontal Plane,,,Lower Body,Other,Compound,Ipsilateral,Bodybuilding
Slider Single Arm Kettlebell Bottoms Up Overhead Contralateral Lateral Lunge,Advanced,Adductors,Adductor Magnus,,,Sliders,1,Kettlebell,1,Standing,Single Arm,Continuous,Bottoms Up,Overhead,No Elevation,Single Exercise,Hip Adduction,,,Frontal Plane,,,Lower Body,Other,Compound,Contralateral,Bodybuilding
Slider Single Arm Kettlebell Bottoms Up Overhead Ipsilateral Lateral Lunge,Advanced,Adductors,Adductor Magnus,,,Sliders,1,Kettlebell,1,Standing,Single Arm,Continuous,Bottoms Up,Overhead,No Elevation,Single Exercise,Hip Adduction,,,Frontal Plane,,,Lower Body,Other,Compound,Ipsilateral,Bodybuilding
Slider Single Arm Kettlebell Low Hold Contralateral Lateral Lunge,Novice,Adductors,Adductor Magnus,,,Sliders,1,Kettlebell,1,Standing,Single Arm,Continuous,Neutral,Low Hold,No Elevation,Single Exercise,Hip Adduction,,,Frontal Plane,,,Lower Body,Other,Compound,Contralateral,Bodybuilding
Slider Plate Overhead Lateral Lunge,Intermediate,Adductors,Adductor Magnus,,,Sliders,1,Weight Plate,1,Standing,Double Arm,Continuous,Neutral,Overhead,No Elevation,Single Exercise,Hip Adduction,,,Frontal Plane,,,Lower Body,Other,Compound,Unilateral,Bodybuilding
Slider Plate Overhead Reverse Lunge,Intermediate,Quadriceps,Quadriceps Femoris,Gluteus Maximus,Biceps Femoris,Sliders,1,Weight Plate,1,Standing,Double Arm,Continuous,Neutral,Overhead,No Elevation,Single Exercise,Knee Dominant,,,Sagittal Plane,,,Lower Body,Push,Compound,Unilateral,Bodybuilding
Single Arm Macebell Mill to Reverse Mill,Advanced,Shoulders,Posterior Deltoids,Rectus Abdominis,,Macebell,1,None,0,Standing,Single Arm,Continuous,Neutral,Behind Back,No Elevation,Combo Exercise,Rotational,,,Transverse Plane,,,Upper Body,Pull,Compound,Unilateral,Ballistics
Single Arm Dumbbell Sots Press,Intermediate,Shoulders,Anterior Deltoids,Triceps Brachii,,Dumbbell,1,None,0,Standing,Single Arm,Continuous,Neutral,Overhead,No Elevation,Single Exercise,Vertical Push,,,Sagittal Plane,,,Upper Body,Push,Compound,Unilateral,Bodybuilding
Double Dumbbell Sots Press,Intermediate,Shoulders,Anterior Deltoids,Triceps Brachii,,Dumbbell,2,None,0,Standing,Double Arm,Continuous,Neutral,Overhead,No Elevation,Single Exercise,Vertical Push,,,Sagittal Plane,,,Upper Body,Push,Compound,Bilateral,Bodybuilding
Alternating Double Dumbbell Sots Press,Intermediate,Shoulders,Anterior Deltoids,Triceps Brachii,,Dumbbell,2,None,0,Standing,Double Arm,Alternating,Neutral,Overhead,No Elevation,Single Exercise,Vertical Push,,,Sagittal Plane,,,Upper Body,Push,Compound,Unilateral,Bodybuilding
Double Dumbbell Seesaw Sots Press,Intermediate,Shoulders,Anterior Deltoids,Triceps Brachii,,Dumbbell,2,None,0,Standing,Double Arm,Alternating,Neutral,Overhead,No Elevation,Single Exercise,Vertical Push,,,Sagittal Plane,,,Upper Body,Push,Compound,Unilateral,Bodybuilding
Double Dumbbell Hang Snatch,Intermediate,Glutes,Gluteus Maximus,Anterior Deltoids,,Dumbbell,2,None,0,Standing,Double Arm,Continuous,Neutral,Overhead,No Elevation,Single Exercise,Hip Hinge,,,Sagittal Plane,,,Full Body,Unsorted*,Compound,Bilateral,Ballistics
Single Arm Dumbbell Hang Snatch,Intermediate,Glutes,Gluteus Maximus,Anterior Deltoids,,Dumbbell,1,None,0,Standing,Single Arm,Continuous,Neutral,Overhead,No Elevation,Single Exercise,Hip Hinge,,,Sagittal Plane,,,Full Body,Unsorted*,Compound,Unilateral,Ballistics
Alternating Single Arm Dumbbell Hang Snatch,Intermediate,Glutes,Gluteus Maximus,Anterior Deltoids,,Dumbbell,1,None,0,Standing,Single Arm,Alternating,Neutral,Overhead,No Elevation,Single Exercise,Hip Hinge,,,Sagittal Plane,,,Full Body,Unsorted*,Compound,Unilateral,Ballistics
Miniband Kneeling Side Plank Clamshell,Novice,Glutes,Gluteus Maximus,Gluteus Medius,Gluteus Minimus,Miniband,1,None,0,Side Plank,Single Arm,Continuous,Forearm,No Load,No Elevation,Single Exercise,Hip External Rotation,Anti-Lateral Flexion,,Transverse Plane,,,Lower Body,Other,Compound,Unilateral,Bodybuilding
Miniband Thigh Side Plank Hip Abduction,Novice,Abductors,Gluteus Medius,Gluteus Minimus,Tensor Fasciae Latae,Miniband,1,None,0,Side Plank,Single Arm,Continuous,Forearm,No Load,No Elevation,Single Exercise,Hip Abduction,Anti-Lateral Flexion,,Frontal Plane,,,Lower Body,Other,Compound,Unilateral,Bodybuilding
Stability Ball Feet Elevated Russian Twist,Novice,Abdominals,Obliques,Rectus Abdominis,,Stability Ball,1,None,0,Seated Floor,Double Arm,Continuous,Neutral,Other,No Elevation,Single Exercise,Rotational,,,Transverse Plane,,,Midsection,Other,Compound,Bilateral,Unsorted*
Bodyweight Alternating Single Leg V Up,Novice,Abdominals,Rectus Abdominis,,,Bodyweight,1,None,0,Supine,Double Arm,Continuous,No Grip,Other,No Elevation,Single Exercise,Spinal Flexion,,,Sagittal Plane,,,Midsection,Other,Compound,Bilateral,Unsorted*
Battle Rope Alternating Lateral Lunge Alternating Wave,Intermediate,Quadriceps,Quadriceps Femoris,Adductor Magnus,Biceps Brachii,Battle Ropes,1,None,0,Standing,Double Arm,Alternating,Neutral,Other,No Elevation,Single Exercise,Knee Dominant,,,Frontal Plane,,,Full Body,Other,Compound,Unilateral,Unsorted*
Alternating Single Arm Macebell Mill,Advanced,Shoulders,Posterior Deltoids,Rectus Abdominis,,Macebell,1,None,0,Standing,Single Arm,Alternating,Neutral,Behind Back,No Elevation,Single Exercise,Rotational,,,Transverse Plane,,,Upper Body,Pull,Compound,Unilateral,Ballistics
Alternating Single Arm Macebell Reverse Mill,Advanced,Shoulders,Posterior Deltoids,Rectus Abdominis,,Macebell,1,None,0,Standing,Single Arm,Alternating,Neutral,Behind Back,No Elevation,Single Exercise,Rotational,,,Transverse Plane,,,Upper Body,Pull,Compound,Unilateral,Ballistics
Plate Hip Thrust,Beginner,Glutes,Gluteus Maximus,,,Weight Plate,1,Bench (Flat),1,Bridge,Double Arm,Continuous,Neutral,Hip Crease,No Elevation,Single Exercise,Hip Extension,,,Sagittal Plane,,,Lower Body,Unsorted*,Compound,Bilateral,Bodybuilding
Suspension Single Leg Standing Bent Knee Mid Row,Intermediate,Back,Latissimus Dorsi,,,Suspension Trainer,1,None,0,Single Leg Standing Bent Knee,Double Arm,Continuous,Pronated,No Load,No Elevation,Single Exercise,Horizontal Pull,,,Sagittal Plane,,,Upper Body,Pull,Compound,Unilateral,Balance
Suspension Single Leg Foot Elevated Glute Bridge,Intermediate,Glutes,Gluteus Maximus,,,Suspension Trainer,1,None,0,Single Leg Bridge,No Arms,Continuous,No Grip,No Load,Foot Elevated,Single Exercise,Hip Extension,,,Sagittal Plane,,,Lower Body,Unsorted*,Compound,Unilateral,Bodybuilding
Tire Single Leg Foot Elevated Glute Bridge,Intermediate,Glutes,Gluteus Maximus,,,Tire,1,None,0,Single Leg Bridge,No Arms,Continuous,No Grip,No Load,Foot Elevated,Single Exercise,Hip Extension,,,Sagittal Plane,,,Lower Body,Unsorted*,Compound,Unilateral,Bodybuilding
Suspension Single Leg Standing Bent Knee Low Row,Intermediate,Back,Latissimus Dorsi,,,Suspension Trainer,1,None,0,Single Leg Standing Bent Knee,Double Arm,Continuous,Neutral,No Load,No Elevation,Single Exercise,Horizontal Pull,,,Sagittal Plane,,,Upper Body,Pull,Compound,Unilateral,Balance
Suspension Sissy Squat,Novice,Quadriceps,Quadriceps Femoris,Gluteus Maximus,,Suspension Trainer,1,None,0,Standing,Double Arm,Continuous,Neutral,No Load,No Elevation,Single Exercise,Knee Dominant,,,Sagittal Plane,,,Lower Body,Push,Compound,Bilateral,Bodybuilding
Single Arm Suspension Rotational Row,Intermediate,Back,Latissimus Dorsi,Biceps Brachii,,Suspension Trainer,1,None,0,Standing,Single Arm,Continuous,Neutral,No Load,No Elevation,Single Exercise,Rotational,Horizontal Pull,,Sagittal Plane,,,Upper Body,Pull,Compound,Unilateral,Unsorted*
Alternating Double Indian Club Outer Heart Shaped Swing,Intermediate,Shoulders,Posterior Deltoids,,,Indian Club,2,None,0,Standing,Double Arm,Alternating,Neutral,Other,No Elevation,Single Exercise,Shoulder External Rotation,,,Transverse Plane,,,Upper Body,Unsorted*,Compound,Unilateral,Mobility
Double Indian Club Parallel Swing,Intermediate,Shoulders,Posterior Deltoids,,,Indian Club,2,None,0,Standing,Double Arm,Continuous,Neutral,Other,No Elevation,Single Exercise,,,,Transverse Plane,,,Upper Body,Unsorted*,Compound,Bilateral,Mobility
Bulgarian Bag Back Rack Forward Lunge,Novice,Quadriceps,Quadriceps Femoris,Gluteus Maximus,,Bulgarian Bag,1,None,0,Standing,Double Arm,Continuous,Neutral,Back Rack,No Elevation,Single Exercise,Knee Dominant,,,Sagittal Plane,,,Lower Body,Push,Compound,Unilateral,Unsorted*
Bulgarian Bag Dead Squat Clean,Intermediate,Quadriceps,Quadriceps Femoris,Gluteus Maximus,,Bulgarian Bag,1,None,0,Standing,Double Arm,Continuous,Neutral,Front Rack,No Elevation,Single Exercise,Knee Dominant,Hip Hinge,,Sagittal Plane,,,Full Body,Unsorted*,Compound,Bilateral,Unsorted*
Ring Archer Row,Novice,Shoulders,Posterior Deltoids,,,Gymnastic Rings,2,None,0,Standing,Double Arm,Alternating,Neutral,No Load,No Elevation,Single Exercise,Horizontal Pull,,,Frontal Plane,,,Upper Body,Pull,Compound,Unilateral,Unsorted*
Suspension Feet Elevated Decline Push Up,Intermediate,Chest,Pectoralis Major,Triceps Brachii,,Suspension Trainer,1,None,0,Prone,Double Arm,Continuous,Flat Palm,No Load,Feet Elevated,Single Exercise,Horizontal Push,,,Sagittal Plane,,,Upper Body,Push,Compound,Bilateral,Unsorted*
Bodyweight Hand Assisted Pistol Squat,Novice,Quadriceps,Quadriceps Femoris,Gluteus Maximus,,Bodyweight,1,None,0,Single Leg Standing,Double Arm,Continuous,Hand Assisted,No Load,No Elevation,Single Exercise,Knee Dominant,,,Sagittal Plane,,,Lower Body,Push,Compound,Unilateral,Calisthenics
Double Kettlebell Suitcase Alternating Curtsy Lunge,Novice,Quadriceps,Quadriceps Femoris,Gluteus Maximus,,Kettlebell,2,None,0,Standing,Double Arm,Continuous,Neutral,Suitcase,No Elevation,Single Exercise,Knee Dominant,,,Frontal Plane,,,Lower Body,Push,Compound,Unilateral,Bodybuilding
Double Kettlebell Overhead Alternating Curtsy Lunge,Intermediate,Quadriceps,Quadriceps Femoris,Gluteus Maximus,,Kettlebell,2,None,0,Standing,Double Arm,Continuous,Pronated,Overhead,No Elevation,Single Exercise,Knee Dominant,,,Frontal Plane,,,Lower Body,Push,Compound,Unilateral,Bodybuilding
Double Kettlebell Bottoms Up Front Rack Alternating Curtsy Lunge,Intermediate,Quadriceps,Quadriceps Femoris,Gluteus Maximus,,Kettlebell,2,None,0,Standing,Double Arm,Continuous,Bottoms Up,Front Rack,No Elevation,Single Exercise,Knee Dominant,,,Frontal Plane,,,Lower Body,Push,Compound,Unilateral,Bodybuilding
Double Kettlebell Bottoms Up Overhead Alternating Curtsy Lunge,Advanced,Quadriceps,Quadriceps Femoris,Gluteus Maximus,,Kettlebell,2,None,0,Standing,Double Arm,Continuous,Bottoms Up,Overhead,No Elevation,Single Exercise,Knee Dominant,,,Frontal Plane,,,Lower Body,Push,Compound,Unilateral,Bodybuilding
Single Arm Kettlebell Front Rack Alternating Curtsy Lunge,Novice,Quadriceps,Quadriceps Femoris,Gluteus Maximus,,Kettlebell,1,None,0,Standing,Single Arm,Continuous,Neutral,Front Rack,No Elevation,Single Exercise,Knee Dominant,,,Frontal Plane,,,Lower Body,Push,Compound,Unilateral,Bodybuilding
Single Arm Kettlebell Suitcase Alternating Curtsy Lunge,Novice,Quadriceps,Quadriceps Femoris,Gluteus Maximus,,Kettlebell,1,None,0,Standing,Single Arm,Continuous,Neutral,Suitcase,No Elevation,Single Exercise,Knee Dominant,,,Frontal Plane,,,Lower Body,Push,Compound,Unilateral,Bodybuilding
Single Arm Kettlebell Overhead Alternating Curtsy Lunge,Intermediate,Quadriceps,Quadriceps Femoris,Gluteus Maximus,,Kettlebell,1,None,0,Standing,Single Arm,Continuous,Pronated,Overhead,No Elevation,Single Exercise,Knee Dominant,,,Frontal Plane,,,Lower Body,Push,Compound,Unilateral,Bodybuilding
Single Arm Kettlebell Bottoms Up Overhead Alternating Curtsy Lunge,Advanced,Quadriceps,Quadriceps Femoris,Gluteus Maximus,,Kettlebell,1,None,0,Standing,Single Arm,Continuous,Bottoms Up,Overhead,No Elevation,Single Exercise,Knee Dominant,,,Frontal Plane,,,Lower Body,Push,Compound,Unilateral,Bodybuilding
Single Arm Kettlebell Bottoms Up Front Rack Alternating Curtsy Lunge,Intermediate,Quadriceps,Quadriceps Femoris,Gluteus Maximus,,Kettlebell,1,None,0,Standing,Single Arm,Continuous,Bottoms Up,Front Rack,No Elevation,Single Exercise,Knee Dominant,,,Frontal Plane,,,Lower Body,Push,Compound,Unilateral,Bodybuilding
Double Dumbbell Front Rack Alternating Curtsy Lunge,Novice,Quadriceps,Quadriceps Femoris,Gluteus Maximus,,Dumbbell,2,None,0,Standing,Double Arm,Continuous,Neutral,Front Rack,No Elevation,Single Exercise,Knee Dominant,,,Frontal Plane,,,Lower Body,Push,Compound,Unilateral,Bodybuilding
Double Dumbbell Suitcase Alternating Curtsy Lunge,Novice,Quadriceps,Quadriceps Femoris,Gluteus Maximus,,Dumbbell,2,None,0,Standing,Double Arm,Continuous,Neutral,Suitcase,No Elevation,Single Exercise,Knee Dominant,,,Frontal Plane,,,Lower Body,Push,Compound,Unilateral,Bodybuilding
Double Dumbbell Overhead Alternating Curtsy Lunge,Intermediate,Quadriceps,Quadriceps Femoris,Gluteus Maximus,,Dumbbell,2,None,0,Standing,Double Arm,Continuous,Neutral,Overhead,No Elevation,Single Exercise,Knee Dominant,,,Frontal Plane,,,Lower Body,Push,Compound,Unilateral,Bodybuilding
Single Arm Dumbbell Front Rack Alternating Curtsy Lunge,Novice,Quadriceps,Quadriceps Femoris,Gluteus Maximus,,Dumbbell,1,None,0,Standing,Single Arm,Continuous,Neutral,Front Rack,No Elevation,Single Exercise,Knee Dominant,,,Frontal Plane,,,Lower Body,Push,Compound,Unilateral,Bodybuilding
Single Arm Dumbbell Suitcase Alternating Curtsy Lunge,Novice,Quadriceps,Quadriceps Femoris,Gluteus Maximus,,Dumbbell,1,None,0,Standing,Single Arm,Continuous,Neutral,Suitcase,No Elevation,Single Exercise,Knee Dominant,,,Frontal Plane,,,Lower Body,Push,Compound,Unilateral,Bodybuilding
Single Arm Dumbbell Overhead Alternating Curtsy Lunge,Intermediate,Quadriceps,Quadriceps Femoris,Gluteus Maximus,,Dumbbell,1,None,0,Standing,Single Arm,Continuous,Neutral,Overhead,No Elevation,Single Exercise,Knee Dominant,,,Frontal Plane,,,Lower Body,Push,Compound,Unilateral,Bodybuilding
Dumbbell Goblet Alternating Curtsy Lunge,Novice,Quadriceps,Quadriceps Femoris,Gluteus Maximus,,Dumbbell,1,None,0,Standing,Double Arm,Continuous,Goblet,Front Rack,No Elevation,Single Exercise,Knee Dominant,,,Frontal Plane,,,Lower Body,Push,Compound,Unilateral,Bodybuilding
Kettlebell Horn Grip Alternating Curtsy Lunge,Novice,Quadriceps,Quadriceps Femoris,Gluteus Maximus,,Kettlebell,1,None,0,Standing,Double Arm,Continuous,Horn Grip,Front Rack,No Elevation,Single Exercise,Knee Dominant,,,Frontal Plane,,,Lower Body,Push,Compound,Unilateral,Bodybuilding
Kettlebell Goblet Alternating Curtsy Lunge,Novice,Quadriceps,Quadriceps Femoris,Gluteus Maximus,,Kettlebell,1,None,0,Standing,Double Arm,Continuous,Goblet,Front Rack,No Elevation,Single Exercise,Knee Dominant,,,Frontal Plane,,,Lower Body,Push,Compound,Unilateral,Bodybuilding
Clubbell Order Alternating Curtsy Lunge,Novice,Quadriceps,Quadriceps Femoris,Gluteus Maximus,,Clubbell,1,None,0,Standing,Double Arm,Continuous,Neutral,Order,No Elevation,Single Exercise,Knee Dominant,,,Frontal Plane,,,Lower Body,Push,Compound,Unilateral,Bodybuilding
Double Clubbell Order Alternating Curtsy Lunge,Novice,Quadriceps,Quadriceps Femoris,Gluteus Maximus,,Clubbell,2,None,0,Standing,Double Arm,Continuous,Neutral,Order,No Elevation,Single Exercise,Knee Dominant,,,Frontal Plane,,,Lower Body,Push,Compound,Unilateral,Bodybuilding
Single Arm Clubbell Order Alternating Curtsy Lunge,Novice,Quadriceps,Quadriceps Femoris,Gluteus Maximus,,Clubbell,1,None,0,Standing,Single Arm,Continuous,Neutral,Order,No Elevation,Single Exercise,Knee Dominant,,,Frontal Plane,,,Lower Body,Push,Compound,Unilateral,Bodybuilding
Macebell Order Alternating Curtsy Lunge,Novice,Quadriceps,Quadriceps Femoris,Gluteus Maximus,,Macebell,1,None,0,Standing,Double Arm,Continuous,Neutral,Order,No Elevation,Single Exercise,Knee Dominant,,,Frontal Plane,,,Lower Body,Push,Compound,Unilateral,Bodybuilding
Single Arm Macebell Order Alternating Curtsy Lunge,Novice,Quadriceps,Quadriceps Femoris,Gluteus Maximus,,Macebell,1,None,0,Standing,Single Arm,Continuous,Neutral,Order,No Elevation,Single Exercise,Knee Dominant,,,Frontal Plane,,,Lower Body,Push,Compound,Unilateral,Bodybuilding
Bodyweight Alternating Curtsy Lunge,Beginner,Quadriceps,Quadriceps Femoris,Gluteus Maximus,,Bodyweight,1,None,0,Standing,No Arms,Continuous,No Grip,No Load,No Elevation,Single Exercise,Knee Dominant,,,Frontal Plane,,,Lower Body,Push,Compound,Unilateral,Calisthenics
Heavy Sandbag Bear Hug Alternating Curtsy Lunge,Intermediate,Quadriceps,Quadriceps Femoris,Gluteus Maximus,,Heavy Sandbag,1,None,0,Standing,Double Arm,Continuous,Neutral,Bear Hug,No Elevation,Single Exercise,Knee Dominant,,,Frontal Plane,,,Lower Body,Push,Compound,Unilateral,Unsorted*
Heavy Sandbag Shoulder Alternating Curtsy Lunge,Intermediate,Quadriceps,Quadriceps Femoris,Gluteus Maximus,,Heavy Sandbag,1,None,0,Standing,Single Arm,Continuous,Neutral,Shoulder,No Elevation,Single Exercise,Knee Dominant,,,Frontal Plane,,,Lower Body,Push,Compound,Unilateral,Unsorted*
Plate Overhead Alternating Curtsy Lunge,Intermediate,Quadriceps,Quadriceps Femoris,Gluteus Maximus,,Weight Plate,1,None,0,Standing,Double Arm,Continuous,Neutral,Overhead,No Elevation,Single Exercise,Knee Dominant,,,Frontal Plane,,,Lower Body,Push,Compound,Unilateral,Bodybuilding
Sandbag Front Rack Alternating Curtsy Lunge,Novice,Quadriceps,Quadriceps Femoris,Gluteus Maximus,,Sandbag,1,None,0,Standing,Double Arm,Continuous,Neutral,Front Rack,No Elevation,Single Exercise,Knee Dominant,,,Frontal Plane,,,Lower Body,Push,Compound,Unilateral,Bodybuilding
Sandbag Back Rack Alternating Curtsy Lunge,Novice,Quadriceps,Quadriceps Femoris,Gluteus Maximus,,Sandbag,1,None,0,Standing,Double Arm,Continuous,Neutral,Back Rack,No Elevation,Single Exercise,Knee Dominant,,,Frontal Plane,,,Lower Body,Push,Compound,Unilateral,Bodybuilding
Plate Hollow Body Hold,Intermediate,Abdominals,Rectus Abdominis,,,Weight Plate,1,None,0,Supine,Double Arm,Continuous,Neutral,Other,No Elevation,Single Exercise,Isometric Hold,,,Sagittal Plane,,,Midsection,Other,Compound,Bilateral,Unsorted*
Slider Atomic Push Up,Intermediate,Chest,Pectoralis Major,Rectus Abdominis,,Sliders,2,None,0,Prone,Double Arm,Continuous,Flat Palm,No Load,No Elevation,Single Exercise,Horizontal Push,,,Sagittal Plane,,,Upper Body,Push,Compound,Bilateral,Unsorted*
Slider Reach Push Up,Intermediate,Chest,Pectoralis Major,Triceps Brachii,,Sliders,1,None,0,Prone,Single Arm,Continuous,Flat Palm,No Load,No Elevation,Single Exercise,Horizontal Push,,,Sagittal Plane,,,Upper Body,Push,Compound,Unilateral,Unsorted*
Slider Kneeling Reach Push Up,Novice,Chest,Pectoralis Major,Triceps Brachii,,Sliders,1,None,0,Kneeling,Single Arm,Continuous,Flat Palm,No Load,No Elevation,Single Exercise,Horizontal Push,,,Sagittal Plane,,,Upper Body,Push,Compound,Unilateral,Unsorted*
Double Kettlebell Tuck L Sit,Intermediate,Abdominals,Rectus Abdominis,,,Kettlebell,2,None,0,Tuck L Sit,Double Arm,Continuous,Neutral,No Load,No Elevation,Single Exercise,Isometric Hold,,,Sagittal Plane,,,Midsection,Other,Compound,Bilateral,Calisthenics
Bodyweight Fingertip Full Planche Push Up,Grand Master,Chest,Pectoralis Major,Triceps Brachii,Rectus Abdominis,Bodyweight,1,None,0,Prone,Double Arm,Continuous,Fingertip,No Load,No Elevation,Single Exercise,Horizontal Push,Isometric Hold,,Sagittal Plane,,,Upper Body,Push,Compound,Bilateral,Calisthenics
Bodyweight Hollow Body Hold with Flutter Kicks,Novice,Abdominals,Rectus Abdominis,,,Bodyweight,1,None,0,Supine,Double Arm,Continuous,No Grip,No Load,No Elevation,Single Exercise,Isometric Hold,,,Sagittal Plane,,,Midsection,Other,Compound,Bilateral,Unsorted*
Superband Shoulder Dislocates,Novice,Shoulders,Posterior Deltoids,,,Superband,1,None,0,Standing,Double Arm,Continuous,Pronated,Lateral,No Elevation,Single Exercise,,,,Sagittal Plane,,,Upper Body,Unsorted*,Compound,Bilateral,Mobility
Superband Alternating Shoulder Dislocates,Novice,Shoulders,Posterior Deltoids,,,Superband,1,None,0,Standing,Double Arm,Continuous,Pronated,Lateral,No Elevation,Single Exercise,,,,Sagittal Plane,,,Upper Body,Unsorted*,Compound,Bilateral,Mobility
Superband Prone Shoulder Dislocates,Novice,Shoulders,Posterior Deltoids,,,Superband,1,None,0,Prone,Double Arm,Continuous,Pronated,Lateral,No Elevation,Single Exercise,,,,Sagittal Plane,,,Upper Body,Unsorted*,Compound,Bilateral,Mobility
Resistance Band Prone Shoulder Dislocates,Novice,Shoulders,Posterior Deltoids,,,Resistance Band,1,None,0,Prone,Double Arm,Continuous,Pronated,Lateral,No Elevation,Single Exercise,,,,Sagittal Plane,,,Upper Body,Unsorted*,Compound,Bilateral,Mobility
Resistance Band Alternating Shoulder Dislocates,Novice,Shoulders,Posterior Deltoids,,,Resistance Band,1,None,0,Standing,Double Arm,Continuous,Pronated,Lateral,No Elevation,Single Exercise,,,,Sagittal Plane,,,Upper Body,Unsorted*,Compound,Bilateral,Mobility
Resistance Band Pull Apart,Beginner,Shoulders,Posterior Deltoids,,,Resistance Band,1,None,0,Standing,Double Arm,Continuous,Supinated,Lateral,No Elevation,Single Exercise,Shoulder Abduction,,,Frontal Plane,,,Upper Body,Pull,Isolation,Bilateral,Mobility
Bodyweight Feet Elevated Frog Pump,Novice,Glutes,Gluteus Maximus,,,Bodyweight,1,Bench (Flat),1,Supine,No Arms,Continuous,No Grip,No Load,Feet Elevated,Single Exercise,Hip Extension,,,Sagittal Plane,,,Lower Body,Unsorted*,Compound,Bilateral,Unsorted*
Miniband Feet Elevated Frog Pump,Novice,Glutes,Gluteus Maximus,,,Miniband,1,Bench (Flat),1,Supine,No Arms,Continuous,No Grip,No Load,Feet Elevated,Single Exercise,Hip Extension,,,Sagittal Plane,,,Lower Body,Unsorted*,Compound,Bilateral,Bodybuilding
Miniband Feet Elevated Glute Bridge,Novice,Glutes,Gluteus Maximus,,,Miniband,1,Bench (Flat),1,Supine,No Arms,Continuous,No Grip,No Load,Feet Elevated,Single Exercise,Hip Extension,,,Sagittal Plane,,,Lower Body,Unsorted*,Compound,Bilateral,Bodybuilding
Bodyweight Reverse Plank,Novice,Abdominals,Rectus Abdominis,Gluteus Maximus,Erector Spinae,Bodyweight,1,None,0,Supine,Double Arm,Continuous,Flat Palm,No Load,No Elevation,Single Exercise,Anti-Flexion,,,Sagittal Plane,,,Midsection,Other,Compound,Bilateral,Calisthenics
Wall Ball Toss,Intermediate,Quadriceps,Quadriceps Femoris,Gluteus Maximus,Anterior Deltoids,Wall Ball,1,None,0,Standing,Double Arm,Continuous,Neutral,Front Rack,No Elevation,Single Exercise,Knee Dominant,Vertical Push,,Sagittal Plane,,,Full Body,Push,Compound,Bilateral,Unsorted*
Wall Ball Feet Elevated Russian Twist Lateral Toss,Intermediate,Abdominals,Obliques,Rectus Abdominis,,Wall Ball,1,None,0,Seated Floor,Double Arm,Continuous,Neutral,Other,No Elevation,Single Exercise,Rotational,,,Transverse Plane,,,Midsection,Other,Compound,Bilateral,Unsorted*
Wall Ball Russian Twist Lateral Toss,Novice,Abdominals,Obliques,Rectus Abdominis,,Wall Ball,1,None,0,Seated Floor,Double Arm,Continuous,Neutral,Other,No Elevation,Single Exercise,Rotational,,,Transverse Plane,,,Midsection,Other,Compound,Bilateral,Unsorted*
Wall Ball Lateral Toss,Novice,Abdominals,Obliques,Rectus Abdominis,,Wall Ball,1,None,0,Standing,Double Arm,Continuous,Neutral,Other,No Elevation,Single Exercise,Rotational,,,Transverse Plane,,,Midsection,Other,Compound,Bilateral,Unsorted*
Wall Ball Sit Up Toss,Intermediate,Abdominals,Rectus Abdominis,,,Wall Ball,1,None,0,Seated Floor,Double Arm,Continuous,Neutral,Other,No Elevation,Single Exercise,Spinal Flexion,,,Sagittal Plane,,,Midsection,Other,Compound,Bilateral,Unsorted*
Double Kettlebell Suitcase Bulgarian Split Squat Jump,Advanced,Quadriceps,Quadriceps Femoris,Gluteus Maximus,,Kettlebell,2,Bench (Flat),1,Single Leg Supported,Double Arm,Continuous,Neutral,Suitcase,Foot Elevated (Rear),Single Exercise,Knee Dominant,,,Sagittal Plane,,,Lower Body,Push,Compound,Unilateral,Plyometric
Parallette V Sit to Pike Press Handstand,Expert,Shoulders,Anterior Deltoids,Triceps Brachii,Rectus Abdominis,Parallette Bars,2,None,0,Inverted,Double Arm,Continuous,Neutral,No Load,No Elevation,Combo Exercise,Vertical Push,,,Sagittal Plane,,,Upper Body,Push,Compound,Bilateral,Calisthenics
Barbell Zercher Bulgarian Split Squat,Advanced,Quadriceps,Quadriceps Femoris,Gluteus Maximus,,Barbell,1,Bench (Flat),1,Single Leg Supported,Double Arm,Continuous,No Grip,Zercher,Foot Elevated (Rear),Single Exercise,Knee Dominant,,,Sagittal Plane,,,Lower Body,Push,Compound,Unilateral,Bodybuilding
Dumbbell Goblet Bulgarian Split Squat,Intermediate,Quadriceps,Quadriceps Femoris,Gluteus Maximus,,Dumbbell,1,Bench (Flat),1,Single Leg Supported,Double Arm,Continuous,Goblet,Front Rack,Foot Elevated (Rear),Single Exercise,Knee Dominant,,,Sagittal Plane,,,Lower Body,Push,Compound,Unilateral,Bodybuilding
Single Arm Kettlebell Bottoms Up Overhead Ipsilateral Bulgarian Split Squat,Advanced,Quadriceps,Quadriceps Femoris,Gluteus Maximus,,Kettlebell,1,Bench (Flat),1,Single Leg Supported,Single Arm,Continuous,Bottoms Up,Overhead,Foot Elevated (Rear),Single Exercise,Knee Dominant,,,Sagittal Plane,,,Lower Body,Push,Compound,Ipsilateral,Bodybuilding
Kettlebell Goblet Bulgarian Split Squat,Intermediate,Quadriceps,Quadriceps Femoris,Gluteus Maximus,,Kettlebell,1,Bench (Flat),1,Single Leg Supported,Double Arm,Continuous,Goblet,Front Rack,Foot Elevated (Rear),Single Exercise,Knee Dominant,,,Sagittal Plane,,,Lower Body,Push,Compound,Unilateral,Bodybuilding
Landmine Goblet Bulgarian Split Squat,Intermediate,Quadriceps,Quadriceps Femoris,Gluteus Maximus,,Landmine,1,Bench (Flat),1,Single Leg Supported,Double Arm,Continuous,Goblet,Front Rack,Foot Elevated (Rear),Single Exercise,Knee Dominant,,,Sagittal Plane,,,Lower Body,Push,Compound,Unilateral,Bodybuilding
Macebell Order Bulgarian Split Squat,Intermediate,Quadriceps,Quadriceps Femoris,Gluteus Maximus,Brachioradialis,Macebell,1,Bench (Flat),1,Single Leg Supported,Double Arm,Continuous,Neutral,Order,Foot Elevated (Rear),Single Exercise,Knee Dominant,,,Sagittal Plane,,,Lower Body,Push,Compound,Unilateral,Bodybuilding
Single Arm Macebell Order Contralateral Bulgarian Split Squat,Intermediate,Quadriceps,Quadriceps Femoris,Gluteus Maximus,Brachioradialis,Macebell,1,Bench (Flat),1,Single Leg Supported,Single Arm,Continuous,Neutral,Order,Foot Elevated (Rear),Single Exercise,Knee Dominant,,,Sagittal Plane,,,Lower Body,Push,Compound,Contralateral,Bodybuilding
Single Arm Macebell Order Ipsilateral Bulgarian Split Squat,Intermediate,Quadriceps,Quadriceps Femoris,Gluteus Maximus,Brachioradialis,Macebell,1,Bench (Flat),1,Single Leg Supported,Single Arm,Continuous,Neutral,Order,Foot Elevated (Rear),Single Exercise,Knee Dominant,,,Sagittal Plane,,,Lower Body,Push,Compound,Ipsilateral,Bodybuilding
Clubbell Order Bulgarian Split Squat,Intermediate,Quadriceps,Quadriceps Femoris,Gluteus Maximus,Brachioradialis,Clubbell,1,Bench (Flat),1,Single Leg Supported,Double Arm,Continuous,Neutral,Order,Foot Elevated (Rear),Single Exercise,Knee Dominant,,,Sagittal Plane,,,Lower Body,Push,Compound,Unilateral,Bodybuilding
Plate Overhead Bulgarian Split Squat,Intermediate,Quadriceps,Quadriceps Femoris,Gluteus Maximus,,Weight Plate,1,Bench (Flat),1,Single Leg Supported,Double Arm,Continuous,Neutral,Overhead,Foot Elevated (Rear),Single Exercise,Knee Dominant,,,Sagittal Plane,,,Lower Body,Push,Compound,Unilateral,Bodybuilding
Tire Bulgarian Split Squat,Novice,Quadriceps,Quadriceps Femoris,Gluteus Maximus,,Tire,1,None,0,Single Leg Supported,No Arms,Continuous,No Grip,No Load,Foot Elevated (Rear),Single Exercise,Knee Dominant,,,Sagittal Plane,,,Lower Body,Push,Compound,Unilateral,Bodybuilding
Tire Bulgarian Split Squat Jump,Intermediate,Quadriceps,Quadriceps Femoris,,,Tire,1,None,0,Single Leg Supported,No Arms,Continuous,No Grip,No Load,Foot Elevated (Rear),Single Exercise,Knee Dominant,,,Sagittal Plane,,,Lower Body,Push,Compound,Unilateral,Plyometric
Double Dumbbell Front Rack Knee Over Toe Split Squat,Novice,Quadriceps,Quadriceps Femoris,Gluteus Maximus,,Dumbbell,2,None,0,Knee Over Toe Split Squat,Double Arm,Continuous,Neutral,Front Rack,No Elevation,Single Exercise,Knee Dominant,,,Sagittal Plane,,,Lower Body,Push,Compound,Unilateral,Bodybuilding
Double Dumbbell Front Rack Foot Elevated Knee Over Toe Split Squat,Novice,Quadriceps,Quadriceps Femoris,Gluteus Maximus,,Dumbbell,2,None,0,Knee Over Toe Split Squat,Double Arm,Continuous,Neutral,Front Rack,Foot Elevated (Front),Single Exercise,Knee Dominant,,,Sagittal Plane,,,Lower Body,Push,Compound,Unilateral,Bodybuilding
Double Dumbbell Overhead Knee Over Toe Split Squat,Intermediate,Quadriceps,Quadriceps Femoris,Gluteus Maximus,,Dumbbell,2,None,0,Knee Over Toe Split Squat,Double Arm,Continuous,Neutral,Overhead,No Elevation,Single Exercise,Knee Dominant,,,Sagittal Plane,,,Lower Body,Push,Compound,Unilateral,Bodybuilding
Double Dumbbell Overhead Foot Elevated Knee Over Toe Split Squat,Intermediate,Quadriceps,Quadriceps Femoris,Gluteus Maximus,,Dumbbell,2,None,0,Knee Over Toe Split Squat,Double Arm,Continuous,Neutral,Overhead,Foot Elevated (Front),Single Exercise,Knee Dominant,,,Sagittal Plane,,,Lower Body,Push,Compound,Unilateral,Bodybuilding
Double Dumbbell Suitcase Foot Elevated Knee Over Toe Split Squat,Novice,Quadriceps,Quadriceps Femoris,Gluteus Maximus,,Dumbbell,2,None,0,Knee Over Toe Split Squat,Double Arm,Continuous,Neutral,Suitcase,Foot Elevated (Front),Single Exercise,Knee Dominant,,,Sagittal Plane,,,Lower Body,Push,Compound,Unilateral,Bodybuilding
Single Arm Dumbbell Overhead Ipsilateral Knee Over Toe Split Squat,Intermediate,Quadriceps,Quadriceps Femoris,Gluteus Maximus,,Dumbbell,1,None,0,Knee Over Toe Split Squat,Single Arm,Continuous,Neutral,Overhead,No Elevation,Single Exercise,Knee Dominant,,,Sagittal Plane,,,Lower Body,Push,Compound,Ipsilateral,Bodybuilding
Single Arm Dumbbell Front Rack Contralateral Knee Over Toe Split Squat,Novice,Quadriceps,Quadriceps Femoris,Gluteus Maximus,,Dumbbell,1,None,0,Knee Over Toe Split Squat,Single Arm,Continuous,Neutral,Front Rack,No Elevation,Single Exercise,Knee Dominant,,,Sagittal Plane,,,Lower Body,Push,Compound,Contralateral,Bodybuilding
Single Arm Dumbbell Front Rack Ipsilateral Knee Over Toe Split Squat,Novice,Quadriceps,Quadriceps Femoris,Gluteus Maximus,,Dumbbell,1,None,0,Knee Over Toe Split Squat,Single Arm,Continuous,Neutral,Front Rack,No Elevation,Single Exercise,Knee Dominant,,,Sagittal Plane,,,Lower Body,Push,Compound,Ipsilateral,Bodybuilding
Single Arm Dumbbell Suitcase Contralateral Knee Over Toe Split Squat,Novice,Quadriceps,Quadriceps Femoris,Gluteus Maximus,,Dumbbell,1,None,0,Knee Over Toe Split Squat,Single Arm,Continuous,Neutral,Suitcase,No Elevation,Single Exercise,Knee Dominant,,,Sagittal Plane,,,Lower Body,Push,Compound,Contralateral,Bodybuilding
Single Arm Dumbbell Suitcase Ipsilateral Knee Over Toe Split Squat,Novice,Quadriceps,Quadriceps Femoris,Gluteus Maximus,,Dumbbell,1,None,0,Knee Over Toe Split Squat,Single Arm,Continuous,Neutral,Suitcase,No Elevation,Single Exercise,Knee Dominant,,,Sagittal Plane,,,Lower Body,Push,Compound,Ipsilateral,Bodybuilding
Dumbbell Goblet Knee Over Toe Split Squat,Novice,Quadriceps,Quadriceps Femoris,Gluteus Maximus,,Dumbbell,1,None,0,Knee Over Toe Split Squat,Double Arm,Continuous,Goblet,Front Rack,No Elevation,Single Exercise,Knee Dominant,,,Sagittal Plane,,,Lower Body,Push,Compound,Unilateral,Bodybuilding
Dumbbell Goblet Foot Elevated Knee Over Toe Split Squat,Novice,Quadriceps,Quadriceps Femoris,Gluteus Maximus,,Dumbbell,1,None,0,Knee Over Toe Split Squat,Double Arm,Continuous,Goblet,Front Rack,Foot Elevated (Front),Single Exercise,Knee Dominant,,,Sagittal Plane,,,Lower Body,Push,Compound,Unilateral,Bodybuilding
Single Arm Dumbbell Suitcase Foot Elevated Contralateral Knee Over Toe Split Squat,Novice,Quadriceps,Quadriceps Femoris,Gluteus Maximus,,Dumbbell,1,None,0,Knee Over Toe Split Squat,Single Arm,Continuous,Neutral,Suitcase,Foot Elevated (Front),Single Exercise,Knee Dominant,,,Sagittal Plane,,,Lower Body,Push,Compound,Contralateral,Bodybuilding
Single Arm Dumbbell Suitcase Foot Elevated Ipsilateral Knee Over Toe Split Squat,Novice,Quadriceps,Quadriceps Femoris,Gluteus Maximus,,Dumbbell,1,None,0,Knee Over Toe Split Squat,Single Arm,Continuous,Neutral,Suitcase,Foot Elevated (Front),Single Exercise,Knee Dominant,,,Sagittal Plane,,,Lower Body,Push,Compound,Ipsilateral,Bodybuilding
Single Arm Dumbbell Overhead Foot Elevated Contralateral Knee Over Toe Split Squat,Intermediate,Quadriceps,Quadriceps Femoris,Gluteus Maximus,,Dumbbell,1,None,0,Knee Over Toe Split Squat,Single Arm,Continuous,Neutral,Overhead,Foot Elevated (Front),Single Exercise,Knee Dominant,,,Sagittal Plane,,,Lower Body,Push,Compound,Contralateral,Bodybuilding
Single Arm Dumbbell Overhead Foot Elevated Ipsilateral Knee Over Toe Split Squat,Intermediate,Quadriceps,Quadriceps Femoris,Gluteus Maximus,,Dumbbell,1,None,0,Knee Over Toe Split Squat,Single Arm,Continuous,Neutral,Overhead,Foot Elevated (Front),Single Exercise,Knee Dominant,,,Sagittal Plane,,,Lower Body,Push,Compound,Ipsilateral,Bodybuilding
Single Arm Dumbbell Front Rack Foot Elevated Contralateral Knee Over Toe Split Squat,Novice,Quadriceps,Quadriceps Femoris,Gluteus Maximus,,Dumbbell,1,None,0,Knee Over Toe Split Squat,Single Arm,Continuous,Neutral,Front Rack,Foot Elevated (Front),Single Exercise,Knee Dominant,,,Sagittal Plane,,,Lower Body,Push,Compound,Contralateral,Bodybuilding
Single Arm Dumbbell Front Rack Foot Elevated Ipsilateral Knee Over Toe Split Squat,Novice,Quadriceps,Quadriceps Femoris,Gluteus Maximus,,Dumbbell,1,None,0,Knee Over Toe Split Squat,Single Arm,Continuous,Neutral,Front Rack,Foot Elevated (Front),Single Exercise,Knee Dominant,,,Sagittal Plane,,,Lower Body,Push,Compound,Ipsilateral,Bodybuilding
Barbell Zercher Knee Over Toe Split Squat,Advanced,Quadriceps,Quadriceps Femoris,Gluteus Maximus,,Barbell,1,None,0,Knee Over Toe Split Squat,Double Arm,Continuous,No Grip,Zercher,No Elevation,Single Exercise,Knee Dominant,,,Sagittal Plane,,,Lower Body,Push,Compound,Unilateral,Bodybuilding
Barbell Zercher Foot Elevated Knee Over Toe Split Squat,Advanced,Quadriceps,Quadriceps Femoris,Gluteus Maximus,,Barbell,1,None,0,Knee Over Toe Split Squat,Double Arm,Continuous,No Grip,Zercher,Foot Elevated (Front),Single Exercise,Knee Dominant,,,Sagittal Plane,,,Lower Body,Push,Compound,Unilateral,Bodybuilding
Barbell Back Rack Foot Elevated Knee Over Toe Split Squat,Intermediate,Quadriceps,Quadriceps Femoris,Gluteus Maximus,,Barbell,1,None,0,Knee Over Toe Split Squat,Double Arm,Continuous,Pronated,Back Rack,Foot Elevated (Front),Single Exercise,Knee Dominant,,,Sagittal Plane,,,Lower Body,Push,Compound,Unilateral,Bodybuilding
Barbell Front Rack Foot Elevated Knee Over Toe Split Squat,Intermediate,Quadriceps,Quadriceps Femoris,Gluteus Maximus,,Barbell,1,None,0,Knee Over Toe Split Squat,Double Arm,Continuous,Pronated,Front Rack,Foot Elevated (Front),Single Exercise,Knee Dominant,,,Sagittal Plane,,,Lower Body,Push,Compound,Unilateral,Bodybuilding
Barbell Overhead Foot Elevated Knee Over Toe Split Squat,Advanced,Quadriceps,Quadriceps Femoris,Gluteus Maximus,,Barbell,1,None,0,Knee Over Toe Split Squat,Double Arm,Continuous,Pronated,Overhead,Foot Elevated (Front),Single Exercise,Knee Dominant,,,Sagittal Plane,,,Lower Body,Push,Compound,Unilateral,Bodybuilding
Single Arm Barbell Overhead Foot Elevated Knee Over Toe Split Squat,Expert,Quadriceps,Quadriceps Femoris,Gluteus Maximus,,Barbell,1,None,0,Knee Over Toe Split Squat,Single Arm,Continuous,Pronated,Overhead,Foot Elevated (Front),Single Exercise,Knee Dominant,,,Sagittal Plane,,,Lower Body,Push,Compound,Unilateral,Bodybuilding
Bulgarian Bag Back Rack Knee Over Toe Split Squat,Novice,Quadriceps,Quadriceps Femoris,Gluteus Maximus,,Bulgarian Bag,1,None,0,Knee Over Toe Split Squat,Double Arm,Continuous,Neutral,Back Rack,No Elevation,Single Exercise,Knee Dominant,,,Sagittal Plane,,,Lower Body,Push,Compound,Unilateral,Bodybuilding
Bulgarian Bag Back Rack Foot Elevated Knee Over Toe Split Squat,Novice,Quadriceps,Quadriceps Femoris,Gluteus Maximus,,Bulgarian Bag,1,None,0,Knee Over Toe Split Squat,Double Arm,Continuous,Neutral,Back Rack,Foot Elevated (Front),Single Exercise,Knee Dominant,,,Sagittal Plane,,,Lower Body,Push,Compound,Unilateral,Bodybuilding
Plate Overhead Knee Over Toe Split Squat,Intermediate,Quadriceps,Quadriceps Femoris,Gluteus Maximus,,Weight Plate,1,None,0,Knee Over Toe Split Squat,Double Arm,Continuous,Neutral,Overhead,No Elevation,Single Exercise,Knee Dominant,,,Sagittal Plane,,,Lower Body,Push,Compound,Bilateral,Bodybuilding
Plate Overhead Foot Elevated Knee Over Toe Split Squat,Intermediate,Quadriceps,Quadriceps Femoris,Gluteus Maximus,,Weight Plate,1,None,0,Knee Over Toe Split Squat,Double Arm,Continuous,Neutral,Overhead,Foot Elevated (Front),Single Exercise,Knee Dominant,,,Sagittal Plane,,,Lower Body,Push,Compound,Bilateral,Bodybuilding
Double Clubbell Order Knee Over Toe Split Squat,Novice,Quadriceps,Quadriceps Femoris,Gluteus Maximus,,Clubbell,2,None,0,Knee Over Toe Split Squat,Double Arm,Continuous,Neutral,Order,No Elevation,Single Exercise,Knee Dominant,,,Sagittal Plane,,,Lower Body,Push,Compound,Unilateral,Bodybuilding
Double Clubbell Order Foot Elevated Knee Over Toe Split Squat,Novice,Quadriceps,Quadriceps Femoris,Gluteus Maximus,,Clubbell,2,None,0,Knee Over Toe Split Squat,Double Arm,Continuous,Neutral,Order,Foot Elevated (Front),Single Exercise,Knee Dominant,,,Sagittal Plane,,,Lower Body,Push,Compound,Unilateral,Bodybuilding
Clubbell Order Knee Over Toe Split Squat,Novice,Quadriceps,Quadriceps Femoris,Gluteus Maximus,,Clubbell,1,None,0,Knee Over Toe Split Squat,Double Arm,Continuous,Neutral,Order,No Elevation,Single Exercise,Knee Dominant,,,Sagittal Plane,,,Lower Body,Push,Compound,Unilateral,Bodybuilding
Clubbell Order Foot Elevated Knee Over Toe Split Squat,Novice,Quadriceps,Quadriceps Femoris,Gluteus Maximus,,Clubbell,1,None,0,Knee Over Toe Split Squat,Double Arm,Continuous,Neutral,Order,Foot Elevated (Front),Single Exercise,Knee Dominant,,,Sagittal Plane,,,Lower Body,Push,Compound,Unilateral,Bodybuilding
Single Arm Clubbell Order Contralateral Knee Over Toe Split Squat,Novice,Quadriceps,Quadriceps Femoris,Gluteus Maximus,,Clubbell,1,None,0,Knee Over Toe Split Squat,Single Arm,Continuous,Neutral,Order,No Elevation,Single Exercise,Knee Dominant,,,Sagittal Plane,,,Lower Body,Push,Compound,Contralateral,Bodybuilding
Single Arm Clubbell Order Foot Elevated Contralateral Knee Over Toe Split Squat,Novice,Quadriceps,Quadriceps Femoris,Gluteus Maximus,,Clubbell,1,None,0,Knee Over Toe Split Squat,Single Arm,Continuous,Neutral,Order,Foot Elevated (Front),Single Exercise,Knee Dominant,,,Sagittal Plane,,,Lower Body,Push,Compound,Contralateral,Bodybuilding
Single Arm Clubbell Order Ipsilateral Knee Over Toe Split Squat,Novice,Quadriceps,Quadriceps Femoris,Gluteus Maximus,,Clubbell,1,None,0,Knee Over Toe Split Squat,Single Arm,Continuous,Neutral,Order,No Elevation,Single Exercise,Knee Dominant,,,Sagittal Plane,,,Lower Body,Push,Compound,Ipsilateral,Bodybuilding
Single Arm Clubbell Order Foot Elevated Ipsilateral Knee Over Toe Split Squat,Novice,Quadriceps,Quadriceps Femoris,Gluteus Maximus,,Clubbell,1,None,0,Knee Over Toe Split Squat,Single Arm,Continuous,Neutral,Order,Foot Elevated (Front),Single Exercise,Knee Dominant,,,Sagittal Plane,,,Lower Body,Push,Compound,Ipsilateral,Bodybuilding
Macebell Order Knee Over Toe Split Squat,Novice,Quadriceps,Quadriceps Femoris,Gluteus Maximus,,Macebell,1,None,0,Knee Over Toe Split Squat,Double Arm,Continuous,Neutral,Order,No Elevation,Single Exercise,Knee Dominant,,,Sagittal Plane,,,Lower Body,Push,Compound,Unilateral,Bodybuilding
Macebell Order Foot Elevated Knee Over Toe Split Squat,Novice,Quadriceps,Quadriceps Femoris,Gluteus Maximus,,Macebell,1,None,0,Knee Over Toe Split Squat,Double Arm,Continuous,Neutral,Order,Foot Elevated (Front),Single Exercise,Knee Dominant,,,Sagittal Plane,,,Lower Body,Push,Compound,Unilateral,Bodybuilding
Single Arm Macebell Order Contralateral Knee Over Toe Split Squat,Novice,Quadriceps,Quadriceps Femoris,Gluteus Maximus,,Macebell,1,None,0,Knee Over Toe Split Squat,Single Arm,Continuous,Neutral,Order,No Elevation,Single Exercise,Knee Dominant,,,Sagittal Plane,,,Lower Body,Push,Compound,Contralateral,Bodybuilding
Single Arm Macebell Order Foot Elevated Contralateral Knee Over Toe Split Squat,Novice,Quadriceps,Quadriceps Femoris,Gluteus Maximus,,Macebell,1,None,0,Knee Over Toe Split Squat,Single Arm,Continuous,Neutral,Order,Foot Elevated (Front),Single Exercise,Knee Dominant,,,Sagittal Plane,,,Lower Body,Push,Compound,Contralateral,Bodybuilding
Single Arm Macebell Order Ipsilateral Knee Over Toe Split Squat,Novice,Quadriceps,Quadriceps Femoris,Gluteus Maximus,,Macebell,1,None,0,Knee Over Toe Split Squat,Single Arm,Continuous,Neutral,Order,No Elevation,Single Exercise,Knee Dominant,,,Sagittal Plane,,,Lower Body,Push,Compound,Ipsilateral,Bodybuilding
Single Arm Macebell Order Foot Elevated Ipsilateral Knee Over Toe Split Squat,Novice,Quadriceps,Quadriceps Femoris,Gluteus Maximus,,Macebell,1,None,0,Knee Over Toe Split Squat,Single Arm,Continuous,Neutral,Order,Foot Elevated (Front),Single Exercise,Knee Dominant,,,Sagittal Plane,,,Lower Body,Push,Compound,Ipsilateral,Bodybuilding
Sandbag Front Rack Knee Over Toe Split Squat,Novice,Quadriceps,Quadriceps Femoris,Gluteus Maximus,,Sandbag,1,None,0,Knee Over Toe Split Squat,Double Arm,Continuous,Neutral,Front Rack,No Elevation,Single Exercise,Knee Dominant,,,Sagittal Plane,,,Lower Body,Push,Compound,Unilateral,Bodybuilding
Sandbag Front Rack Foot Elevated Knee Over Toe Split Squat,Novice,Quadriceps,Quadriceps Femoris,Gluteus Maximus,,Sandbag,1,None,0,Knee Over Toe Split Squat,Double Arm,Continuous,Neutral,Front Rack,Foot Elevated (Front),Single Exercise,Knee Dominant,,,Sagittal Plane,,,Lower Body,Push,Compound,Unilateral,Bodybuilding
Single Arm Kettlebell Suitcase Foot Elevated Ipsilateral Knee Over Toe Split Squat,Novice,Quadriceps,Quadriceps Femoris,Gluteus Maximus,Rectus Abdominis,Kettlebell,1,None,0,Knee Over Toe Split Squat,Single Arm,Continuous,Neutral,Suitcase,Foot Elevated (Front),Single Exercise,Knee Dominant,,,Sagittal Plane,,,Lower Body,Push,Compound,Ipsilateral,Bodybuilding
Single Arm Kettlebell Suitcase Ipsilateral Knee Over Toe Split Squat,Novice,Quadriceps,Quadriceps Femoris,Gluteus Maximus,Rectus Abdominis,Kettlebell,1,None,0,Knee Over Toe Split Squat,Single Arm,Continuous,Neutral,Suitcase,No Elevation,Single Exercise,Knee Dominant,,,Sagittal Plane,,,Lower Body,Push,Compound,Ipsilateral,Bodybuilding
Double Kettlebell Front Rack Foot Elevated Knee Over Toe Split Squat,Novice,Quadriceps,Quadriceps Femoris,Gluteus Maximus,,Kettlebell,2,None,0,Knee Over Toe Split Squat,Double Arm,Continuous,Neutral,Front Rack,Foot Elevated (Front),Single Exercise,Knee Dominant,,,Sagittal Plane,,,Lower Body,Push,Compound,Unilateral,Bodybuilding
Single Arm Kettlebell Front Rack Foot Elevated Contralateral Knee Over Toe Split Squat,Novice,Quadriceps,Quadriceps Femoris,Gluteus Maximus,,Kettlebell,1,None,0,Knee Over Toe Split Squat,Single Arm,Continuous,Neutral,Front Rack,Foot Elevated (Front),Single Exercise,Knee Dominant,,,Sagittal Plane,,,Lower Body,Push,Compound,Contralateral,Bodybuilding
Single Arm Kettlebell Front Rack Ipsilateral Knee Over Toe Split Squat,Novice,Quadriceps,Quadriceps Femoris,Gluteus Maximus,,Kettlebell,1,None,0,Knee Over Toe Split Squat,Single Arm,Continuous,Neutral,Front Rack,No Elevation,Single Exercise,Knee Dominant,,,Sagittal Plane,,,Lower Body,Push,Compound,Ipsilateral,Bodybuilding
Single Arm Kettlebell Front Rack Foot Elevated Ipsilateral Knee Over Toe Split Squat,Novice,Quadriceps,Quadriceps Femoris,Gluteus Maximus,,Kettlebell,1,None,0,Knee Over Toe Split Squat,Single Arm,Continuous,Neutral,Front Rack,Foot Elevated (Front),Single Exercise,Knee Dominant,,,Sagittal Plane,,,Lower Body,Push,Compound,Ipsilateral,Bodybuilding
Double Kettlebell Bottoms Up Front Rack Knee Over Toe Split Squat,Intermediate,Quadriceps,Quadriceps Femoris,Gluteus Maximus,,Kettlebell,2,None,0,Knee Over Toe Split Squat,Double Arm,Continuous,Bottoms Up,Front Rack,No Elevation,Single Exercise,Knee Dominant,,,Sagittal Plane,,,Lower Body,Push,Compound,Unilateral,Bodybuilding
Double Kettlebell Bottoms Up Front Rack Foot Elevated Knee Over Toe Split Squat,Intermediate,Quadriceps,Quadriceps Femoris,Gluteus Maximus,,Kettlebell,2,None,0,Knee Over Toe Split Squat,Double Arm,Continuous,Bottoms Up,Front Rack,Foot Elevated (Front),Single Exercise,Knee Dominant,,,Sagittal Plane,,,Lower Body,Push,Compound,Unilateral,Bodybuilding
Single Arm Kettlebell Bottoms Up Front Rack Contralateral Knee Over Toe Split Squat,Intermediate,Quadriceps,Quadriceps Femoris,Gluteus Maximus,,Kettlebell,1,None,0,Knee Over Toe Split Squat,Single Arm,Continuous,Bottoms Up,Front Rack,No Elevation,Single Exercise,Knee Dominant,,,Sagittal Plane,,,Lower Body,Push,Compound,Contralateral,Bodybuilding
Single Arm Kettlebell Bottoms Up Front Rack Foot Elevated Contralateral Knee Over Toe Split Squat,Intermediate,Quadriceps,Quadriceps Femoris,Gluteus Maximus,,Kettlebell,1,None,0,Knee Over Toe Split Squat,Single Arm,Continuous,Bottoms Up,Front Rack,Foot Elevated (Front),Single Exercise,Knee Dominant,,,Sagittal Plane,,,Lower Body,Push,Compound,Contralateral,Bodybuilding
Single Arm Kettlebell Bottoms Up Front Rack Ipsilateral Knee Over Toe Split Squat,Intermediate,Quadriceps,Quadriceps Femoris,Gluteus Maximus,,Kettlebell,1,None,0,Knee Over Toe Split Squat,Single Arm,Continuous,Bottoms Up,Front Rack,No Elevation,Single Exercise,Knee Dominant,,,Sagittal Plane,,,Lower Body,Push,Compound,Ipsilateral,Bodybuilding
Single Arm Kettlebell Bottoms Up Front Rack Foot Elevated Ipsilateral Knee Over Toe Split Squat,Intermediate,Quadriceps,Quadriceps Femoris,Gluteus Maximus,,Kettlebell,1,None,0,Knee Over Toe Split Squat,Single Arm,Continuous,Bottoms Up,Front Rack,Foot Elevated (Front),Single Exercise,Knee Dominant,,,Sagittal Plane,,,Lower Body,Push,Compound,Ipsilateral,Bodybuilding
Single Arm Kettlebell Overhead Ipsilateral Knee Over Toe Split Squat,Intermediate,Quadriceps,Quadriceps Femoris,Gluteus Maximus,,Kettlebell,1,None,0,Knee Over Toe Split Squat,Single Arm,Continuous,Pronated,Overhead,No Elevation,Single Exercise,Knee Dominant,,,Sagittal Plane,,,Lower Body,Push,Compound,Ipsilateral,Bodybuilding
Single Arm Kettlebell Bottoms Up Overhead Ipsilateral Knee Over Toe Split Squat,Advanced,Quadriceps,Quadriceps Femoris,Gluteus Maximus,,Kettlebell,1,None,0,Knee Over Toe Split Squat,Single Arm,Continuous,Bottoms Up,Overhead,No Elevation,Single Exercise,Knee Dominant,,,Sagittal Plane,,,Lower Body,Push,Compound,Ipsilateral,Bodybuilding
Double Kettlebell Overhead Foot Elevated Knee Over Toe Split Squat,Intermediate,Quadriceps,Quadriceps Femoris,Gluteus Maximus,,Kettlebell,2,None,0,Knee Over Toe Split Squat,Double Arm,Continuous,Pronated,Overhead,Foot Elevated (Front),Single Exercise,Knee Dominant,,,Sagittal Plane,,,Lower Body,Push,Compound,Bilateral,Bodybuilding
Single Arm Kettlebell Overhead Foot Elevated Contralateral Knee Over Toe Split Squat,Intermediate,Quadriceps,Quadriceps Femoris,Gluteus Maximus,,Kettlebell,1,None,0,Knee Over Toe Split Squat,Single Arm,Continuous,Pronated,Overhead,Foot Elevated (Front),Single Exercise,Knee Dominant,,,Sagittal Plane,,,Lower Body,Push,Compound,Contralateral,Bodybuilding
Single Arm Kettlebell Bottoms Up Overhead Foot Elevated Contralateral Knee Over Toe Split Squat,Advanced,Quadriceps,Quadriceps Femoris,Gluteus Maximus,,Kettlebell,1,None,0,Knee Over Toe Split Squat,Single Arm,Continuous,Bottoms Up,Overhead,Foot Elevated (Front),Single Exercise,Knee Dominant,,,Sagittal Plane,,,Lower Body,Push,Compound,Contralateral,Bodybuilding
Double Kettlebell Bottoms Up Overhead Foot Elevated Knee Over Toe Split Squat,Advanced,Quadriceps,Quadriceps Femoris,Gluteus Maximus,,Kettlebell,2,None,0,Knee Over Toe Split Squat,Double Arm,Continuous,Bottoms Up,Overhead,Foot Elevated (Front),Single Exercise,Knee Dominant,,,Sagittal Plane,,,Lower Body,Push,Compound,Unilateral,Bodybuilding
Single Arm Kettlebell Overhead Foot Elevated Ipsilateral Knee Over Toe Split Squat,Intermediate,Quadriceps,Quadriceps Femoris,Gluteus Maximus,,Kettlebell,1,None,0,Knee Over Toe Split Squat,Single Arm,Continuous,Pronated,Overhead,Foot Elevated (Front),Single Exercise,Knee Dominant,,,Sagittal Plane,,,Lower Body,Push,Compound,Ipsilateral,Bodybuilding
Single Arm Kettlebell Bottoms Up Overhead Foot Elevated Ipsilateral Knee Over Toe Split Squat,Advanced,Quadriceps,Quadriceps Femoris,Gluteus Maximus,,Kettlebell,1,None,0,Knee Over Toe Split Squat,Single Arm,Continuous,Bottoms Up,Overhead,Foot Elevated (Front),Single Exercise,Knee Dominant,,,Sagittal Plane,,,Lower Body,Push,Compound,Ipsilateral,Bodybuilding
Double Kettlebell Suitcase Foot Elevated Knee Over Toe Split Squat,Novice,Quadriceps,Quadriceps Femoris,Gluteus Maximus,,Kettlebell,2,None,0,Knee Over Toe Split Squat,Double Arm,Continuous,Neutral,Suitcase,Foot Elevated (Front),Single Exercise,Knee Dominant,,,Sagittal Plane,,,Lower Body,Push,Compound,Unilateral,Bodybuilding
Barbell Zercher Split Squat,Advanced,Quadriceps,Quadriceps Femoris,Gluteus Maximus,,Barbell,1,None,0,Split Squat,Double Arm,Continuous,No Grip,Zercher,No Elevation,Single Exercise,Knee Dominant,,,Sagittal Plane,,,Lower Body,Push,Compound,Unilateral,Bodybuilding
Suspension Alternating Split Squat Jump,Intermediate,Quadriceps,Quadriceps Femoris,Gluteus Maximus,,Suspension Trainer,1,None,0,Split Squat,Double Arm,Continuous,Neutral,No Load,No Elevation,Single Exercise,Knee Dominant,,,Sagittal Plane,,,Lower Body,Push,Compound,Unilateral,Plyometric
Single Arm Dumbbell Suitcase Contralateral Split Squat,Novice,Quadriceps,Quadriceps Femoris,Gluteus Maximus,,Dumbbell,1,None,0,Split Squat,Single Arm,Continuous,Neutral,Suitcase,No Elevation,Single Exercise,Knee Dominant,,,Sagittal Plane,,,Lower Body,Push,Compound,Contralateral,Bodybuilding
Single Arm Dumbbell Suitcase Ipsilateral Split Squat,Novice,Quadriceps,Quadriceps Femoris,Gluteus Maximus,,Dumbbell,1,None,0,Split Squat,Single Arm,Continuous,Neutral,Suitcase,No Elevation,Single Exercise,Knee Dominant,,,Sagittal Plane,,,Lower Body,Push,Compound,Ipsilateral,Bodybuilding
Double Dumbbell Front Rack Split Squat,Novice,Quadriceps,Quadriceps Femoris,Gluteus Maximus,,Dumbbell,2,None,0,Split Squat,Double Arm,Continuous,Neutral,Front Rack,No Elevation,Single Exercise,Knee Dominant,,,Sagittal Plane,,,Lower Body,Push,Compound,Unilateral,Bodybuilding
Single Arm Dumbbell Front Rack Contralateral Split Squat,Novice,Quadriceps,Quadriceps Femoris,Gluteus Maximus,,Dumbbell,1,None,0,Split Squat,Single Arm,Continuous,Neutral,Front Rack,No Elevation,Single Exercise,Knee Dominant,,,Sagittal Plane,,,Lower Body,Push,Compound,Contralateral,Bodybuilding
Single Arm Dumbbell Front Rack Ipsilateral Split Squat,Novice,Quadriceps,Quadriceps Femoris,Gluteus Maximus,,Dumbbell,1,None,0,Split Squat,Single Arm,Continuous,Neutral,Front Rack,No Elevation,Single Exercise,Knee Dominant,,,Sagittal Plane,,,Lower Body,Push,Compound,Ipsilateral,Bodybuilding
Double Dumbbell Overhead Split Squat,Intermediate,Quadriceps,Quadriceps Femoris,Gluteus Maximus,,Dumbbell,2,None,0,Split Squat,Double Arm,Continuous,Neutral,Overhead,No Elevation,Single Exercise,Knee Dominant,,,Sagittal Plane,,,Lower Body,Push,Compound,Unilateral,Bodybuilding
Single Arm Dumbbell Overhead Contralateral Split Squat,Intermediate,Quadriceps,Quadriceps Femoris,Gluteus Maximus,,Dumbbell,1,None,0,Split Squat,Single Arm,Continuous,Neutral,Overhead,No Elevation,Single Exercise,Knee Dominant,,,Sagittal Plane,,,Lower Body,Push,Compound,Contralateral,Bodybuilding
Single Arm Dumbbell Overhead Ipsilateral Split Squat,Intermediate,Quadriceps,Quadriceps Femoris,Gluteus Maximus,,Dumbbell,1,None,0,Split Squat,Single Arm,Continuous,Neutral,Overhead,No Elevation,Single Exercise,Knee Dominant,,,Sagittal Plane,,,Lower Body,Push,Compound,Ipsilateral,Bodybuilding
Dumbbell Goblet Split Squat,Novice,Quadriceps,Quadriceps Femoris,Gluteus Maximus,,Dumbbell,1,None,0,Split Squat,Double Arm,Continuous,Goblet,Front Rack,No Elevation,Single Exercise,Knee Dominant,,,Sagittal Plane,,,Lower Body,Push,Compound,Unilateral,Bodybuilding
Wall Ball Feet Elevated Russian Twist,Novice,Abdominals,Obliques,Rectus Abdominis,,Wall Ball,1,None,0,Seated Floor,Double Arm,Continuous,Neutral,Other,No Elevation,Single Exercise,Rotational,,,Transverse Plane,,,Midsection,Other,Compound,Bilateral,Unsorted*
Wall Ball Russian Twist,Novice,Abdominals,Obliques,Rectus Abdominis,,Wall Ball,1,None,0,Seated Floor,Double Arm,Continuous,Neutral,Other,No Elevation,Single Exercise,Rotational,,,Transverse Plane,,,Midsection,Other,Compound,Bilateral,Unsorted*
Bulgarian Bag Back Rack Split Squat,Novice,Quadriceps,Quadriceps Femoris,Gluteus Maximus,,Bulgarian Bag,1,None,0,Split Squat,Double Arm,Continuous,Neutral,Back Rack,No Elevation,Single Exercise,Knee Dominant,,,Sagittal Plane,,,Lower Body,Push,Compound,Unilateral,Bodybuilding
Double Clubbell Order Split Squat,Novice,Quadriceps,Quadriceps Femoris,Gluteus Maximus,,Clubbell,2,None,0,Split Squat,Double Arm,Continuous,Neutral,Order,No Elevation,Single Exercise,Knee Dominant,,,Sagittal Plane,,,Lower Body,Push,Compound,Unilateral,Bodybuilding
Clubbell Order Split Squat,Novice,Quadriceps,Quadriceps Femoris,Gluteus Maximus,,Clubbell,1,None,0,Split Squat,Double Arm,Continuous,Neutral,Order,No Elevation,Single Exercise,Knee Dominant,,,Sagittal Plane,,,Lower Body,Push,Compound,Unilateral,Bodybuilding
Single Arm Clubbell Order Contralateral Split Squat,Novice,Quadriceps,Quadriceps Femoris,Gluteus Maximus,,Clubbell,1,None,0,Split Squat,Single Arm,Continuous,Neutral,Order,No Elevation,Single Exercise,Knee Dominant,,,Sagittal Plane,,,Lower Body,Push,Compound,Contralateral,Bodybuilding
Single Arm Clubbell Order Ipsilateral Split Squat,Novice,Quadriceps,Quadriceps Femoris,Gluteus Maximus,,Clubbell,1,None,0,Split Squat,Single Arm,Continuous,Neutral,Order,No Elevation,Single Exercise,Knee Dominant,,,Sagittal Plane,,,Lower Body,Push,Compound,Ipsilateral,Bodybuilding
Macebell Order Split Squat,Novice,Quadriceps,Quadriceps Femoris,Gluteus Maximus,,Macebell,1,None,0,Split Squat,Double Arm,Continuous,Neutral,Order,No Elevation,Single Exercise,Knee Dominant,,,Sagittal Plane,,,Lower Body,Push,Compound,Unilateral,Bodybuilding
Single Arm Macebell Order Contralateral Split Squat,Novice,Quadriceps,Quadriceps Femoris,Gluteus Maximus,,Macebell,1,None,0,Split Squat,Single Arm,Continuous,Neutral,Order,No Elevation,Single Exercise,Knee Dominant,,,Sagittal Plane,,,Lower Body,Push,Compound,Contralateral,Bodybuilding
Single Arm Macebell Order Ipsilateral Split Squat,Novice,Quadriceps,Quadriceps Femoris,Gluteus Maximus,,Macebell,1,None,0,Split Squat,Single Arm,Continuous,Neutral,Order,No Elevation,Single Exercise,Knee Dominant,,,Sagittal Plane,,,Lower Body,Push,Compound,Ipsilateral,Bodybuilding
Plate Overhead Split Squat,Intermediate,Quadriceps,Quadriceps Femoris,Gluteus Maximus,,Weight Plate,1,None,0,Split Squat,Double Arm,Continuous,Neutral,Overhead,No Elevation,Single Exercise,Knee Dominant,,,Sagittal Plane,,,Lower Body,Push,Compound,Unilateral,Bodybuilding
Heavy Sandbag Bear Hug Split Squat,Intermediate,Quadriceps,Quadriceps Femoris,Gluteus Maximus,Biceps Brachii,Heavy Sandbag,1,None,0,Standing,Double Arm,Continuous,Neutral,Bear Hug,No Elevation,Single Exercise,Knee Dominant,,,Sagittal Plane,,,Full Body,Other,Compound,Unilateral,Unsorted*
Heavy Sandbag Shoulder Contralateral Split Squat,Intermediate,Quadriceps,Quadriceps Femoris,Gluteus Maximus,,Heavy Sandbag,1,None,0,Standing,Single Arm,Continuous,Neutral,Shoulder,No Elevation,Single Exercise,Knee Dominant,,,Sagittal Plane,,,Lower Body,Push,Compound,Contralateral,Unsorted*
Heavy Sandbag Shoulder Ipsilateral Split Squat,Intermediate,Quadriceps,Quadriceps Femoris,Gluteus Maximus,,Heavy Sandbag,1,None,0,Standing,Single Arm,Continuous,Neutral,Shoulder,No Elevation,Single Exercise,Knee Dominant,,,Sagittal Plane,,,Lower Body,Push,Compound,Ipsilateral,Unsorted*
Sandbag Back Rack Split Squat,Novice,Quadriceps,Quadriceps Femoris,Gluteus Maximus,,Sandbag,1,None,0,Split Squat,Double Arm,Continuous,Neutral,Back Rack,No Elevation,Single Exercise,Knee Dominant,,,Sagittal Plane,,,Lower Body,Push,Compound,Unilateral,Bodybuilding
Sandbag Front Rack Split Squat,Novice,Quadriceps,Quadriceps Femoris,Gluteus Maximus,,Sandbag,1,None,0,Split Squat,Double Arm,Continuous,Neutral,Front Rack,No Elevation,Single Exercise,Knee Dominant,,,Sagittal Plane,,,Lower Body,Push,Compound,Unilateral,Bodybuilding
Single Arm Kettlebell Half Kneeling Ipsilateral Overhead Press,Intermediate,Shoulders,Anterior Deltoids,Triceps Brachii,,Kettlebell,1,None,0,Half Kneeling,Single Arm,Continuous,Pronated,Overhead,No Elevation,Single Exercise,Vertical Push,,,Sagittal Plane,,,Upper Body,Push,Compound,Ipsilateral,Bodybuilding
Landmine Goblet Split Squat,Novice,Quadriceps,Quadriceps Femoris,Gluteus Maximus,Biceps Femoris,Landmine,1,None,0,Standing,Double Arm,Continuous,Goblet,Front Rack,No Elevation,Single Exercise,Knee Dominant,,,Sagittal Plane,,,Lower Body,Push,Compound,Unilateral,Bodybuilding
Single Arm Landmine Front Rack Contralateral Split Squat,Novice,Quadriceps,Quadriceps Femoris,Gluteus Maximus,Biceps Femoris,Landmine,1,None,0,Standing,Single Arm,Continuous,Neutral,Front Rack,No Elevation,Single Exercise,Knee Dominant,,,Sagittal Plane,,,Lower Body,Push,Compound,Contralateral,Bodybuilding
Single Arm Landmine Front Rack Ipsilateral Split Squat,Novice,Quadriceps,Quadriceps Femoris,Gluteus Maximus,Biceps Femoris,Landmine,1,None,0,Standing,Single Arm,Continuous,Neutral,Front Rack,No Elevation,Single Exercise,Knee Dominant,,,Sagittal Plane,,,Lower Body,Push,Compound,Ipsilateral,Bodybuilding
Single Arm Landmine Suitcase Contralateral Split Squat,Novice,Quadriceps,Quadriceps Femoris,Gluteus Maximus,Biceps Femoris,Landmine,1,None,0,Standing,Single Arm,Continuous,Neutral,Front Rack,No Elevation,Single Exercise,Knee Dominant,,,Sagittal Plane,,,Lower Body,Push,Compound,Contralateral,Bodybuilding
Double Kettlebell Gunslinger,Intermediate,Back,Latissimus Dorsi,Biceps Brachii,Gluteus Maximus,Kettlebell,2,None,0,Standing,Double Arm,Continuous,Neutral,Other,No Elevation,Single Exercise,Horizontal Pull,Hip Hinge,,Sagittal Plane,,,Full Body,Pull,Compound,Bilateral,Ballistics
Single Arm Kettlebell Front Rack Ipsilateral Split Squat,Novice,Quadriceps,Quadriceps Femoris,Gluteus Maximus,,Kettlebell,1,None,0,Split Squat,Single Arm,Continuous,Neutral,Front Rack,No Elevation,Single Exercise,Knee Dominant,,,Sagittal Plane,,,Lower Body,Push,Compound,Ipsilateral,Bodybuilding
Double Kettlebell Bottoms Up Front Rack Split Squat,Intermediate,Quadriceps,Quadriceps Femoris,Gluteus Maximus,,Kettlebell,2,None,0,Split Squat,Double Arm,Continuous,Bottoms Up,Front Rack,No Elevation,Single Exercise,Knee Dominant,,,Sagittal Plane,,,Lower Body,Push,Compound,Unilateral,Bodybuilding
Single Arm Kettlebell Bottoms Up Front Rack Contralateral Split Squat,Intermediate,Quadriceps,Quadriceps Femoris,Gluteus Maximus,,Kettlebell,1,None,0,Split Squat,Single Arm,Continuous,Bottoms Up,Front Rack,No Elevation,Single Exercise,Knee Dominant,,,Sagittal Plane,,,Lower Body,Push,Compound,Contralateral,Bodybuilding
Single Arm Kettlebell Bottoms Up Front Rack Ipsilateral Split Squat,Intermediate,Quadriceps,Quadriceps Femoris,Gluteus Maximus,,Kettlebell,1,None,0,Split Squat,Single Arm,Continuous,Bottoms Up,Front Rack,No Elevation,Single Exercise,Knee Dominant,,,Sagittal Plane,,,Lower Body,Push,Compound,Ipsilateral,Bodybuilding
Double Kettlebell Overhead Split Squat,Intermediate,Quadriceps,Quadriceps Femoris,Gluteus Maximus,,Kettlebell,2,None,0,Split Squat,Double Arm,Continuous,Pronated,Overhead,No Elevation,Single Exercise,Knee Dominant,,,Sagittal Plane,,,Lower Body,Push,Compound,Unilateral,Bodybuilding
Single Arm Kettlebell Overhead Contralateral Split Squat,Intermediate,Quadriceps,Quadriceps Femoris,Gluteus Maximus,,Kettlebell,1,None,0,Split Squat,Single Arm,Continuous,Pronated,Overhead,No Elevation,Single Exercise,Knee Dominant,,,Sagittal Plane,,,Lower Body,Push,Compound,Contralateral,Bodybuilding
Single Arm Kettlebell Overhead Ipsilateral Split Squat,Intermediate,Quadriceps,Quadriceps Femoris,Gluteus Maximus,,Kettlebell,1,None,0,Split Squat,Single Arm,Continuous,Pronated,Overhead,No Elevation,Single Exercise,Knee Dominant,,,Sagittal Plane,,,Lower Body,Push,Compound,Ipsilateral,Bodybuilding
Single Arm Kettlebell Bottoms Up Overhead Contralateral Split Squat,Advanced,Quadriceps,Quadriceps Femoris,Gluteus Maximus,,Kettlebell,1,None,0,Split Squat,Single Arm,Continuous,Bottoms Up,Overhead,No Elevation,Single Exercise,Knee Dominant,,,Sagittal Plane,,,Lower Body,Push,Compound,Contralateral,Bodybuilding
Single Arm Kettlebell Bottoms Up Overhead Ipsilateral Split Squat,Advanced,Quadriceps,Quadriceps Femoris,Gluteus Maximus,,Kettlebell,1,None,0,Split Squat,Single Arm,Continuous,Bottoms Up,Overhead,No Elevation,Single Exercise,Knee Dominant,,,Sagittal Plane,,,Lower Body,Push,Compound,Ipsilateral,Bodybuilding
Double Kettlebell Suitcase Split Squat,Novice,Quadriceps,Quadriceps Femoris,Gluteus Maximus,,Kettlebell,2,None,0,Split Squat,Double Arm,Continuous,Neutral,Suitcase,No Elevation,Single Exercise,Knee Dominant,,,Sagittal Plane,,,Lower Body,Push,Compound,Unilateral,Bodybuilding
Single Arm Kettlebell Suitcase Contralateral Split Squat,Novice,Quadriceps,Quadriceps Femoris,Gluteus Maximus,,Kettlebell,1,None,0,Split Squat,Single Arm,Continuous,Neutral,Suitcase,No Elevation,Single Exercise,Knee Dominant,,,Sagittal Plane,,,Lower Body,Push,Compound,Contralateral,Bodybuilding
Single Arm Kettlebell Suitcase Ipsilateral Split Squat,Novice,Quadriceps,Quadriceps Femoris,Gluteus Maximus,,Kettlebell,1,None,0,Split Squat,Single Arm,Continuous,Neutral,Suitcase,No Elevation,Single Exercise,Knee Dominant,,,Sagittal Plane,,,Lower Body,Push,Compound,Ipsilateral,Bodybuilding
Kettlebell Goblet Split Squat,Novice,Quadriceps,Quadriceps Femoris,Gluteus Maximus,,Kettlebell,1,None,0,Split Squat,Double Arm,Continuous,Goblet,Front Rack,No Elevation,Single Exercise,Knee Dominant,,,Sagittal Plane,,,Lower Body,Push,Compound,Unilateral,Bodybuilding
Kettlebell Horn Grip March,Novice,Abdominals,Rectus Abdominis,,,Kettlebell,1,None,0,March,Double Arm,Continuous,Horn Grip,Front Rack,No Elevation,Single Exercise,,,,Sagittal Plane,,,Midsection,Other,Compound,Unilateral,Balance
Sandbag Bent Over Row,Beginner,Back,Latissimus Dorsi,Rhomboids,Posterior Deltoids,Sandbag,1,None,0,Standing,Double Arm,Continuous,Neutral,Other,No Elevation,Single Exercise,Horizontal Pull,,,Sagittal Plane,,,Upper Body,Pull,Compound,Bilateral,Bodybuilding
Bodyweight Two Finger Full Planche Push Up,Legendary,Chest,Pectoralis Major,Triceps Brachii,Rectus Abdominis,Bodyweight,1,None,0,Prone,Double Arm,Continuous,Fingertip,No Load,No Elevation,Single Exercise,Horizontal Push,Isometric Hold,,Sagittal Plane,,,Upper Body,Push,Compound,Bilateral,Calisthenics
Suspension Hamstring Curl,Novice,Hamstrings,Biceps Femoris,Gluteus Maximus,,Suspension Trainer,1,None,0,Supine,No Arms,Continuous,No Grip,Other,Feet Elevated,Single Exercise,Knee Dominant,,,Sagittal Plane,,,Lower Body,Pull,Isolation,Bilateral,Unsorted*
Suspension Single Leg Hamstring Curl,Intermediate,Hamstrings,Biceps Femoris,Gluteus Maximus,,Suspension Trainer,1,None,0,Supine,No Arms,Continuous,No Grip,No Load,Foot Elevated,Single Exercise,Knee Dominant,,,Sagittal Plane,,,Lower Body,Pull,Isolation,Unilateral,Unsorted*
Superband Prone Hamstring Curl,Beginner,Hamstrings,Biceps Femoris,Gluteus Maximus,,Superband,1,None,0,Prone,No Arms,Continuous,No Grip,Other,No Elevation,Single Exercise,Knee Dominant,,,Sagittal Plane,,,Lower Body,Pull,Isolation,Bilateral,Bodybuilding
Cable Prone Hamstring Curl,Beginner,Hamstrings,Biceps Femoris,Gluteus Maximus,,Cable,1,None,0,Prone,No Arms,Continuous,No Grip,Other,No Elevation,Single Exercise,Knee Dominant,,,Sagittal Plane,,,Lower Body,Pull,Isolation,Bilateral,Bodybuilding
Superband Prone Bench Hamstring Curl,Novice,Hamstrings,Biceps Femoris,Gluteus Maximus,,Superband,1,Bench (Flat),1,Prone,No Arms,Continuous,No Grip,Other,No Elevation,Single Exercise,Knee Dominant,,,Sagittal Plane,,,Lower Body,Pull,Isolation,Bilateral,Bodybuilding
Cable Straight Bar Spider Curl,Novice,Biceps,Biceps Brachii,Brachialis,Brachioradialis,Cable,1,Bench (Incline),1,Prone,Double Arm,Continuous,Supinated,Other,No Elevation,Single Exercise,Elbow Flexion,,,Sagittal Plane,,,Upper Body,Pull,Isolation,Bilateral,Bodybuilding
Dumbbell Crush Grip Spider Curl,Novice,Biceps,Biceps Brachii,Brachialis,Brachioradialis,Dumbbell,1,Bench (Incline),1,Prone,Double Arm,Continuous,Crush Grip,Other,No Elevation,Single Exercise,Elbow Flexion,,,Sagittal Plane,,,Upper Body,Pull,Isolation,Bilateral,Bodybuilding
Double Dumbbell Bent Over Reverse Fly,Beginner,Shoulders,Posterior Deltoids,,,Dumbbell,2,None,0,Standing,Double Arm,Continuous,Neutral,Other,No Elevation,Single Exercise,Horizontal Pull,,,Frontal Plane,,,Upper Body,Pull,Isolation,Bilateral,Bodybuilding
Alternating Double Dumbbell Spider Curl,Novice,Biceps,Biceps Brachii,Brachialis,Brachioradialis,Dumbbell,2,Bench (Incline),1,Prone,Double Arm,Alternating,Supinated,Other,No Elevation,Single Exercise,Elbow Flexion,,,Sagittal Plane,,,Upper Body,Pull,Isolation,Unilateral,Bodybuilding
Alternating Double Kettlebell Spider Curl,Novice,Biceps,Biceps Brachii,Brachialis,Brachioradialis,Kettlebell,2,Bench (Incline),1,Prone,Double Arm,Alternating,Supinated,Other,No Elevation,Single Exercise,Elbow Flexion,,,Sagittal Plane,,,Upper Body,Pull,Isolation,Unilateral,Bodybuilding
Slider Barbell Front Rack Curtsy Lunge,Intermediate,Quadriceps,Quadriceps Femoris,Gluteus Maximus,,Sliders,1,Barbell,1,Standing,Double Arm,Continuous,Pronated,Front Rack,No Elevation,Single Exercise,Knee Dominant,,,Frontal Plane,,,Lower Body,Push,Compound,Unilateral,Bodybuilding
Slider Double Kettlebell Front Rack Curtsy Lunge,Novice,Quadriceps,Quadriceps Femoris,Gluteus Maximus,,Sliders,1,Kettlebell,2,Standing,Double Arm,Continuous,Neutral,Front Rack,No Elevation,Single Exercise,Knee Dominant,,,Frontal Plane,,,Lower Body,Push,Compound,Unilateral,Bodybuilding
Slider Suspension Curtsy Lunge,Novice,Quadriceps,Gluteus Maximus,,,Sliders,1,Suspension Trainer,1,Standing,Double Arm,Continuous,Neutral,No Load,No Elevation,Single Exercise,Knee Dominant,,,Frontal Plane,,,Lower Body,Push,Compound,Unilateral,Bodybuilding
Slider Landmine Goblet Curtsy Lunge,Intermediate,Quadriceps,Quadriceps Femoris,Gluteus Maximus,,Sliders,1,Landmine,1,Standing,Double Arm,Continuous,Goblet,Front Rack,No Elevation,Single Exercise,Knee Dominant,,,Frontal Plane,,,Lower Body,Push,Compound,Unilateral,Bodybuilding
Slider Barbell Overhead Curtsy Lunge,Advanced,Quadriceps,Quadriceps Femoris,Gluteus Maximus,,Sliders,1,Barbell,1,Standing,Double Arm,Continuous,Pronated,Overhead,No Elevation,Single Exercise,Knee Dominant,,,Frontal Plane,,,Lower Body,Push,Compound,Unilateral,Bodybuilding
Slider Barbell Back Rack Curtsy Lunge,Intermediate,Quadriceps,Quadriceps Femoris,Gluteus Maximus,,Sliders,1,Barbell,1,Standing,Double Arm,Continuous,Pronated,Back Rack,No Elevation,Single Exercise,Knee Dominant,,,Frontal Plane,,,Lower Body,Push,Compound,Unilateral,Bodybuilding
Slider Barbell Zercher Curtsy Lunge,Advanced,Quadriceps,Quadriceps Femoris,Gluteus Maximus,,Sliders,1,Barbell,1,Standing,Double Arm,Continuous,No Grip,Zercher,No Elevation,Single Exercise,Knee Dominant,,,Frontal Plane,,,Lower Body,Push,Compound,Unilateral,Bodybuilding
Slider Bulgarian Bag Back Rack Curtsy Lunge,Novice,Quadriceps,Quadriceps Femoris,Gluteus Maximus,,Sliders,1,Bulgarian Bag,1,Standing,Double Arm,Continuous,Neutral,Back Rack,No Elevation,Single Exercise,Knee Dominant,,,Frontal Plane,,,Lower Body,Push,Compound,Unilateral,Bodybuilding
Slider Double Kettlebell Suitcase Curtsy Lunge,Novice,Quadriceps,Quadriceps Femoris,Gluteus Maximus,,Sliders,1,Kettlebell,2,Standing,Double Arm,Continuous,Neutral,Suitcase,No Elevation,Single Exercise,Knee Dominant,,,Frontal Plane,,,Lower Body,Push,Compound,Unilateral,Bodybuilding
Slider Double Kettlebell Overhead Curtsy Lunge,Intermediate,Quadriceps,Quadriceps Femoris,Gluteus Maximus,,Sliders,1,Kettlebell,2,Standing,Double Arm,Continuous,Pronated,Overhead,No Elevation,Single Exercise,Knee Dominant,,,Frontal Plane,,,Lower Body,Push,Compound,Unilateral,Bodybuilding
Slider Double Kettlebell Bottoms Up Front Rack Curtsy Lunge,Intermediate,Quadriceps,Quadriceps Femoris,Gluteus Maximus,,Sliders,1,Kettlebell,2,Standing,Double Arm,Continuous,Bottoms Up,Front Rack,No Elevation,Single Exercise,Knee Dominant,,,Frontal Plane,,,Lower Body,Push,Compound,Unilateral,Bodybuilding
Slider Double Kettlebell Bottoms Up Overhead Curtsy Lunge,Advanced,Quadriceps,Quadriceps Femoris,Gluteus Maximus,,Sliders,1,Kettlebell,2,Standing,Double Arm,Continuous,Bottoms Up,Overhead,No Elevation,Single Exercise,Knee Dominant,,,Frontal Plane,,,Lower Body,Push,Compound,Unilateral,Bodybuilding
Slider Single Arm Kettlebell Front Rack Contralateral Curtsy Lunge,Novice,Quadriceps,Quadriceps Femoris,Gluteus Maximus,,Sliders,1,Kettlebell,1,Standing,Single Arm,Continuous,Neutral,Front Rack,No Elevation,Single Exercise,Knee Dominant,,,Frontal Plane,,,Lower Body,Push,Compound,Contralateral,Bodybuilding
Slider Single Arm Kettlebell Suitcase Contralateral Curtsy Lunge,Novice,Quadriceps,Quadriceps Femoris,Gluteus Maximus,,Sliders,1,Kettlebell,1,Standing,Single Arm,Continuous,Neutral,Suitcase,No Elevation,Single Exercise,Knee Dominant,,,Frontal Plane,,,Lower Body,Push,Compound,Contralateral,Bodybuilding
Slider Single Arm Kettlebell Overhead Contralateral Curtsy Lunge,Intermediate,Quadriceps,Quadriceps Femoris,Gluteus Maximus,,Sliders,1,Kettlebell,1,Standing,Single Arm,Continuous,Pronated,Overhead,No Elevation,Single Exercise,Knee Dominant,,,Frontal Plane,,,Lower Body,Push,Compound,Contralateral,Bodybuilding
Slider Single Arm Kettlebell Bottoms Up Overhead Contralateral Curtsy Lunge,Advanced,Quadriceps,Quadriceps Femoris,Gluteus Maximus,,Sliders,1,Kettlebell,1,Standing,Single Arm,Continuous,Bottoms Up,Overhead,No Elevation,Single Exercise,Knee Dominant,,,Frontal Plane,,,Lower Body,Push,Compound,Contralateral,Bodybuilding
Slider Single Arm Kettlebell Bottoms Up Front Rack Contralateral Curtsy Lunge,Intermediate,Quadriceps,Quadriceps Femoris,Gluteus Maximus,,Sliders,1,Kettlebell,1,Standing,Single Arm,Continuous,Bottoms Up,Front Rack,No Elevation,Single Exercise,Knee Dominant,,,Frontal Plane,,,Lower Body,Push,Compound,Contralateral,Bodybuilding
Slider Double Dumbbell Front Rack Curtsy Lunge,Novice,Quadriceps,Quadriceps Femoris,Gluteus Maximus,,Sliders,1,Dumbbell,2,Standing,Double Arm,Continuous,Neutral,Front Rack,No Elevation,Single Exercise,Knee Dominant,,,Frontal Plane,,,Lower Body,Push,Compound,Unilateral,Bodybuilding
Slider Double Dumbbell Suitcase Curtsy Lunge,Novice,Quadriceps,Quadriceps Femoris,Gluteus Maximus,,Sliders,1,Dumbbell,2,Standing,Double Arm,Continuous,Neutral,Suitcase,No Elevation,Single Exercise,Knee Dominant,,,Frontal Plane,,,Lower Body,Push,Compound,Unilateral,Bodybuilding
Slider Double Dumbbell Overhead Curtsy Lunge,Intermediate,Quadriceps,Quadriceps Femoris,Gluteus Maximus,,Sliders,1,Dumbbell,2,Standing,Double Arm,Continuous,Neutral,Overhead,No Elevation,Single Exercise,Knee Dominant,,,Frontal Plane,,,Lower Body,Push,Compound,Unilateral,Bodybuilding
Slider Single Arm Dumbbell Front Rack Contralateral Curtsy Lunge,Novice,Quadriceps,Quadriceps Femoris,Gluteus Maximus,,Sliders,1,Dumbbell,1,Standing,Single Arm,Continuous,Neutral,Front Rack,No Elevation,Single Exercise,Knee Dominant,,,Frontal Plane,,,Lower Body,Push,Compound,Contralateral,Bodybuilding
Slider Single Arm Dumbbell Suitcase Contralateral Curtsy Lunge,Novice,Quadriceps,Quadriceps Femoris,Gluteus Maximus,,Sliders,1,Dumbbell,1,Standing,Single Arm,Continuous,Neutral,Suitcase,No Elevation,Single Exercise,Knee Dominant,,,Frontal Plane,,,Lower Body,Push,Compound,Contralateral,Bodybuilding
Slider Single Arm Dumbbell Overhead Contralateral Curtsy Lunge,Intermediate,Quadriceps,Quadriceps Femoris,Gluteus Maximus,,Sliders,1,Dumbbell,1,Standing,Single Arm,Continuous,Neutral,Overhead,No Elevation,Single Exercise,Knee Dominant,,,Frontal Plane,,,Lower Body,Push,Compound,Contralateral,Bodybuilding
Slider Dumbbell Goblet Curtsy Lunge,Novice,Quadriceps,Quadriceps Femoris,Gluteus Maximus,,Sliders,1,Dumbbell,1,Standing,Double Arm,Continuous,Goblet,Front Rack,No Elevation,Single Exercise,Knee Dominant,,,Frontal Plane,,,Lower Body,Push,Compound,Unilateral,Bodybuilding
Slider Kettlebell Horn Grip Curtsy Lunge,Novice,Quadriceps,Quadriceps Femoris,Gluteus Maximus,,Sliders,1,Kettlebell,1,Standing,Double Arm,Continuous,Horn Grip,Front Rack,No Elevation,Single Exercise,Knee Dominant,,,Frontal Plane,,,Lower Body,Push,Compound,Unilateral,Bodybuilding
Slider Kettlebell Goblet Curtsy Lunge,Novice,Quadriceps,Quadriceps Femoris,Gluteus Maximus,,Sliders,1,Kettlebell,1,Standing,Double Arm,Continuous,Goblet,Front Rack,No Elevation,Single Exercise,Knee Dominant,,,Frontal Plane,,,Lower Body,Push,Compound,Unilateral,Bodybuilding
Slider Clubbell Order Curtsy Lunge,Novice,Quadriceps,Quadriceps Femoris,Gluteus Maximus,,Sliders,1,Clubbell,1,Standing,Double Arm,Continuous,Neutral,Order,No Elevation,Single Exercise,Knee Dominant,,,Frontal Plane,,,Lower Body,Push,Compound,Unilateral,Bodybuilding
Slider Double Clubbell Order Curtsy Lunge,Novice,Quadriceps,Quadriceps Femoris,Gluteus Maximus,,Sliders,1,Clubbell,2,Standing,Double Arm,Continuous,Neutral,Order,No Elevation,Single Exercise,Knee Dominant,,,Frontal Plane,,,Lower Body,Push,Compound,Unilateral,Bodybuilding
Slider Single Arm Clubbell Order Contralateral Curtsy Lunge,Novice,Quadriceps,Quadriceps Femoris,Gluteus Maximus,,Sliders,1,Clubbell,1,Standing,Single Arm,Continuous,Neutral,Order,No Elevation,Single Exercise,Knee Dominant,,,Frontal Plane,,,Lower Body,Push,Compound,Contralateral,Bodybuilding
Slider Macebell Order Curtsy Lunge,Novice,Quadriceps,Quadriceps Femoris,Gluteus Maximus,,Sliders,1,Macebell,1,Standing,Double Arm,Continuous,Neutral,Order,No Elevation,Single Exercise,Knee Dominant,,,Frontal Plane,,,Lower Body,Push,Compound,Unilateral,Bodybuilding
Slider Single Arm Macebell Order Contralateral Curtsy Lunge,Novice,Quadriceps,Quadriceps Femoris,Gluteus Maximus,,Sliders,1,Macebell,1,Standing,Single Arm,Continuous,Neutral,Order,No Elevation,Single Exercise,Knee Dominant,,,Frontal Plane,,,Lower Body,Push,Compound,Contralateral,Bodybuilding
Slider Curtsy Lunge,Beginner,Quadriceps,Quadriceps Femoris,Gluteus Maximus,,Sliders,1,None,0,Standing,No Arms,Continuous,No Grip,No Load,No Elevation,Single Exercise,Knee Dominant,,,Frontal Plane,,,Lower Body,Push,Compound,Unilateral,Calisthenics
Slider Plate Overhead Curtsy Lunge,Intermediate,Quadriceps,Quadriceps Femoris,Gluteus Maximus,,Sliders,1,Weight Plate,1,Standing,Double Arm,Continuous,Neutral,Overhead,No Elevation,Single Exercise,Knee Dominant,,,Frontal Plane,,,Lower Body,Push,Compound,Unilateral,Bodybuilding
Slider Sandbag Front Rack Curtsy Lunge,Novice,Quadriceps,Quadriceps Femoris,Gluteus Maximus,,Sliders,1,Sandbag,1,Standing,Double Arm,Continuous,Neutral,Front Rack,No Elevation,Single Exercise,Knee Dominant,,,Frontal Plane,,,Lower Body,Push,Compound,Unilateral,Bodybuilding
Slider Sandbag Back Rack Curtsy Lunge,Novice,Quadriceps,Quadriceps Femoris,Gluteus Maximus,,Sliders,1,Sandbag,1,Standing,Double Arm,Continuous,Neutral,Back Rack,No Elevation,Single Exercise,Knee Dominant,,,Frontal Plane,,,Lower Body,Push,Compound,Unilateral,Bodybuilding
Slider Single Arm Kettlebell Front Rack Ipsilateral Curtsy Lunge,Novice,Quadriceps,Quadriceps Femoris,Gluteus Maximus,,Sliders,1,Kettlebell,1,Standing,Single Arm,Continuous,Neutral,Front Rack,No Elevation,Single Exercise,Knee Dominant,,,Frontal Plane,,,Lower Body,Push,Compound,Ipsilateral,Bodybuilding
Slider Single Arm Kettlebell Suitcase Ipsilateral Curtsy Lunge,Novice,Quadriceps,Quadriceps Femoris,Gluteus Maximus,,Sliders,1,Kettlebell,1,Standing,Single Arm,Continuous,Neutral,Suitcase,No Elevation,Single Exercise,Knee Dominant,,,Frontal Plane,,,Lower Body,Push,Compound,Ipsilateral,Bodybuilding
Slider Single Arm Kettlebell Overhead Ipsilateral Curtsy Lunge,Intermediate,Quadriceps,Quadriceps Femoris,Gluteus Maximus,,Sliders,1,Kettlebell,1,Standing,Single Arm,Continuous,Pronated,Overhead,No Elevation,Single Exercise,Knee Dominant,,,Frontal Plane,,,Lower Body,Push,Compound,Ipsilateral,Bodybuilding
Slider Single Arm Kettlebell Bottoms Up Overhead Ipsilateral Curtsy Lunge,Advanced,Quadriceps,Quadriceps Femoris,Gluteus Maximus,,Sliders,1,Kettlebell,1,Standing,Single Arm,Continuous,Bottoms Up,Overhead,No Elevation,Single Exercise,Knee Dominant,,,Frontal Plane,,,Lower Body,Push,Compound,Ipsilateral,Bodybuilding
Slider Single Arm Kettlebell Bottoms Up Front Rack Ipsilateral Curtsy Lunge,Intermediate,Quadriceps,Quadriceps Femoris,Gluteus Maximus,,Sliders,1,Kettlebell,1,Standing,Single Arm,Continuous,Bottoms Up,Front Rack,No Elevation,Single Exercise,Knee Dominant,,,Frontal Plane,,,Lower Body,Push,Compound,Ipsilateral,Bodybuilding
Slider Single Arm Dumbbell Front Rack Ipsilateral Curtsy Lunge,Novice,Quadriceps,Quadriceps Femoris,Gluteus Maximus,,Sliders,1,Dumbbell,1,Standing,Single Arm,Continuous,Neutral,Front Rack,No Elevation,Single Exercise,Knee Dominant,,,Frontal Plane,,,Lower Body,Push,Compound,Ipsilateral,Bodybuilding
Slider Single Arm Dumbbell Suitcase Ipsilateral Curtsy Lunge,Novice,Quadriceps,Quadriceps Femoris,Gluteus Maximus,,Sliders,1,Dumbbell,1,Standing,Single Arm,Continuous,Neutral,Suitcase,No Elevation,Single Exercise,Knee Dominant,,,Frontal Plane,,,Lower Body,Push,Compound,Ipsilateral,Bodybuilding
Slider Single Arm Dumbbell Overhead Ipsilateral Curtsy Lunge,Intermediate,Quadriceps,Quadriceps Femoris,Gluteus Maximus,,Sliders,1,Dumbbell,1,Standing,Single Arm,Continuous,Neutral,Overhead,No Elevation,Single Exercise,Knee Dominant,,,Frontal Plane,,,Lower Body,Push,Compound,Ipsilateral,Bodybuilding
Slider Single Arm Clubbell Order Ipsilateral Curtsy Lunge,Novice,Quadriceps,Quadriceps Femoris,Gluteus Maximus,,Sliders,1,Clubbell,1,Standing,Single Arm,Continuous,Neutral,Order,No Elevation,Single Exercise,Knee Dominant,,,Frontal Plane,,,Lower Body,Push,Compound,Ipsilateral,Bodybuilding
Slider Single Arm Macebell Order Ipsilateral Curtsy Lunge,Novice,Quadriceps,Quadriceps Femoris,Gluteus Maximus,,Sliders,1,Macebell,1,Standing,Single Arm,Continuous,Neutral,Order,No Elevation,Single Exercise,Knee Dominant,,,Frontal Plane,,,Lower Body,Push,Compound,Ipsilateral,Bodybuilding
Kettlebell Goblet Cyclist Squat,Novice,Quadriceps,Quadriceps Femoris,Gluteus Maximus,,Kettlebell,1,Slant Board,1,Standing,Double Arm,Continuous,Goblet,Front Rack,Heels Elevated,Single Exercise,Knee Dominant,,,Sagittal Plane,,,Lower Body,Push,Compound,Bilateral,Bodybuilding
Kettlebell Goblet Knee Over Toe Split Squat,Novice,Quadriceps,Quadriceps Femoris,Gluteus Maximus,,Kettlebell,1,None,0,Knee Over Toe Split Squat,Double Arm,Continuous,Goblet,Front Rack,No Elevation,Single Exercise,Knee Dominant,,,Sagittal Plane,,,Lower Body,Push,Compound,Unilateral,Bodybuilding
Kettlebell Goblet Foot Elevated Knee Over Toe Split Squat,Novice,Quadriceps,Quadriceps Femoris,Gluteus Maximus,,Kettlebell,1,None,0,Knee Over Toe Split Squat,Double Arm,Continuous,Goblet,Front Rack,Foot Elevated (Front),Single Exercise,Knee Dominant,,,Sagittal Plane,,,Lower Body,Push,Compound,Unilateral,Bodybuilding
Dumbbell Goblet Walking Lunge,Novice,Quadriceps,Quadriceps Femoris,Gluteus Maximus,,Dumbbell,1,None,0,Walking,Double Arm,Continuous,Goblet,Front Rack,No Elevation,Single Exercise,Knee Dominant,,,Sagittal Plane,,,Lower Body,Push,Compound,Unilateral,Bodybuilding
Ring Maltese,Grand Master,Abdominals,Rectus Abdominis,,,Gymnastic Rings,2,None,0,Prone,Double Arm,Continuous,Supinated,No Load,No Elevation,Single Exercise,Isometric Hold,,,Sagittal Plane,,,Unsorted*,Other,Compound,Bilateral,Calisthenics
Barbell Front Rack Curtsy Lunge,Intermediate,Quadriceps,Quadriceps Femoris,Gluteus Maximus,,Barbell,1,None,0,Standing,Double Arm,Continuous,Pronated,Front Rack,No Elevation,Single Exercise,Knee Dominant,,,Frontal Plane,,,Lower Body,Push,Compound,Unilateral,Bodybuilding
Double Kettlebell Front Rack Curtsy Lunge,Novice,Quadriceps,Quadriceps Femoris,Gluteus Maximus,,Kettlebell,2,None,0,Standing,Double Arm,Continuous,Neutral,Front Rack,No Elevation,Single Exercise,Knee Dominant,,,Frontal Plane,,,Lower Body,Push,Compound,Unilateral,Bodybuilding
Suspension Curtsy Lunge,Novice,Quadriceps,Gluteus Maximus,,,Suspension Trainer,1,None,0,Standing,Double Arm,Continuous,Neutral,No Load,No Elevation,Single Exercise,Knee Dominant,,,Frontal Plane,,,Lower Body,Push,Compound,Unilateral,Bodybuilding
Barbell Overhead Curtsy Lunge,Advanced,Quadriceps,Quadriceps Femoris,Gluteus Maximus,,Barbell,1,None,0,Standing,Double Arm,Continuous,Pronated,Overhead,No Elevation,Single Exercise,Knee Dominant,,,Frontal Plane,,,Lower Body,Push,Compound,Unilateral,Bodybuilding
Barbell Back Rack Curtsy Lunge,Intermediate,Quadriceps,Quadriceps Femoris,Gluteus Maximus,,Barbell,1,None,0,Standing,Double Arm,Continuous,Pronated,Back Rack,No Elevation,Single Exercise,Knee Dominant,,,Frontal Plane,,,Lower Body,Push,Compound,Unilateral,Bodybuilding
Barbell Zercher Curtsy Lunge,Advanced,Quadriceps,Quadriceps Femoris,Gluteus Maximus,,Barbell,1,None,0,Standing,Double Arm,Continuous,No Grip,Zercher,No Elevation,Single Exercise,Knee Dominant,,,Frontal Plane,,,Lower Body,Push,Compound,Unilateral,Bodybuilding
Double Kettlebell Suitcase Curtsy Lunge,Novice,Quadriceps,Quadriceps Femoris,Gluteus Maximus,,Kettlebell,2,None,0,Standing,Double Arm,Continuous,Neutral,Suitcase,No Elevation,Single Exercise,Knee Dominant,,,Frontal Plane,,,Lower Body,Push,Compound,Unilateral,Bodybuilding
Double Kettlebell Overhead Curtsy Lunge,Intermediate,Quadriceps,Quadriceps Femoris,Gluteus Maximus,,Kettlebell,2,None,0,Standing,Double Arm,Continuous,Pronated,Overhead,No Elevation,Single Exercise,Knee Dominant,,,Frontal Plane,,,Lower Body,Push,Compound,Unilateral,Bodybuilding
Double Kettlebell Bottoms Up Front Rack Curtsy Lunge,Intermediate,Quadriceps,Quadriceps Femoris,Gluteus Maximus,,Kettlebell,2,None,0,Standing,Double Arm,Continuous,Bottoms Up,Front Rack,No Elevation,Single Exercise,Knee Dominant,,,Frontal Plane,,,Lower Body,Push,Compound,Unilateral,Bodybuilding
Double Kettlebell Bottoms Up Overhead Curtsy Lunge,Advanced,Quadriceps,Quadriceps Femoris,Gluteus Maximus,,Kettlebell,2,None,0,Standing,Double Arm,Continuous,Bottoms Up,Overhead,No Elevation,Single Exercise,Knee Dominant,,,Frontal Plane,,,Lower Body,Push,Compound,Unilateral,Bodybuilding
Single Arm Kettlebell Front Rack Contralateral Curtsy Lunge,Novice,Quadriceps,Quadriceps Femoris,Gluteus Maximus,,Kettlebell,1,None,0,Standing,Single Arm,Continuous,Neutral,Front Rack,No Elevation,Single Exercise,Knee Dominant,,,Frontal Plane,,,Lower Body,Push,Compound,Contralateral,Bodybuilding
Single Arm Kettlebell Suitcase Contralateral Curtsy Lunge,Novice,Quadriceps,Quadriceps Femoris,Gluteus Maximus,,Kettlebell,1,None,0,Standing,Single Arm,Continuous,Neutral,Suitcase,No Elevation,Single Exercise,Knee Dominant,,,Frontal Plane,,,Lower Body,Push,Compound,Contralateral,Bodybuilding
Single Arm Kettlebell Overhead Contralateral Curtsy Lunge,Intermediate,Quadriceps,Quadriceps Femoris,Gluteus Maximus,,Kettlebell,1,None,0,Standing,Single Arm,Continuous,Pronated,Overhead,No Elevation,Single Exercise,Knee Dominant,,,Frontal Plane,,,Lower Body,Push,Compound,Contralateral,Bodybuilding
Single Arm Kettlebell Bottoms Up Overhead Contralateral Curtsy Lunge,Advanced,Quadriceps,Quadriceps Femoris,Gluteus Maximus,,Kettlebell,1,None,0,Standing,Single Arm,Continuous,Bottoms Up,Overhead,No Elevation,Single Exercise,Knee Dominant,,,Frontal Plane,,,Lower Body,Push,Compound,Contralateral,Bodybuilding
Single Arm Kettlebell Bottoms Up Front Rack Contralateral Curtsy Lunge,Intermediate,Quadriceps,Quadriceps Femoris,Gluteus Maximus,,Kettlebell,1,None,0,Standing,Single Arm,Continuous,Bottoms Up,Front Rack,No Elevation,Single Exercise,Knee Dominant,,,Frontal Plane,,,Lower Body,Push,Compound,Contralateral,Bodybuilding
Double Dumbbell Front Rack Curtsy Lunge,Novice,Quadriceps,Quadriceps Femoris,Gluteus Maximus,,Dumbbell,2,None,0,Standing,Double Arm,Continuous,Neutral,Front Rack,No Elevation,Single Exercise,Knee Dominant,,,Frontal Plane,,,Lower Body,Push,Compound,Unilateral,Bodybuilding
Double Dumbbell Suitcase Curtsy Lunge,Novice,Quadriceps,Quadriceps Femoris,Gluteus Maximus,,Dumbbell,2,None,0,Standing,Double Arm,Continuous,Neutral,Suitcase,No Elevation,Single Exercise,Knee Dominant,,,Frontal Plane,,,Lower Body,Push,Compound,Unilateral,Bodybuilding
Double Dumbbell Overhead Curtsy Lunge,Intermediate,Quadriceps,Quadriceps Femoris,Gluteus Maximus,,Dumbbell,2,None,0,Standing,Double Arm,Continuous,Neutral,Overhead,No Elevation,Single Exercise,Knee Dominant,,,Frontal Plane,,,Lower Body,Push,Compound,Unilateral,Bodybuilding
Single Arm Dumbbell Front Rack Contralateral Curtsy Lunge,Novice,Quadriceps,Quadriceps Femoris,Gluteus Maximus,,Dumbbell,1,None,0,Standing,Single Arm,Continuous,Neutral,Front Rack,No Elevation,Single Exercise,Knee Dominant,,,Frontal Plane,,,Lower Body,Push,Compound,Contralateral,Bodybuilding
Single Arm Dumbbell Suitcase Contralateral Curtsy Lunge,Novice,Quadriceps,Quadriceps Femoris,Gluteus Maximus,,Dumbbell,1,None,0,Standing,Single Arm,Continuous,Neutral,Suitcase,No Elevation,Single Exercise,Knee Dominant,,,Frontal Plane,,,Lower Body,Push,Compound,Contralateral,Bodybuilding
Single Arm Dumbbell Overhead Contralateral Curtsy Lunge,Intermediate,Quadriceps,Quadriceps Femoris,Gluteus Maximus,,Dumbbell,1,None,0,Standing,Single Arm,Continuous,Neutral,Overhead,No Elevation,Single Exercise,Knee Dominant,,,Frontal Plane,,,Lower Body,Push,Compound,Contralateral,Bodybuilding
Dumbbell Goblet Curtsy Lunge,Novice,Quadriceps,Quadriceps Femoris,Gluteus Maximus,,Dumbbell,1,None,0,Standing,Double Arm,Continuous,Goblet,Front Rack,No Elevation,Single Exercise,Knee Dominant,,,Frontal Plane,,,Lower Body,Push,Compound,Unilateral,Bodybuilding
Kettlebell Horn Grip Curtsy Lunge,Novice,Quadriceps,Quadriceps Femoris,Gluteus Maximus,,Kettlebell,1,None,0,Standing,Double Arm,Continuous,Horn Grip,Front Rack,No Elevation,Single Exercise,Knee Dominant,,,Frontal Plane,,,Lower Body,Push,Compound,Unilateral,Bodybuilding
Kettlebell Goblet Curtsy Lunge,Novice,Quadriceps,Quadriceps Femoris,Gluteus Maximus,,Kettlebell,1,None,0,Standing,Double Arm,Continuous,Goblet,Front Rack,No Elevation,Single Exercise,Knee Dominant,,,Frontal Plane,,,Lower Body,Push,Compound,Unilateral,Bodybuilding
Clubbell Order Curtsy Lunge,Novice,Quadriceps,Quadriceps Femoris,Gluteus Maximus,,Clubbell,1,None,0,Standing,Double Arm,Continuous,Neutral,Order,No Elevation,Single Exercise,Knee Dominant,,,Frontal Plane,,,Lower Body,Push,Compound,Unilateral,Bodybuilding
Double Clubbell Order Curtsy Lunge,Novice,Quadriceps,Quadriceps Femoris,Gluteus Maximus,,Clubbell,2,None,0,Standing,Double Arm,Continuous,Neutral,Order,No Elevation,Single Exercise,Knee Dominant,,,Frontal Plane,,,Lower Body,Push,Compound,Unilateral,Bodybuilding
Single Arm Clubbell Order Contralateral Curtsy Lunge,Novice,Quadriceps,Quadriceps Femoris,Gluteus Maximus,,Clubbell,1,None,0,Standing,Single Arm,Continuous,Neutral,Order,No Elevation,Single Exercise,Knee Dominant,,,Frontal Plane,,,Lower Body,Push,Compound,Contralateral,Bodybuilding
Macebell Order Curtsy Lunge,Novice,Quadriceps,Quadriceps Femoris,Gluteus Maximus,,Macebell,1,None,0,Standing,Double Arm,Continuous,Neutral,Order,No Elevation,Single Exercise,Knee Dominant,,,Frontal Plane,,,Lower Body,Push,Compound,Unilateral,Bodybuilding
Single Arm Macebell Order Contralateral Curtsy Lunge,Novice,Quadriceps,Quadriceps Femoris,Gluteus Maximus,,Macebell,1,None,0,Standing,Single Arm,Continuous,Neutral,Order,No Elevation,Single Exercise,Knee Dominant,,,Frontal Plane,,,Lower Body,Push,Compound,Contralateral,Bodybuilding
Bodyweight Curtsy Lunge,Beginner,Quadriceps,Quadriceps Femoris,Gluteus Maximus,,Bodyweight,1,None,0,Standing,No Arms,Continuous,No Grip,No Load,No Elevation,Single Exercise,Knee Dominant,,,Frontal Plane,,,Lower Body,Push,Compound,Unilateral,Calisthenics
Plate Overhead Curtsy Lunge,Intermediate,Quadriceps,Quadriceps Femoris,Gluteus Maximus,,Weight Plate,1,None,0,Standing,Double Arm,Continuous,Neutral,Overhead,No Elevation,Single Exercise,Knee Dominant,,,Frontal Plane,,,Lower Body,Push,Compound,Unilateral,Bodybuilding
Sandbag Front Rack Curtsy Lunge,Novice,Quadriceps,Quadriceps Femoris,Gluteus Maximus,,Sandbag,1,None,0,Standing,Double Arm,Continuous,Neutral,Front Rack,No Elevation,Single Exercise,Knee Dominant,,,Frontal Plane,,,Lower Body,Push,Compound,Unilateral,Bodybuilding
Sandbag Back Rack Curtsy Lunge,Novice,Quadriceps,Quadriceps Femoris,Gluteus Maximus,,Sandbag,1,None,0,Standing,Double Arm,Continuous,Neutral,Back Rack,No Elevation,Single Exercise,Knee Dominant,,,Frontal Plane,,,Lower Body,Push,Compound,Unilateral,Bodybuilding
Single Arm Kettlebell Front Rack Ipsilateral Curtsy Lunge,Novice,Quadriceps,Quadriceps Femoris,Gluteus Maximus,,Kettlebell,1,None,0,Standing,Single Arm,Continuous,Neutral,Front Rack,No Elevation,Single Exercise,Knee Dominant,,,Frontal Plane,,,Lower Body,Push,Compound,Ipsilateral,Bodybuilding
Single Arm Kettlebell Suitcase Ipsilateral Curtsy Lunge,Novice,Quadriceps,Quadriceps Femoris,Gluteus Maximus,,Kettlebell,1,None,0,Standing,Single Arm,Continuous,Neutral,Suitcase,No Elevation,Single Exercise,Knee Dominant,,,Frontal Plane,,,Lower Body,Push,Compound,Ipsilateral,Bodybuilding
Single Arm Kettlebell Overhead Ipsilateral Curtsy Lunge,Intermediate,Quadriceps,Quadriceps Femoris,Gluteus Maximus,,Kettlebell,1,None,0,Standing,Single Arm,Continuous,Pronated,Overhead,No Elevation,Single Exercise,Knee Dominant,,,Frontal Plane,,,Lower Body,Push,Compound,Ipsilateral,Bodybuilding
Single Arm Kettlebell Bottoms Up Overhead Ipsilateral Curtsy Lunge,Advanced,Quadriceps,Quadriceps Femoris,Gluteus Maximus,,Kettlebell,1,None,0,Standing,Single Arm,Continuous,Bottoms Up,Overhead,No Elevation,Single Exercise,Knee Dominant,,,Frontal Plane,,,Lower Body,Push,Compound,Ipsilateral,Bodybuilding
Single Arm Kettlebell Bottoms Up Front Rack Ipsilateral Curtsy Lunge,Intermediate,Quadriceps,Quadriceps Femoris,Gluteus Maximus,,Kettlebell,1,None,0,Standing,Single Arm,Continuous,Bottoms Up,Front Rack,No Elevation,Single Exercise,Knee Dominant,,,Frontal Plane,,,Lower Body,Push,Compound,Ipsilateral,Bodybuilding
Single Arm Dumbbell Front Rack Ipsilateral Curtsy Lunge,Novice,Quadriceps,Quadriceps Femoris,Gluteus Maximus,,Dumbbell,1,None,0,Standing,Single Arm,Continuous,Neutral,Front Rack,No Elevation,Single Exercise,Knee Dominant,,,Frontal Plane,,,Lower Body,Push,Compound,Ipsilateral,Bodybuilding
Single Arm Dumbbell Suitcase Ipsilateral Curtsy Lunge,Novice,Quadriceps,Quadriceps Femoris,Gluteus Maximus,,Dumbbell,1,None,0,Standing,Single Arm,Continuous,Neutral,Suitcase,No Elevation,Single Exercise,Knee Dominant,,,Frontal Plane,,,Lower Body,Push,Compound,Ipsilateral,Bodybuilding
Single Arm Dumbbell Overhead Ipsilateral Curtsy Lunge,Intermediate,Quadriceps,Quadriceps Femoris,Gluteus Maximus,,Dumbbell,1,None,0,Standing,Single Arm,Continuous,Neutral,Overhead,No Elevation,Single Exercise,Knee Dominant,,,Frontal Plane,,,Lower Body,Push,Compound,Ipsilateral,Bodybuilding
Single Arm Clubbell Order Ipsilateral Curtsy Lunge,Novice,Quadriceps,Quadriceps Femoris,Gluteus Maximus,,Clubbell,1,None,0,Standing,Single Arm,Continuous,Neutral,Order,No Elevation,Single Exercise,Knee Dominant,,,Frontal Plane,,,Lower Body,Push,Compound,Ipsilateral,Bodybuilding
Single Arm Macebell Order Ipsilateral Curtsy Lunge,Novice,Quadriceps,Quadriceps Femoris,Gluteus Maximus,,Macebell,1,None,0,Standing,Single Arm,Continuous,Neutral,Order,No Elevation,Single Exercise,Knee Dominant,,,Frontal Plane,,,Lower Body,Push,Compound,Ipsilateral,Bodybuilding
Single Arm Dumbbell Knee Supported Tricep Kickback,Beginner,Triceps,Triceps Brachii,,,Dumbbell,1,Bench (Flat),1,Knee Supported,Single Arm,Continuous,Neutral,Other,No Elevation,Single Exercise,Elbow Extension,,,Sagittal Plane,,,Upper Body,Push,Isolation,Unilateral,Bodybuilding
Double Dumbbell Incline Bench Prone Tricep Kickback,Beginner,Triceps,Triceps Brachii,,,Dumbbell,2,Bench (Incline),1,Prone,Double Arm,Continuous,Neutral,Other,No Elevation,Single Exercise,Elbow Extension,,,Sagittal Plane,,,Upper Body,Push,Isolation,Bilateral,Bodybuilding
Single Arm Cable Tricep Kickback,Beginner,Triceps,Triceps Brachii,,,Cable,1,None,0,Standing,Single Arm,Continuous,Neutral,Other,No Elevation,Single Exercise,Elbow Extension,,,Sagittal Plane,,,Upper Body,Push,Isolation,Unilateral,Bodybuilding
Single Arm Dumbbell Tricep Kickback,Beginner,Triceps,Triceps Brachii,,,Dumbbell,1,None,0,Standing,Single Arm,Continuous,Neutral,Other,No Elevation,Single Exercise,Elbow Extension,,,Sagittal Plane,,,Upper Body,Push,Isolation,Unilateral,Bodybuilding
Kettlebell Horn Grip Carry,Beginner,Abdominals,Rectus Abdominis,,,Kettlebell,1,None,0,Walking,Double Arm,Continuous,Horn Grip,Front Rack,No Elevation,Single Exercise,Loaded Carry,,,Sagittal Plane,,,Full Body,Other,Compound,Bilateral,Unsorted*
Kettlebell Goblet Carry,Beginner,Abdominals,Rectus Abdominis,,,Kettlebell,1,None,0,Walking,Double Arm,Continuous,Goblet,Front Rack,No Elevation,Single Exercise,Loaded Carry,,,Sagittal Plane,,,Full Body,Other,Compound,Bilateral,Unsorted*
Dumbbell Goblet Carry,Beginner,Abdominals,Rectus Abdominis,,,Dumbbell,1,None,0,Walking,Double Arm,Continuous,Goblet,Front Rack,No Elevation,Single Exercise,Loaded Carry,,,Sagittal Plane,,,Full Body,Other,Compound,Bilateral,Unsorted*
Ring Pseudo Planche Push Up,Expert,Chest,Pectoralis Major,Anterior Deltoids,,Gymnastic Rings,2,None,0,Prone,Double Arm,Continuous,Neutral,No Load,No Elevation,Single Exercise,Horizontal Push,,,Sagittal Plane,,,Upper Body,Push,Compound,Bilateral,Calisthenics
Double Kettlebell Dead Snatch,Intermediate,Glutes,Gluteus Maximus,Anterior Deltoids,,Kettlebell,2,None,0,Standing,Double Arm,Continuous,Pronated,Overhead,No Elevation,Single Exercise,Hip Hinge,,,Sagittal Plane,,,Full Body,Unsorted*,Compound,Bilateral,Ballistics
Single Arm Kettlebell Dead Half Snatch,Intermediate,Glutes,Gluteus Maximus,Anterior Deltoids,,Kettlebell,1,None,0,Standing,Single Arm,Continuous,Pronated,Overhead,No Elevation,Single Exercise,Hip Hinge,,,Sagittal Plane,,,Full Body,Unsorted*,Compound,Unilateral,Ballistics
Alternating Single Arm Kettlebell Dead Half Snatch,Intermediate,Glutes,Gluteus Maximus,Anterior Deltoids,,Kettlebell,1,None,0,Standing,Single Arm,Alternating,Pronated,Overhead,No Elevation,Single Exercise,Hip Hinge,,,Sagittal Plane,,,Full Body,Unsorted*,Compound,Unilateral,Ballistics
Alternating Single Arm Kettlebell Start Stop Snatch,Intermediate,Glutes,Gluteus Maximus,Anterior Deltoids,,Kettlebell,1,None,0,Standing,Single Arm,Alternating,Pronated,Overhead,No Elevation,Single Exercise,Hip Hinge,,,Sagittal Plane,,,Full Body,Unsorted*,Compound,Unilateral,Ballistics
Single Arm Kettlebell Start Stop Snatch,Intermediate,Glutes,Gluteus Maximus,Anterior Deltoids,,Kettlebell,1,None,0,Standing,Single Arm,Continuous,Pronated,Overhead,No Elevation,Single Exercise,Hip Hinge,,,Sagittal Plane,,,Full Body,Unsorted*,Compound,Unilateral,Ballistics
Double Kettlebell Start Stop Snatch,Intermediate,Glutes,Gluteus Maximus,Anterior Deltoids,,Kettlebell,2,None,0,Standing,Double Arm,Continuous,Pronated,Overhead,No Elevation,Single Exercise,Hip Hinge,,,Sagittal Plane,,,Full Body,Unsorted*,Compound,Bilateral,Ballistics
Single Arm Kettlebell Start Stop Swing,Novice,Glutes,Gluteus Maximus,,,Kettlebell,1,None,0,Standing,Single Arm,Continuous,Pronated,Other,No Elevation,Single Exercise,Hip Hinge,,,Sagittal Plane,,,Full Body,Unsorted*,Compound,Unilateral,Ballistics
Alternating Single Arm Kettlebell Start Stop Swing,Novice,Glutes,Gluteus Maximus,,,Kettlebell,1,None,0,Standing,Single Arm,Alternating,Pronated,Other,No Elevation,Single Exercise,Hip Hinge,,,Sagittal Plane,,,Full Body,Unsorted*,Compound,Unilateral,Ballistics
Double Kettlebell Start Stop Swing,Novice,Glutes,Gluteus Maximus,,,Kettlebell,2,None,0,Standing,Double Arm,Continuous,Pronated,Other,No Elevation,Single Exercise,Hip Hinge,,,Sagittal Plane,,,Full Body,Unsorted*,Compound,Bilateral,Ballistics
Suspension Rotational Row,Intermediate,Back,Latissimus Dorsi,Biceps Brachii,Obliques,Suspension Trainer,1,None,0,Standing,Double Arm,Continuous,Neutral,No Load,No Elevation,Single Exercise,Rotational,Horizontal Pull,,Transverse Plane,,,Upper Body,Pull,Compound,Bilateral,Unsorted*
Suspension Skater Jump,Intermediate,Abductors,Gluteus Medius,Adductor Magnus,,Suspension Trainer,1,None,0,Single Leg Standing,Double Arm,Continuous,Neutral,No Load,No Elevation,Single Exercise,,,,Frontal Plane,,,Lower Body,Push,Compound,Unilateral,Plyometric
Double Kettlebell Start Stop Clean,Intermediate,Glutes,Gluteus Maximus,,,Kettlebell,2,None,0,Standing,Double Arm,Continuous,Neutral,Front Rack,No Elevation,Single Exercise,Hip Hinge,,,Sagittal Plane,,,Full Body,Unsorted*,Compound,Bilateral,Ballistics
Single Arm Kettlebell Start Stop Clean,Intermediate,Glutes,Gluteus Maximus,,,Kettlebell,1,None,0,Standing,Single Arm,Continuous,Neutral,Front Rack,No Elevation,Single Exercise,Hip Hinge,,,Sagittal Plane,,,Full Body,Unsorted*,Compound,Unilateral,Ballistics
Alternating Single Arm Kettlebell Start Stop Clean,Intermediate,Glutes,Gluteus Maximus,,,Kettlebell,1,None,0,Standing,Single Arm,Alternating,Neutral,Front Rack,No Elevation,Single Exercise,Hip Hinge,,,Sagittal Plane,,,Full Body,Unsorted*,Compound,Unilateral,Ballistics
Clubbell Staggered Stance Rotational Swing,Intermediate,Abdominals,Obliques,Rectus Abdominis,Gluteus Maximus,Clubbell,1,None,0,Staggered Stance,Double Arm,Continuous,Neutral,Other,No Elevation,Single Exercise,Rotational,,,Transverse Plane,,,Full Body,Other,Compound,Bilateral,Unsorted*
Clubbell Staggered Stance Rotational Clean,Intermediate,Abdominals,Obliques,Rectus Abdominis,Gluteus Maximus,Clubbell,1,None,0,Staggered Stance,Double Arm,Continuous,Neutral,Order,No Elevation,Single Exercise,Rotational,,,Transverse Plane,,,Full Body,Other,Compound,Bilateral,Unsorted*
Clubbell Staggered Stance Rotational Clean to Forward Lunge,Advanced,Quadriceps,Quadriceps Femoris,Obliques,Gluteus Maximus,Clubbell,1,None,0,Staggered Stance,Double Arm,Continuous,Neutral,Order,No Elevation,Combo Exercise,Rotational,,,Transverse Plane,,,Full Body,Other,Compound,Bilateral,Unsorted*
Double Dumbbell Seated Shrug,Beginner,Trapezius,Upper Trapezius,,,Dumbbell,2,Bench (Flat),1,Seated,Double Arm,Continuous,Neutral,Suitcase,No Elevation,Single Exercise,Scapular Elevation,,,Sagittal Plane,,,Upper Body,Pull,Isolation,Bilateral,Bodybuilding
Double Kettlebell Seated Shrug,Beginner,Trapezius,Upper Trapezius,,,Kettlebell,2,Bench (Flat),1,Seated,Double Arm,Continuous,Neutral,Suitcase,No Elevation,Single Exercise,Scapular Elevation,,,Sagittal Plane,,,Upper Body,Pull,Isolation,Bilateral,Bodybuilding
Single Arm Landmine Split Snatch,Advanced,Shoulders,Anterior Deltoids,Gluteus Maximus,,Landmine,1,None,0,Staggered Stance,Single Arm,Continuous,Neutral,Overhead,No Elevation,Single Exercise,Vertical Push,,,Sagittal Plane,,,Full Body,Unsorted*,Compound,Unilateral,Unsorted*
Double Dumbbell Hang Power Clean,Intermediate,Glutes,Gluteus Maximus,,,Dumbbell,2,None,0,Standing,Double Arm,Continuous,Neutral,Front Rack,No Elevation,Single Exercise,Hip Hinge,,,Sagittal Plane,,,Full Body,Unsorted*,Compound,Bilateral,Ballistics
Slider Alternating Reach Push Up,Intermediate,Chest,Pectoralis Major,Triceps Brachii,,Sliders,1,None,0,Prone,Double Arm,Alternating,Flat Palm,No Load,No Elevation,Single Exercise,Horizontal Push,,,Sagittal Plane,,,Upper Body,Push,Compound,Unilateral,Unsorted*
Alternating Single Arm Landmine Z Press,Intermediate,Shoulders,Anterior Deltoids,,,Landmine,1,None,0,Seated Floor,Single Arm,Alternating,Neutral,Overhead,No Elevation,Single Exercise,Vertical Push,,,Sagittal Plane,,,Upper Body,Push,Compound,Unilateral,Bodybuilding
Slider Kettlebell Goblet Lateral Lunge,Novice,Adductors,Adductor Magnus,,,Sliders,1,Kettlebell,1,Standing,Double Arm,Continuous,Goblet,Front Rack,No Elevation,Single Exercise,Hip Adduction,,,Frontal Plane,,,Lower Body,Other,Compound,Unilateral,Bodybuilding
Slider Kneeling Alternating Reach Push Up,Novice,Chest,Pectoralis Major,Triceps Brachii,,Sliders,2,None,0,Kneeling,Double Arm,Alternating,Flat Palm,No Load,No Elevation,Single Exercise,Horizontal Push,,,Sagittal Plane,,,Upper Body,Push,Compound,Unilateral,Unsorted*
Single Arm Landmine Split Clean,Advanced,Quadriceps,Quadriceps Femoris,Gluteus Maximus,Obliques,Landmine,1,None,0,Staggered Stance,Single Arm,Continuous,Neutral,Other,No Elevation,Single Exercise,Knee Dominant,,,Sagittal Plane,,,Full Body,Unsorted*,Compound,Unilateral,Unsorted*
Double Dumbbell Squat Clean,Intermediate,Quadriceps,Quadriceps Femoris,Gluteus Maximus,,Dumbbell,2,None,0,Standing,Double Arm,Continuous,Neutral,Front Rack,No Elevation,Single Exercise,Knee Dominant,Hip Hinge,,Sagittal Plane,,,Full Body,Unsorted*,Compound,Bilateral,Ballistics
Double Dumbbell Hang Squat Clean,Intermediate,Quadriceps,Quadriceps Femoris,Gluteus Maximus,,Dumbbell,2,None,0,Standing,Double Arm,Continuous,Neutral,Front Rack,No Elevation,Single Exercise,Knee Dominant,Hip Hinge,,Sagittal Plane,,,Full Body,Unsorted*,Compound,Bilateral,Ballistics
Single Arm Landmine Split Jerk,Advanced,Shoulders,Anterior Deltoids,,,Landmine,1,None,0,Staggered Stance,Single Arm,Continuous,Neutral,Other,No Elevation,Single Exercise,Vertical Push,,,Sagittal Plane,,,Full Body,Unsorted*,Compound,Unilateral,Unsorted*
Single Arm Kettlebell Ipsilateral Forward Lunge Snatch,Advanced,Quadriceps,Quadriceps Femoris,Gluteus Maximus,Anterior Deltoids,Kettlebell,1,None,0,Standing,Single Arm,Continuous,Pronated,Overhead,No Elevation,Single Exercise,Knee Dominant,Hip Hinge,,Sagittal Plane,,,Full Body,Unsorted*,Compound,Ipsilateral,Ballistics
Clubbell Hammer Swing,Intermediate,Abdominals,Obliques,Anterior Deltoids,,Clubbell,1,None,0,Standing,Double Arm,Continuous,Neutral,Overhead,No Elevation,Single Exercise,Rotational,,,Sagittal Plane,,,Full Body,Unsorted*,Compound,Bilateral,Ballistics
Single Arm Clubbell Hammer Swing,Intermediate,Abdominals,Obliques,Anterior Deltoids,,Clubbell,1,None,0,Standing,Single Arm,Continuous,Neutral,Overhead,No Elevation,Single Exercise,Rotational,,,Sagittal Plane,,,Full Body,Unsorted*,Compound,Unilateral,Ballistics
Double Clubbell Hammer Swing,Intermediate,Abdominals,Obliques,Anterior Deltoids,,Clubbell,2,None,0,Standing,Double Arm,Continuous,Neutral,Overhead,No Elevation,Single Exercise,Rotational,,,Sagittal Plane,,,Full Body,Unsorted*,Compound,Bilateral,Ballistics
Single Arm Clubbell Inside Pullover,Novice,Back,Latissimus Dorsi,Posterior Deltoids,Triceps Brachii,Clubbell,1,None,0,Standing,Single Arm,Continuous,Neutral,Behind Back,No Elevation,Single Exercise,,,,Frontal Plane,,,Upper Body,Pull,Compound,Unilateral,Unsorted*
Single Arm Clubbell Outside Pullover,Novice,Back,Latissimus Dorsi,Posterior Deltoids,Triceps Brachii,Clubbell,1,None,0,Standing,Single Arm,Continuous,Neutral,Behind Back,No Elevation,Single Exercise,,,,Frontal Plane,,,Upper Body,Pull,Compound,Unilateral,Unsorted*
Barbell Split Clean,Expert,Glutes,Gluteus Maximus,Biceps Femoris,Quadriceps Femoris,Barbell,1,None,0,Staggered Stance,Double Arm,Continuous,Pronated,Front Rack,No Elevation,Single Exercise,Hip Hinge,,,Sagittal Plane,,,Full Body,Unsorted*,Compound,Unilateral,Olympic Weightlifting
Double Dumbbell Hang Split Clean,Intermediate,Quadriceps,Quadriceps Femoris,Gluteus Maximus,,Dumbbell,2,None,0,Staggered Stance,Double Arm,Continuous,Neutral,Front Rack,No Elevation,Single Exercise,Knee Dominant,Hip Hinge,,Sagittal Plane,,,Full Body,Unsorted*,Compound,Unilateral,Ballistics
Barbell Reverse Grip Incline Push Up,Beginner,Chest,Pectoralis Major,,,Barbell,1,None,1,Prone,Double Arm,Continuous,Supinated,No Load,No Elevation,Single Exercise,Horizontal Push,,,Sagittal Plane,,,Upper Body,Push,Compound,Bilateral,Calisthenics
Wall Ball Half Kneeling Lateral Toss,Novice,Abdominals,Obliques,Rectus Abdominis,,Wall Ball,1,None,0,Half Kneeling,Double Arm,Continuous,Neutral,Other,No Elevation,Single Exercise,Rotational,,,Transverse Plane,,,Midsection,Other,Compound,Unilateral,Unsorted*
Wall Ball Split Squat Isometric Lateral Toss,Intermediate,Abdominals,Obliques,Rectus Abdominis,Quadriceps Femoris,Wall Ball,1,None,0,Split Squat Isometric,Double Arm,Continuous,Neutral,Other,No Elevation,Single Exercise,Rotational,Isometric Hold,,Transverse Plane,,,Midsection,Other,Compound,Unilateral,Unsorted*
Single Arm Dumbbell Shrug,Beginner,Trapezius,Upper Trapezius,,,Dumbbell,1,None,0,Standing,Single Arm,Continuous,Neutral,Suitcase,No Elevation,Single Exercise,Scapular Elevation,,,Sagittal Plane,,,Upper Body,Pull,Isolation,Unilateral,Bodybuilding
Single Arm Dumbbell Tall Kneeling Shrug,Beginner,Trapezius,Upper Trapezius,,,Dumbbell,1,None,0,Tall Kneeling,Single Arm,Continuous,Neutral,Suitcase,No Elevation,Single Exercise,Scapular Elevation,,,Sagittal Plane,,,Upper Body,Pull,Isolation,Unilateral,Bodybuilding
Single Arm Dumbbell Seated Shrug,Beginner,Trapezius,Upper Trapezius,,,Dumbbell,1,Bench (Flat),1,Seated,Single Arm,Continuous,Neutral,Suitcase,No Elevation,Single Exercise,Scapular Elevation,,,Sagittal Plane,,,Upper Body,Pull,Isolation,Unilateral,Bodybuilding
Single Arm Kettlebell Shrug,Beginner,Trapezius,Upper Trapezius,,,Kettlebell,1,None,0,Standing,Single Arm,Continuous,Neutral,Suitcase,No Elevation,Single Exercise,Scapular Elevation,,,Sagittal Plane,,,Upper Body,Pull,Isolation,Unilateral,Bodybuilding
Single Arm Kettlebell Tall Kneeling Shrug,Beginner,Trapezius,Upper Trapezius,,,Kettlebell,1,None,0,Tall Kneeling,Single Arm,Continuous,Neutral,Suitcase,No Elevation,Single Exercise,Scapular Elevation,,,Sagittal Plane,,,Upper Body,Pull,Isolation,Unilateral,Bodybuilding
Single Arm Kettlebell Seated Shrug,Beginner,Trapezius,Upper Trapezius,,,Kettlebell,1,Bench (Flat),1,Seated,Single Arm,Continuous,Neutral,Suitcase,No Elevation,Single Exercise,Scapular Elevation,,,Sagittal Plane,,,Upper Body,Pull,Isolation,Unilateral,Bodybuilding
Single Arm Landmine Shrug,Novice,Trapezius,Upper Trapezius,,,Landmine,1,None,1,Standing,Single Arm,Continuous,Neutral,Suitcase,No Elevation,Single Exercise,Scapular Elevation,,,Sagittal Plane,,,Upper Body,Pull,Isolation,Unilateral,Bodybuilding
Single Arm Kettlebell Half Kneeling Half Snatch,Intermediate,Glutes,Gluteus Maximus,Anterior Deltoids,,Kettlebell,1,None,0,Half Kneeling,Single Arm,Continuous,Pronated,Overhead,No Elevation,Single Exercise,Hip Hinge,,,Sagittal Plane,,,Full Body,Unsorted*,Compound,Unilateral,Ballistics
Bodyweight Wall Facing Handstand Push Up,Expert,Shoulders,Anterior Deltoids,Triceps Brachii,,Bodyweight,1,None,0,Inverted,Double Arm,Continuous,Flat Palm,No Load,No Elevation,Single Exercise,Vertical Push,,,Sagittal Plane,,,Upper Body,Push,Compound,Bilateral,Calisthenics
Double Kettlebell Outside Snatch,Intermediate,Glutes,Gluteus Maximus,Anterior Deltoids,,Kettlebell,2,None,0,Standing,Double Arm,Continuous,Pronated,Overhead,No Elevation,Single Exercise,Hip Hinge,,,Sagittal Plane,,,Full Body,Unsorted*,Compound,Bilateral,Ballistics
Single Arm Kettlebell Outside Half Snatch,Intermediate,Glutes,Gluteus Maximus,Anterior Deltoids,,Kettlebell,1,None,0,Standing,Single Arm,Continuous,Pronated,Overhead,No Elevation,Single Exercise,Hip Hinge,,,Sagittal Plane,,,Full Body,Unsorted*,Compound,Unilateral,Ballistics
Single Arm Kettlebell Outside Snatch,Intermediate,Glutes,Gluteus Maximus,Anterior Deltoids,,Kettlebell,1,None,0,Standing,Single Arm,Continuous,Pronated,Overhead,No Elevation,Single Exercise,Hip Hinge,,,Sagittal Plane,,,Full Body,Unsorted*,Compound,Unilateral,Ballistics
Plate Seated Steering Wheel,Novice,Shoulders,Anterior Deltoids,,,Weight Plate,1,Bench (Flat),1,Seated,Double Arm,Continuous,Neutral,Other,No Elevation,Single Exercise,Isometric Hold,Rotational,,Frontal Plane,,,Upper Body,Unsorted*,Compound,Bilateral,Unsorted*
Single Arm Macebell Bull Whip,Intermediate,Shoulders,Posterior Deltoids,Rectus Abdominis,,Macebell,1,None,0,Staggered Stance,Single Arm,Continuous,Neutral,Behind Back,No Elevation,Single Exercise,Rotational,,,Transverse Plane,,,Upper Body,Pull,Compound,Unilateral,Ballistics
Single Arm Macebell Bull Whip to Mill,Advanced,Shoulders,Posterior Deltoids,Rectus Abdominis,,Macebell,1,None,0,Staggered Stance,Single Arm,Continuous,Neutral,Behind Back,No Elevation,Combo Exercise,Rotational,,,Transverse Plane,,,Upper Body,Pull,Compound,Unilateral,Ballistics
Double Dumbbell Incline Bench Prone Shrug,Beginner,Trapezius,Upper Trapezius,,,Dumbbell,2,Bench (Incline),1,Prone,Double Arm,Continuous,Neutral,Other,No Elevation,Single Exercise,Scapular Elevation,,,Sagittal Plane,,,Upper Body,Pull,Isolation,Bilateral,Bodybuilding
Double Kettlebell Incline Bench Prone Shrug,Beginner,Trapezius,Upper Trapezius,,,Kettlebell,2,Bench (Incline),1,Prone,Double Arm,Continuous,Neutral,Other,No Elevation,Single Exercise,Scapular Elevation,,,Sagittal Plane,,,Upper Body,Pull,Isolation,Bilateral,Bodybuilding
Single Arm Dumbbell Incline Bench Prone Shrug,Beginner,Trapezius,Upper Trapezius,,,Dumbbell,1,Bench (Incline),1,Prone,Single Arm,Continuous,Neutral,Other,No Elevation,Single Exercise,Scapular Elevation,,,Sagittal Plane,,,Upper Body,Pull,Isolation,Unilateral,Bodybuilding
Single Arm Kettlebell Incline Bench Prone Shrug,Beginner,Trapezius,Upper Trapezius,,,Kettlebell,1,Bench (Incline),1,Prone,Single Arm,Continuous,Neutral,Other,No Elevation,Single Exercise,Scapular Elevation,,,Sagittal Plane,,,Upper Body,Pull,Isolation,Unilateral,Bodybuilding
Double Kettlebell Bottoms Up Push Press,Intermediate,Shoulders,Anterior Deltoids,Triceps Brachii,,Kettlebell,2,None,0,Standing,Double Arm,Continuous,Bottoms Up,Overhead,No Elevation,Single Exercise,Vertical Push,,,Sagittal Plane,,,Upper Body,Push,Compound,Bilateral,Unsorted*
Alternating Double Kettlebell Bottoms Up Push Press,Intermediate,Shoulders,Anterior Deltoids,Triceps Brachii,,Kettlebell,2,None,0,Standing,Double Arm,Alternating,Bottoms Up,Overhead,No Elevation,Single Exercise,Vertical Push,,,Sagittal Plane,,,Upper Body,Push,Compound,Unilateral,Unsorted*
Alternating Double Kettlebell Bottoms Up Overhead Press,Intermediate,Shoulders,Anterior Deltoids,Triceps Brachii,,Kettlebell,2,None,0,Standing,Double Arm,Alternating,Bottoms Up,Overhead,No Elevation,Single Exercise,Vertical Push,,,Sagittal Plane,,,Upper Body,Push,Compound,Unilateral,Unsorted*
Double Kettlebell Bottoms Up Seesaw Overhead Press,Intermediate,Shoulders,Anterior Deltoids,Triceps Brachii,,Kettlebell,2,None,0,Standing,Double Arm,Alternating,Bottoms Up,Overhead,No Elevation,Single Exercise,Vertical Push,,,Sagittal Plane,,,Upper Body,Push,Compound,Unilateral,Unsorted*
Double Kettlebell Bottoms Up Half Kneeling Seesaw Overhead Press,Intermediate,Shoulders,Anterior Deltoids,Triceps Brachii,,Kettlebell,2,None,0,Half Kneeling,Double Arm,Alternating,Bottoms Up,Overhead,No Elevation,Single Exercise,Vertical Push,,,Sagittal Plane,,,Upper Body,Push,Compound,Unilateral,Bodybuilding
Double Kettlebell Seesaw Overhead Press,Novice,Shoulders,Anterior Deltoids,Triceps Brachii,,Kettlebell,2,None,0,Standing,Double Arm,Alternating,Pronated,Overhead,No Elevation,Single Exercise,Vertical Push,,,Sagittal Plane,,,Upper Body,Push,Compound,Unilateral,Bodybuilding
Double Kettlebell Half Kneeling Seesaw Overhead Press,Novice,Shoulders,Anterior Deltoids,Triceps Brachii,,Kettlebell,2,None,0,Half Kneeling,Double Arm,Alternating,Pronated,Overhead,No Elevation,Single Exercise,Vertical Push,,,Sagittal Plane,,,Upper Body,Push,Compound,Unilateral,Bodybuilding
Double Dumbbell Seesaw Bench Press,Beginner,Chest,Pectoralis Major,Triceps Brachii,,Dumbbell,2,Bench (Flat),1,Supine,Double Arm,Alternating,Pronated,Above Chest,No Elevation,Single Exercise,Horizontal Push,,,Sagittal Plane,,,Upper Body,Push,Compound,Unilateral,Bodybuilding
Double Dumbbell Seesaw Incline Bench Press,Beginner,Chest,Pectoralis Major,Triceps Brachii,,Dumbbell,2,Bench (Incline),1,Seated,Double Arm,Alternating,Pronated,Above Chest,No Elevation,Single Exercise,Horizontal Push,,,Sagittal Plane,,,Upper Body,Push,Compound,Unilateral,Bodybuilding
Double Dumbbell Seesaw Decline Bench Press,Beginner,Chest,Pectoralis Major,Triceps Brachii,,Dumbbell,2,Bench (Decline),1,Supine,Double Arm,Alternating,Pronated,Above Chest,No Elevation,Single Exercise,Horizontal Push,,,Sagittal Plane,,,Upper Body,Push,Compound,Unilateral,Bodybuilding
Double Dumbbell Seesaw Floor Press,Beginner,Chest,Pectoralis Major,Triceps Brachii,,Dumbbell,2,None,0,Supine,Double Arm,Alternating,Pronated,Above Chest,No Elevation,Single Exercise,Horizontal Push,,,Sagittal Plane,,,Upper Body,Push,Compound,Unilateral,Bodybuilding
Double Kettlebell Seesaw Bench Press,Beginner,Chest,Pectoralis Major,Triceps Brachii,,Kettlebell,2,Bench (Flat),1,Supine,Double Arm,Alternating,Pronated,Above Chest,No Elevation,Single Exercise,Horizontal Push,,,Sagittal Plane,,,Upper Body,Push,Compound,Unilateral,Bodybuilding
Double Kettlebell Seesaw Incline Bench Press,Beginner,Chest,Pectoralis Major,Triceps Brachii,,Kettlebell,2,Bench (Incline),1,Supine,Double Arm,Alternating,Pronated,Above Chest,No Elevation,Single Exercise,Horizontal Push,,,Sagittal Plane,,,Upper Body,Push,Compound,Unilateral,Bodybuilding
Double Kettlebell Seesaw Decline Bench Press,Beginner,Chest,Pectoralis Major,Triceps Brachii,,Kettlebell,2,Bench (Decline),1,Supine,Double Arm,Alternating,Pronated,Above Chest,No Elevation,Single Exercise,Horizontal Push,,,Sagittal Plane,,,Upper Body,Push,Compound,Unilateral,Bodybuilding
Double Kettlebell Seesaw Floor Press,Beginner,Chest,Pectoralis Major,Triceps Brachii,,Kettlebell,2,None,0,Supine,Double Arm,Alternating,Pronated,Above Chest,No Elevation,Single Exercise,Horizontal Push,,,Sagittal Plane,,,Upper Body,Push,Compound,Unilateral,Bodybuilding
Double Kettlebell Bottoms Up Seesaw Bench Press,Novice,Chest,Pectoralis Major,Triceps Brachii,,Kettlebell,2,Bench (Flat),1,Supine,Double Arm,Alternating,Bottoms Up,Above Chest,No Elevation,Single Exercise,Horizontal Push,,,Sagittal Plane,,,Upper Body,Push,Compound,Unilateral,Bodybuilding
Double Kettlebell Bottoms Up Seesaw Incline Bench Press,Novice,Chest,Pectoralis Major,Triceps Brachii,,Kettlebell,2,Bench (Incline),1,Supine,Double Arm,Alternating,Bottoms Up,Above Chest,No Elevation,Single Exercise,Horizontal Push,,,Sagittal Plane,,,Upper Body,Push,Compound,Unilateral,Bodybuilding
Double Kettlebell Bottoms Up Seesaw Decline Bench Press,Novice,Chest,Pectoralis Major,Triceps Brachii,,Kettlebell,2,Bench (Decline),1,Supine,Double Arm,Alternating,Bottoms Up,Above Chest,No Elevation,Single Exercise,Horizontal Push,,,Sagittal Plane,,,Upper Body,Push,Compound,Unilateral,Bodybuilding
Double Kettlebell Bottoms Up Seesaw Floor Press,Novice,Chest,Pectoralis Major,Triceps Brachii,,Kettlebell,2,None,0,Supine,Double Arm,Alternating,Bottoms Up,Above Chest,No Elevation,Single Exercise,Horizontal Push,,,Sagittal Plane,,,Upper Body,Push,Compound,Unilateral,Bodybuilding
Double Dumbbell Seesaw Overhead Press,Beginner,Shoulders,Anterior Deltoids,Triceps Brachii,,Dumbbell,2,None,0,Standing,Double Arm,Alternating,Neutral,Overhead,No Elevation,Single Exercise,Vertical Push,,,Sagittal Plane,,,Upper Body,Push,Compound,Unilateral,Bodybuilding
Double Dumbbell Tall Kneeling Seesaw Overhead Press,Novice,Shoulders,Anterior Deltoids,Triceps Brachii,Rectus Abdominis,Dumbbell,2,None,0,Tall Kneeling,Double Arm,Alternating,Neutral,Overhead,No Elevation,Single Exercise,Vertical Push,,,Sagittal Plane,,,Upper Body,Push,Compound,Unilateral,Bodybuilding
Double Dumbbell Half Kneeling Seesaw Overhead Press,Novice,Shoulders,Anterior Deltoids,Triceps Brachii,Rectus Abdominis,Dumbbell,2,None,0,Half Kneeling,Double Arm,Alternating,Neutral,Overhead,No Elevation,Single Exercise,Vertical Push,,,Sagittal Plane,,,Upper Body,Push,Compound,Unilateral,Bodybuilding
Double Dumbbell Seesaw Z Press,Novice,Shoulders,Anterior Deltoids,Triceps Brachii,,Dumbbell,2,None,0,Seated Floor,Double Arm,Alternating,Neutral,Overhead,No Elevation,Single Exercise,Vertical Push,,,Sagittal Plane,,,Upper Body,Push,Compound,Unilateral,Bodybuilding
Single Arm Kettlebell Snatch to Overhead Squat,Advanced,Quadriceps,Quadriceps Femoris,Gluteus Maximus,Biceps Femoris,Kettlebell,1,None,0,Standing,Single Arm,Continuous,Pronated,Overhead,No Elevation,Combo Exercise,Hip Hinge,Knee Dominant,,Sagittal Plane,,,Full Body,Unsorted*,Compound,Unilateral,Ballistics
Barbell Zercher Alternating Reverse Lunge,Advanced,Quadriceps,Quadriceps Femoris,Gluteus Maximus,,Barbell,1,None,0,Standing,Double Arm,Continuous,No Grip,Zercher,No Elevation,Single Exercise,Knee Dominant,,,Sagittal Plane,,,Lower Body,Push,Compound,Unilateral,Bodybuilding
Barbell Zercher Alternating Forward Lunge,Advanced,Quadriceps,Quadriceps Femoris,Gluteus Maximus,,Barbell,1,None,0,Standing,Double Arm,Continuous,No Grip,Zercher,No Elevation,Single Exercise,Knee Dominant,,,Sagittal Plane,,,Lower Body,Push,Compound,Unilateral,Bodybuilding
Barbell Zercher Walking Lunge,Advanced,Quadriceps,Quadriceps Femoris,Gluteus Maximus,,Barbell,1,None,0,Walking,Double Arm,Continuous,No Grip,Zercher,No Elevation,Single Exercise,Knee Dominant,,,Sagittal Plane,,,Lower Body,Push,Compound,Unilateral,Bodybuilding
Barbell Zercher Alternating Lateral Lunge,Advanced,Quadriceps,Quadriceps Femoris,Gluteus Maximus,,Barbell,1,None,0,Walking,Double Arm,Continuous,No Grip,Zercher,No Elevation,Single Exercise,Knee Dominant,,,Frontal Plane,,,Lower Body,Push,Compound,Unilateral,Bodybuilding
Slider Barbell Zercher Lateral Lunge,Advanced,Quadriceps,Quadriceps Femoris,Gluteus Maximus,,Sliders,1,Barbell,1,Standing,Double Arm,Continuous,No Grip,Zercher,No Elevation,Single Exercise,Knee Dominant,,,Frontal Plane,,,Lower Body,Push,Compound,Unilateral,Bodybuilding
Slider Barbell Zercher Reverse Lunge,Advanced,Quadriceps,Quadriceps Femoris,Gluteus Maximus,,Sliders,1,Barbell,1,Standing,Double Arm,Continuous,No Grip,Zercher,No Elevation,Single Exercise,Knee Dominant,,,Sagittal Plane,,,Lower Body,Push,Compound,Unilateral,Bodybuilding
Double Dumbbell Arnold Press,Beginner,Shoulders,Anterior Deltoids,Triceps Brachii,,Dumbbell,2,None,0,Standing,Double Arm,Continuous,Pronated,Overhead,No Elevation,Single Exercise,Vertical Push,,,Transverse Plane,Sagittal Plane,,Upper Body,Push,Compound,Bilateral,Bodybuilding
Alternating Double Dumbbell Arnold Press,Beginner,Shoulders,Anterior Deltoids,Triceps Brachii,,Dumbbell,2,None,0,Standing,Double Arm,Alternating,Pronated,Overhead,No Elevation,Single Exercise,Vertical Push,,,Transverse Plane,Sagittal Plane,,Upper Body,Push,Compound,Unilateral,Bodybuilding
Double Dumbbell Seated Arnold Press,Beginner,Shoulders,Anterior Deltoids,Triceps Brachii,,Dumbbell,2,Bench (Flat),1,Seated,Double Arm,Continuous,Pronated,Overhead,No Elevation,Single Exercise,Vertical Push,,,Transverse Plane,Sagittal Plane,,Upper Body,Push,Compound,Bilateral,Bodybuilding
Alternating Double Dumbbell Seated Arnold Press,Beginner,Shoulders,Anterior Deltoids,Triceps Brachii,,Dumbbell,2,Bench (Flat),1,Seated,Double Arm,Alternating,Pronated,Overhead,No Elevation,Single Exercise,Vertical Push,,,Transverse Plane,Sagittal Plane,,Upper Body,Push,Compound,Unilateral,Bodybuilding
Double Dumbbell Tall Kneeling Arnold Press,Beginner,Shoulders,Anterior Deltoids,Triceps Brachii,,Dumbbell,2,None,0,Tall Kneeling,Double Arm,Continuous,Pronated,Overhead,No Elevation,Single Exercise,Vertical Push,,,Transverse Plane,Sagittal Plane,,Upper Body,Push,Compound,Bilateral,Bodybuilding
Alternating Double Dumbbell Tall Kneeling Arnold Press,Beginner,Shoulders,Anterior Deltoids,Triceps Brachii,,Dumbbell,2,None,0,Tall Kneeling,Double Arm,Alternating,Pronated,Overhead,No Elevation,Single Exercise,Vertical Push,,,Transverse Plane,Sagittal Plane,,Upper Body,Push,Compound,Unilateral,Bodybuilding
EZ Bar Wide Grip Strict Bicep Curl,Novice,Biceps,Biceps Brachii,Brachialis,Brachioradialis,EZ Bar,1,None,0,Standing,Double Arm,Continuous,Supinated,Other,No Elevation,Single Exercise,Elbow Flexion,,,Sagittal Plane,,,Upper Body,Pull,Isolation,Bilateral,Bodybuilding
Barbell Squat Clean to Push Press,Expert,Shoulders,Anterior Deltoids,Triceps Brachii,Gluteus Maximus,Barbell,1,None,0,Standing,Double Arm,Continuous,Pronated,Overhead,No Elevation,Combo Exercise,Vertical Push,Hip Hinge,Knee Dominant,Sagittal Plane,,,Full Body,Push & Pull,Compound,Bilateral,Olympic Weightlifting
Barbell Squat Clean to Overhead Press,Expert,Shoulders,Anterior Deltoids,Triceps Brachii,Gluteus Maximus,Barbell,1,None,0,Standing,Double Arm,Continuous,Pronated,Overhead,No Elevation,Combo Exercise,Vertical Push,Hip Hinge,Knee Dominant,Sagittal Plane,,,Full Body,Push & Pull,Compound,Bilateral,Olympic Weightlifting
Barbell Power Clean to Front Rack Squat,Expert,Quadriceps,Quadriceps Femoris,Gluteus Maximus,,Barbell,1,None,0,Standing,Double Arm,Continuous,Pronated,Front Rack,No Elevation,Combo Exercise,Knee Dominant,Hip Hinge,,Sagittal Plane,,,Full Body,Push & Pull,Compound,Bilateral,Olympic Weightlifting
Barbell Hang Power Clean to Front Rack Squat,Advanced,Quadriceps,Quadriceps Femoris,Gluteus Maximus,,Barbell,1,None,0,Standing,Double Arm,Continuous,Pronated,Front Rack,No Elevation,Combo Exercise,Knee Dominant,Hip Hinge,,Sagittal Plane,,,Full Body,Push & Pull,Compound,Bilateral,Olympic Weightlifting
Barbell Hang Power Clean to Split Jerk,Advanced,Shoulders,Anterior Deltoids,Gluteus Maximus,,Barbell,1,None,0,Staggered Stance,Double Arm,Continuous,Pronated,Overhead,No Elevation,Combo Exercise,Vertical Push,Hip Hinge,,Sagittal Plane,,,Full Body,Push & Pull,Compound,Unilateral,Olympic Weightlifting
Barbell Hang Power Clean to Push Jerk,Advanced,Shoulders,Anterior Deltoids,Triceps Brachii,,Barbell,1,None,0,Standing,Double Arm,Continuous,Pronated,Overhead,No Elevation,Combo Exercise,Vertical Push,Hip Hinge,,Sagittal Plane,,,Full Body,Push & Pull,Compound,Bilateral,Olympic Weightlifting
Barbell Hang Power Clean to Push Press,Advanced,Shoulders,Anterior Deltoids,Triceps Brachii,,Barbell,1,None,0,Standing,Double Arm,Continuous,Pronated,Overhead,No Elevation,Combo Exercise,Hip Hinge,Vertical Push,,Sagittal Plane,,,Full Body,Push & Pull,Compound,Bilateral,Olympic Weightlifting
Barbell Hang Power Clean to Overhead Press,Advanced,Shoulders,Anterior Deltoids,Triceps Brachii,,Barbell,1,None,0,Standing,Double Arm,Continuous,Pronated,Overhead,No Elevation,Combo Exercise,Hip Hinge,Vertical Push,,Sagittal Plane,,,Full Body,Push & Pull,Compound,Bilateral,Olympic Weightlifting
Barbell Hang Squat Clean to Split Jerk,Advanced,Shoulders,Anterior Deltoids,Gluteus Maximus,,Barbell,1,None,0,Staggered Stance,Double Arm,Continuous,Pronated,Overhead,No Elevation,Combo Exercise,Vertical Push,Hip Hinge,Knee Dominant,Sagittal Plane,,,Full Body,Push & Pull,Compound,Unilateral,Olympic Weightlifting
Barbell Hang Squat Clean to Push Jerk,Advanced,Shoulders,Anterior Deltoids,Triceps Brachii,Gluteus Maximus,Barbell,1,None,0,Standing,Double Arm,Continuous,Pronated,Overhead,No Elevation,Combo Exercise,Vertical Push,Hip Hinge,Knee Dominant,Sagittal Plane,,,Full Body,Push & Pull,Compound,Bilateral,Olympic Weightlifting
Barbell Hang Squat Clean to Push Press,Advanced,Shoulders,Anterior Deltoids,Triceps Brachii,Gluteus Maximus,Barbell,1,None,0,Standing,Double Arm,Continuous,Pronated,Overhead,No Elevation,Combo Exercise,Vertical Push,Hip Hinge,Knee Dominant,Sagittal Plane,,,Full Body,Push & Pull,Compound,Bilateral,Olympic Weightlifting
Barbell Hang Squat Clean to Overhead Press,Advanced,Shoulders,Anterior Deltoids,Triceps Brachii,Gluteus Maximus,Barbell,1,None,0,Standing,Double Arm,Continuous,Pronated,Overhead,No Elevation,Combo Exercise,Vertical Push,Hip Hinge,Knee Dominant,Sagittal Plane,,,Full Body,Push & Pull,Compound,Bilateral,Olympic Weightlifting
Double Kettlebell Clean to Front Rack Squat,Intermediate,Quadriceps,Quadriceps Femoris,Gluteus Maximus,Biceps Femoris,Kettlebell,2,None,0,Standing,Double Arm,Continuous,Neutral,Front Rack,No Elevation,Combo Exercise,Hip Hinge,Knee Dominant,,Sagittal Plane,,,Full Body,Unsorted*,Compound,Bilateral,Ballistics
Double Kettlebell Clean to Push Press,Intermediate,Shoulders,Anterior Deltoids,Triceps Brachii,Gluteus Minimus,Kettlebell,2,None,0,Standing,Double Arm,Continuous,Pronated,Overhead,No Elevation,Combo Exercise,Hip Hinge,Vertical Push,,Sagittal Plane,,,Full Body,Unsorted*,Compound,Bilateral,Ballistics
Double Kettlebell Clean to Front Rack Alternating Forward Lunge,Intermediate,Quadriceps,Quadriceps Femoris,Gluteus Maximus,Biceps Femoris,Kettlebell,2,None,0,Standing,Double Arm,Continuous,Neutral,Front Rack,No Elevation,Combo Exercise,Hip Hinge,Knee Dominant,,Sagittal Plane,,,Full Body,Unsorted*,Compound,Unilateral,Ballistics
Double Kettlebell Glute Bridge Isometric Bench Press,Novice,Chest,Pectoralis Major,Triceps Brachii,Anterior Deltoids,Kettlebell,2,Bench (Flat),1,Bridge,Double Arm,Continuous,Pronated,Above Chest,No Elevation,Single Exercise,Horizontal Push,Isometric Hold,,Sagittal Plane,,,Full Body,Push,Compound,Bilateral,Bodybuilding
Ring Pelican Push Up,Expert,Chest,Pectoralis Major,Triceps Brachii,Biceps Brachii,Gymnastic Rings,2,None,0,Prone,Double Arm,Continuous,Supinated,No Load,No Elevation,Single Exercise,Horizontal Push,,,Sagittal Plane,,,Upper Body,Push,Compound,Bilateral,Calisthenics
Ring Feet Elevated Pelican Push Up,Expert,Chest,Pectoralis Major,Triceps Brachii,Biceps Brachii,Gymnastic Rings,2,Bench (Flat),1,Prone,Double Arm,Continuous,Supinated,No Load,Feet Elevated,Single Exercise,Horizontal Push,,,Sagittal Plane,,,Upper Body,Push,Compound,Bilateral,Calisthenics
Single Arm Dumbbell Front Raise,Beginner,Shoulders,Anterior Deltoids,Pectoralis Major,Biceps Brachii,Dumbbell,1,None,0,Standing,Single Arm,Continuous,Pronated,Other,No Elevation,Single Exercise,Shoulder Flexion,,,Sagittal Plane,,,Upper Body,Push,Isolation,Unilateral,Bodybuilding
Bodyweight Pivot Split Squat,Novice,Quadriceps,Quadriceps Femoris,,,Bodyweight,1,None,0,Split Squat,No Arms,Continuous,No Grip,No Load,No Elevation,Single Exercise,Rotational,Knee Dominant,,Transverse Plane,,,Lower Body,Push,Compound,Unilateral,Bodybuilding
Single Arm Kettlebell Clean to Thruster,Intermediate,Shoulders,Anterior Deltoids,Gluteus Maximus,Quadriceps Femoris,Kettlebell,1,None,0,Standing,Single Arm,Continuous,Neutral,Overhead,No Elevation,Combo Exercise,Hip Hinge,Vertical Push,Knee Dominant,Sagittal Plane,,,Full Body,Unsorted*,Compound,Unilateral,Unsorted*
Single Arm Kettlebell Clean to Push Press,Intermediate,Shoulders,Anterior Deltoids,Gluteus Maximus,,Kettlebell,1,None,0,Standing,Single Arm,Continuous,Pronated,Overhead,No Elevation,Combo Exercise,Hip Hinge,Vertical Push,,Sagittal Plane,,,Full Body,Unsorted*,Compound,Unilateral,Ballistics
Single Arm Kettlebell Clean to Push Jerk,Intermediate,Shoulders,Anterior Deltoids,Gluteus Maximus,,Kettlebell,1,None,0,Standing,Single Arm,Continuous,Pronated,Overhead,No Elevation,Combo Exercise,Hip Hinge,Vertical Push,,Sagittal Plane,,,Full Body,Unsorted*,Compound,Unilateral,Ballistics
Single Arm Kettlebell Clean to Front Rack Contralateral Forward Lunge,Intermediate,Quadriceps,Quadriceps Femoris,Gluteus Maximus,Biceps Femoris,Kettlebell,1,None,0,Standing,Single Arm,Continuous,Neutral,Front Rack,No Elevation,Combo Exercise,Hip Hinge,Knee Dominant,,Sagittal Plane,,,Full Body,Unsorted*,Compound,Contralateral,Ballistics
Single Arm Kettlebell Clean to Front Rack Squat,Intermediate,Quadriceps,Quadriceps Femoris,Gluteus Maximus,Biceps Femoris,Kettlebell,1,None,0,Standing,Single Arm,Continuous,Neutral,Front Rack,No Elevation,Combo Exercise,Hip Hinge,Knee Dominant,,Sagittal Plane,,,Full Body,Unsorted*,Compound,Unilateral,Ballistics
Landmine Pivot Split Squat,Intermediate,Quadriceps,Quadriceps Femoris,Obliques,,Landmine,1,None,0,Split Squat,Double Arm,Continuous,Neutral,Other,No Elevation,Single Exercise,Rotational,Knee Dominant,,Transverse Plane,,,Lower Body,Push,Compound,Unilateral,Bodybuilding
Double Kettlebell Overhead Pivot Split Squat,Intermediate,Quadriceps,Quadriceps Femoris,,,Kettlebell,2,None,0,Split Squat,Double Arm,Continuous,Pronated,Overhead,No Elevation,Single Exercise,Rotational,Knee Dominant,,Transverse Plane,,,Lower Body,Push,Compound,Unilateral,Bodybuilding
Single Arm Kettlebell Snatch to Overhead Ipsilateral Reverse Lunge,Advanced,Quadriceps,Quadriceps Femoris,Gluteus Maximus,Biceps Femoris,Kettlebell,1,None,0,Standing,Single Arm,Continuous,Pronated,Overhead,No Elevation,Combo Exercise,Hip Hinge,Knee Dominant,,Sagittal Plane,,,Full Body,Unsorted*,Compound,Ipsilateral,Ballistics
Single Arm Kettlebell Outside Snatch to Overhead Contralateral Reverse Lunge,Advanced,Quadriceps,Quadriceps Femoris,Gluteus Maximus,Biceps Femoris,Kettlebell,1,None,0,Standing,Single Arm,Continuous,Pronated,Overhead,No Elevation,Combo Exercise,Hip Hinge,Knee Dominant,,Sagittal Plane,,,Full Body,Unsorted*,Compound,Contralateral,Ballistics
Single Arm Kettlebell Outside Snatch to Overhead Ipsilateral Reverse Lunge,Advanced,Quadriceps,Quadriceps Femoris,Gluteus Maximus,Biceps Femoris,Kettlebell,1,None,0,Standing,Single Arm,Continuous,Pronated,Overhead,No Elevation,Combo Exercise,Hip Hinge,Knee Dominant,,Sagittal Plane,,,Full Body,Unsorted*,Compound,Ipsilateral,Ballistics
Double Kettlebell Outside Snatch to Overhead Alternating Reverse Lunge,Advanced,Quadriceps,Quadriceps Femoris,Gluteus Maximus,Biceps Femoris,Kettlebell,2,None,0,Standing,Double Arm,Continuous,Pronated,Overhead,No Elevation,Combo Exercise,Hip Hinge,Knee Dominant,,Sagittal Plane,,,Full Body,Unsorted*,Compound,Bilateral,Ballistics
Alternating Single Arm Kettlebell Outside Swing,Novice,Glutes,Gluteus Maximus,,,Kettlebell,1,None,0,Standing,Single Arm,Alternating,Neutral,Other,No Elevation,Single Exercise,Hip Hinge,,,Sagittal Plane,,,Full Body,Unsorted*,Compound,Unilateral,Ballistics
Kettlebell Half Kneeling Swing,Intermediate,Glutes,Gluteus Maximus,,,Kettlebell,1,None,0,Half Kneeling,Double Arm,Continuous,Pronated,Other,No Elevation,Single Exercise,Hip Hinge,,,Sagittal Plane,,,Full Body,Unsorted*,Compound,Unilateral,Ballistics
Heavy Sandbag Shoulder March,Intermediate,Abdominals,Rectus Abdominis,,,Heavy Sandbag,1,None,0,March,Single Arm,Continuous,Neutral,Shoulder,No Elevation,Single Exercise,,,,Sagittal Plane,,,Midsection,Other,Compound,Unilateral,Balance
Heavy Sandbag Bear Hug March,Intermediate,Abdominals,Rectus Abdominis,,,Heavy Sandbag,1,None,0,March,Double Arm,Continuous,Neutral,Bear Hug,No Elevation,Single Exercise,,,,Sagittal Plane,,,Midsection,Other,Compound,Unilateral,Balance
Heavy Sandbag Roll,Intermediate,Abdominals,Obliques,,,Heavy Sandbag,1,None,0,Supine,Double Arm,Continuous,Neutral,Bear Hug,No Elevation,Single Exercise,,,,Transverse Plane,,,Midsection,Other,Compound,Bilateral,Unsorted*
Heavy Sandbag Alternating Hang Shoulder Clean,Intermediate,Glutes,Gluteus Maximus,Biceps Femoris,Rectus Abdominis,Heavy Sandbag,1,None,0,Standing,Double Arm,Continuous,Neutral,Shoulder,No Elevation,Single Exercise,Hip Hinge,,,Sagittal Plane,,,Full Body,Other,Compound,Bilateral,Unsorted*
Heavy Sandbag Hang Shoulder Clean,Intermediate,Glutes,Gluteus Maximus,Biceps Femoris,Rectus Abdominis,Heavy Sandbag,1,None,0,Standing,Double Arm,Continuous,Neutral,Shoulder,No Elevation,Single Exercise,Hip Hinge,,,Sagittal Plane,,,Full Body,Other,Compound,Bilateral,Unsorted*
Kettlebell Dead Clean to Horn Grip Alternating Reverse Lunge,Intermediate,Quadriceps,Quadriceps Femoris,Gluteus Maximus,,Kettlebell,1,None,0,Standing,Double Arm,Continuous,Horn Grip,Front Rack,No Elevation,Combo Exercise,Knee Dominant,,,Sagittal Plane,,,Lower Body,Unsorted*,Compound,Unilateral,Ballistics
Kettlebell Dead Clean,Intermediate,Glutes,Gluteus Maximus,,,Kettlebell,1,None,0,Standing,Double Arm,Continuous,Horn Grip,Front Rack,No Elevation,Single Exercise,Hip Hinge,,,Sagittal Plane,,,Full Body,Unsorted*,Compound,Bilateral,Ballistics
Kettlebell Dead Clean to Overhead Press,Intermediate,Shoulders,Anterior Deltoids,Gluteus Maximus,,Kettlebell,1,None,0,Standing,Double Arm,Continuous,Horn Grip,Overhead,No Elevation,Single Exercise,Vertical Push,Hip Hinge,,Sagittal Plane,,,Full Body,Unsorted*,Compound,Bilateral,Ballistics
Clubbell Barbarian Alternating Forward Lunge,Novice,Quadriceps,Quadriceps Femoris,Posterior Deltoids,,Clubbell,1,None,0,Standing,Double Arm,Continuous,Neutral,Overhead,No Elevation,Single Exercise,Knee Dominant,,,Sagittal Plane,,,Full Body,Push & Pull,Compound,Unilateral,Unsorted*
Clubbell Barbarian Forward Lunge,Novice,Quadriceps,Quadriceps Femoris,Posterior Deltoids,,Clubbell,1,None,0,Standing,Double Arm,Continuous,Neutral,Overhead,No Elevation,Single Exercise,Knee Dominant,,,Sagittal Plane,,,Full Body,Push & Pull,Compound,Unilateral,Unsorted*
Macebell Barbarian Alternating Forward Lunge,Novice,Quadriceps,Quadriceps Femoris,Posterior Deltoids,,Macebell,1,None,0,Standing,Double Arm,Continuous,Neutral,Overhead,No Elevation,Single Exercise,Knee Dominant,,,Sagittal Plane,,,Full Body,Push & Pull,Compound,Unilateral,Unsorted*
Macebell Barbarian Forward Lunge,Novice,Quadriceps,Quadriceps Femoris,Posterior Deltoids,,Macebell,1,None,0,Standing,Double Arm,Continuous,Neutral,Overhead,No Elevation,Single Exercise,Knee Dominant,,,Sagittal Plane,,,Full Body,Push & Pull,Compound,Unilateral,Unsorted*
